[33520:49244:0513/151732.357:WARNING:chrome_main_delegate.cc(745)] This is Chrome version 128.0.6613.138 (not a warning)
[33520:35344:0513/151732.387:ERROR:google_update_settings.cc(265)] Failed opening key Software\Chromium to set usagestats; result: 5
[33520:49244:0513/151732.394:WARNING:account_consistency_mode_manager.cc(77)] Desktop Identity Consistency cannot be enabled as no OAuth client ID and client secret have been configured.
[33520:49244:0513/151734.117:WARNING:external_registry_loader_win.cc(232)] Error observing HKLM: 5
[33520:52624:0513/151734.119:WARNING:leveldb_database.cc(141)] Unable to open C:\Users\Danie\Unreal Projects\2027\repo\Ouract_WispCPP7VR-Core\WispCPP7VR Core\WispCPP7VR Core\WispCPP7VR\Saved\webcache_6613\Default\shared_proto_db\metadata: IO error: C:\Users\Danie\Unreal Projects\2027\repo\Ouract_WispCPP7VR-Core\WispCPP7VR Core\WispCPP7VR Core\WispCPP7VR\Saved\webcache_6613\Default\shared_proto_db\metadata/MANIFEST-000001: Unable to create sequential file (ChromeMethodBFE: 7::NewSequentialFile::1)
[33520:52624:0513/151734.121:WARNING:leveldb_database.cc(141)] Unable to open C:\Users\Danie\Unreal Projects\2027\repo\Ouract_WispCPP7VR-Core\WispCPP7VR Core\WispCPP7VR Core\WispCPP7VR\Saved\webcache_6613\Default\shared_proto_db\metadata: IO error: C:\Users\Danie\Unreal Projects\2027\repo\Ouract_WispCPP7VR-Core\WispCPP7VR Core\WispCPP7VR Core\WispCPP7VR\Saved\webcache_6613\Default\shared_proto_db\metadata/MANIFEST-000001: Unable to create sequential file (ChromeMethodBFE: 7::NewSequentialFile::1)
[33520:52624:0513/151734.124:WARNING:leveldb_database.cc(141)] Unable to open C:\Users\Danie\Unreal Projects\2027\repo\Ouract_WispCPP7VR-Core\WispCPP7VR Core\WispCPP7VR Core\WispCPP7VR\Saved\webcache_6613\Default\shared_proto_db\metadata: IO error: C:\Users\Danie\Unreal Projects\2027\repo\Ouract_WispCPP7VR-Core\WispCPP7VR Core\WispCPP7VR Core\WispCPP7VR\Saved\webcache_6613\Default\shared_proto_db\metadata/MANIFEST-000001: Unable to create sequential file (ChromeMethodBFE: 7::NewSequentialFile::1)
[33520:52624:0513/151734.126:WARNING:leveldb_database.cc(141)] Unable to open C:\Users\Danie\Unreal Projects\2027\repo\Ouract_WispCPP7VR-Core\WispCPP7VR Core\WispCPP7VR Core\WispCPP7VR\Saved\webcache_6613\Default\shared_proto_db\metadata: IO error: C:\Users\Danie\Unreal Projects\2027\repo\Ouract_WispCPP7VR-Core\WispCPP7VR Core\WispCPP7VR Core\WispCPP7VR\Saved\webcache_6613\Default\shared_proto_db\metadata/MANIFEST-000001: Unable to create sequential file (ChromeMethodBFE: 7::NewSequentialFile::1)
[33520:52624:0513/151734.367:WARNING:value_store_frontend.cc(47)] Reading ahfgeienlihckogmohjhadlkjgocpleb.alarms from  failed: IO error: .../MANIFEST-000001: Unable to create sequential file (ChromeMethodBFE: 7::NewSequentialFile::1)
[33520:52624:0513/151734.369:WARNING:value_store_frontend.cc(47)] Reading mhjfbmdgcfjbbpaeojofohoefgiehjai.alarms from  failed: IO error: .../MANIFEST-000001: Unable to create sequential file (ChromeMethodBFE: 7::NewSequentialFile::1)
[34584:30568:0513/151735.121:WARNING:frame_impl.cc(430)] virtual CefFrameImpl::SendProcessMessage sent to detached frame 5-CDF5802B3CF39CF51039857A6863D1ED will be ignored
[33520:49244:0513/151737.623:ERROR:device_event_log_impl.cc(196)] [15:17:37.616] USB: usb_service_win.cc:105 SetupDiGetDeviceProperty({{A45C254E-DF1C-4EFD-8020-67D146A850E0}, 6}) failed: Element not found. (0x490)
[33520:52760:0513/151737.648:WARNING:leveldb_database.cc(141)] Unable to open C:\Users\Danie\Unreal Projects\2027\repo\Ouract_WispCPP7VR-Core\WispCPP7VR Core\WispCPP7VR Core\WispCPP7VR\Saved\webcache_6613\Default\GCM Store\Encryption: IO error: C:\Users\Danie\Unreal Projects\2027\repo\Ouract_WispCPP7VR-Core\WispCPP7VR Core\WispCPP7VR Core\WispCPP7VR\Saved\webcache_6613\Default\GCM Store\Encryption/MANIFEST-000001: Unable to create sequential file (ChromeMethodBFE: 7::NewSequentialFile::1)
[33520:49244:0513/164500.111:ERROR:device_event_log_impl.cc(196)] [16:44:59.994] USB: usb_service_win.cc:105 SetupDiGetDeviceProperty({{A45C254E-DF1C-4EFD-8020-67D146A850E0}, 6}) failed: Element not found. (0x490)
[33520:27752:0513/175310.184:VERBOSE1:media_stream_manager.cc(1533)] MSPL::OnSpeedLimitChange({this=0000235C00156D40}, {new_limit=59})
[33520:27752:0513/175311.184:VERBOSE1:media_stream_manager.cc(1533)] MSPL::OnSpeedLimitChange({this=0000235C00156D40}, {new_limit=58})
[33520:27752:0513/175312.183:VERBOSE1:media_stream_manager.cc(1533)] MSPL::OnSpeedLimitChange({this=0000235C00156D40}, {new_limit=59})
[33520:27752:0513/175315.183:VERBOSE1:media_stream_manager.cc(1533)] MSPL::OnSpeedLimitChange({this=0000235C00156D40}, {new_limit=60})
[33520:27752:0513/175322.184:VERBOSE1:media_stream_manager.cc(1533)] MSPL::OnSpeedLimitChange({this=0000235C00156D40}, {new_limit=59})
[33520:27752:0513/175324.235:VERBOSE1:media_stream_manager.cc(1533)] MSPL::OnSpeedLimitChange({this=0000235C00156D40}, {new_limit=60})
[33520:27752:0513/175325.235:VERBOSE1:media_stream_manager.cc(1533)] MSPL::OnSpeedLimitChange({this=0000235C00156D40}, {new_limit=61})
[33520:49244:0513/175325.458:VERBOSE1:device_event_log_impl.cc(198)] [17:53:25.457] Display: EVENT: screen_win.cc:893 Displays updated, count: 2
[33520:49244:0513/175325.458:VERBOSE1:device_event_log_impl.cc(198)] [17:53:25.458] Display: EVENT: screen_win.cc:895 Display[1509992682] bounds=[0,0 1920x1080], workarea=[0,0 1920x1032], scale=1, rotation=0, panel_rotation=0 external detected
[33520:49244:0513/175325.458:VERBOSE1:device_event_log_impl.cc(198)] [17:53:25.458] Display: EVENT: screen_win.cc:895 Display[1090097103] bounds=[1920,0 1366x768], workarea=[1920,0 1366x768], scale=1, rotation=0, panel_rotation=0 external detected
[33520:49244:0513/175325.485:VERBOSE1:device_event_log_impl.cc(198)] [17:53:25.485] Display: EVENT: screen_win.cc:893 Displays updated, count: 2
[33520:49244:0513/175325.486:VERBOSE1:device_event_log_impl.cc(198)] [17:53:25.485] Display: EVENT: screen_win.cc:895 Display[1509992682] bounds=[0,0 1920x1080], workarea=[0,0 1920x1032], scale=1, rotation=0, panel_rotation=0 external detected
[33520:49244:0513/175325.486:VERBOSE1:device_event_log_impl.cc(198)] [17:53:25.485] Display: EVENT: screen_win.cc:895 Display[1090097103] bounds=[1920,0 1366x768], workarea=[1920,0 1366x768], scale=1, rotation=0, panel_rotation=0 external detected
[33520:27752:0513/175326.344:VERBOSE1:media_stream_manager.cc(1533)] MSPL::OnSpeedLimitChange({this=0000235C00156D40}, {new_limit=62})
[33520:49244:0513/175327.295:VERBOSE1:device_event_log_impl.cc(198)] [17:53:27.294] Display: EVENT: screen_win.cc:893 Displays updated, count: 2
[33520:49244:0513/175327.295:VERBOSE1:device_event_log_impl.cc(198)] [17:53:27.294] Display: EVENT: screen_win.cc:895 Display[1509992682] bounds=[0,0 1920x1080], workarea=[0,0 1920x1032], scale=1, rotation=0, panel_rotation=0 external detected
[33520:49244:0513/175327.295:VERBOSE1:device_event_log_impl.cc(198)] [17:53:27.294] Display: EVENT: screen_win.cc:895 Display[1090097103] bounds=[1920,0 1366x768], workarea=[1920,0 1366x768], scale=1, rotation=0, panel_rotation=0 external detected
[33520:27752:0513/175327.345:VERBOSE1:media_stream_manager.cc(1533)] MSPL::OnSpeedLimitChange({this=0000235C00156D40}, {new_limit=64})
[33520:27752:0513/175328.517:VERBOSE1:media_stream_manager.cc(1533)] MSPL::OnSpeedLimitChange({this=0000235C00156D40}, {new_limit=65})
[33520:27752:0513/175329.517:VERBOSE1:media_stream_manager.cc(1533)] MSPL::OnSpeedLimitChange({this=0000235C00156D40}, {new_limit=66})
[33520:27752:0513/175331.517:VERBOSE1:media_stream_manager.cc(1533)] MSPL::OnSpeedLimitChange({this=0000235C00156D40}, {new_limit=67})
[33520:27752:0513/175332.518:VERBOSE1:media_stream_manager.cc(1533)] MSPL::OnSpeedLimitChange({this=0000235C00156D40}, {new_limit=69})
[33520:27752:0513/175333.516:VERBOSE1:media_stream_manager.cc(1533)] MSPL::OnSpeedLimitChange({this=0000235C00156D40}, {new_limit=71})
[33520:49244:0513/175333.611:VERBOSE1:device_event_log_impl.cc(198)] [17:53:33.610] Display: EVENT: screen_win.cc:893 Displays updated, count: 2
[33520:49244:0513/175333.611:VERBOSE1:device_event_log_impl.cc(198)] [17:53:33.610] Display: EVENT: screen_win.cc:895 Display[1509992682] bounds=[0,0 1920x1080], workarea=[0,0 1920x1032], scale=1, rotation=0, panel_rotation=0 external detected
[33520:49244:0513/175333.611:VERBOSE1:device_event_log_impl.cc(198)] [17:53:33.610] Display: EVENT: screen_win.cc:895 Display[1090097103] bounds=[1920,0 1366x768], workarea=[1920,0 1366x768], scale=1, rotation=0, panel_rotation=0 external detected
[33520:27752:0513/175334.197:VERBOSE1:media_stream_manager.cc(1533)] MSPL::OnSpeedLimitChange({this=0000235C00156D40}, {new_limit=69})
[33520:27752:0513/175335.514:VERBOSE1:media_stream_manager.cc(1533)] MSPL::OnSpeedLimitChange({this=0000235C00156D40}, {new_limit=70})
[33520:27752:0513/175340.514:VERBOSE1:media_stream_manager.cc(1533)] MSPL::OnSpeedLimitChange({this=0000235C00156D40}, {new_limit=72})
[33520:27752:0513/175344.514:VERBOSE1:media_stream_manager.cc(1533)] MSPL::OnSpeedLimitChange({this=0000235C00156D40}, {new_limit=73})
[33520:27752:0513/175346.514:VERBOSE1:media_stream_manager.cc(1533)] MSPL::OnSpeedLimitChange({this=0000235C00156D40}, {new_limit=74})
[33520:27752:0513/175351.515:VERBOSE1:media_stream_manager.cc(1533)] MSPL::OnSpeedLimitChange({this=0000235C00156D40}, {new_limit=73})
[33520:27752:0513/175352.515:VERBOSE1:media_stream_manager.cc(1533)] MSPL::OnSpeedLimitChange({this=0000235C00156D40}, {new_limit=74})
[33520:27752:0513/175354.515:VERBOSE1:media_stream_manager.cc(1533)] MSPL::OnSpeedLimitChange({this=0000235C00156D40}, {new_limit=73})
[33520:27752:0513/175410.516:VERBOSE1:media_stream_manager.cc(1533)] MSPL::OnSpeedLimitChange({this=0000235C00156D40}, {new_limit=74})
[33520:27752:0513/175413.516:VERBOSE1:media_stream_manager.cc(1533)] MSPL::OnSpeedLimitChange({this=0000235C00156D40}, {new_limit=75})
[33520:27752:0513/175415.516:VERBOSE1:media_stream_manager.cc(1533)] MSPL::OnSpeedLimitChange({this=0000235C00156D40}, {new_limit=74})
[33520:27752:0513/175417.516:VERBOSE1:media_stream_manager.cc(1533)] MSPL::OnSpeedLimitChange({this=0000235C00156D40}, {new_limit=75})
[33520:27752:0513/175420.517:VERBOSE1:media_stream_manager.cc(1533)] MSPL::OnSpeedLimitChange({this=0000235C00156D40}, {new_limit=74})
[33520:27752:0513/175425.518:VERBOSE1:media_stream_manager.cc(1533)] MSPL::OnSpeedLimitChange({this=0000235C00156D40}, {new_limit=75})
[33520:27752:0513/175431.518:VERBOSE1:media_stream_manager.cc(1533)] MSPL::OnSpeedLimitChange({this=0000235C00156D40}, {new_limit=74})
[33520:27752:0513/175432.518:VERBOSE1:media_stream_manager.cc(1533)] MSPL::OnSpeedLimitChange({this=0000235C00156D40}, {new_limit=75})
[33520:27752:0513/175433.518:VERBOSE1:media_stream_manager.cc(1533)] MSPL::OnSpeedLimitChange({this=0000235C00156D40}, {new_limit=74})
[33520:27752:0513/175434.518:VERBOSE1:media_stream_manager.cc(1533)] MSPL::OnSpeedLimitChange({this=0000235C00156D40}, {new_limit=75})
[33520:27752:0513/175437.518:VERBOSE1:media_stream_manager.cc(1533)] MSPL::OnSpeedLimitChange({this=0000235C00156D40}, {new_limit=76})
[33520:27752:0513/175439.518:VERBOSE1:media_stream_manager.cc(1533)] MSPL::OnSpeedLimitChange({this=0000235C00156D40}, {new_limit=77})
[33520:27752:0513/175441.518:VERBOSE1:media_stream_manager.cc(1533)] MSPL::OnSpeedLimitChange({this=0000235C00156D40}, {new_limit=78})
[33520:27752:0513/175444.517:VERBOSE1:media_stream_manager.cc(1533)] MSPL::OnSpeedLimitChange({this=0000235C00156D40}, {new_limit=77})
[33520:27752:0513/175450.518:VERBOSE1:media_stream_manager.cc(1533)] MSPL::OnSpeedLimitChange({this=0000235C00156D40}, {new_limit=78})
[33520:27752:0513/175452.518:VERBOSE1:media_stream_manager.cc(1533)] MSPL::OnSpeedLimitChange({this=0000235C00156D40}, {new_limit=77})
[33520:27752:0513/175453.518:VERBOSE1:media_stream_manager.cc(1533)] MSPL::OnSpeedLimitChange({this=0000235C00156D40}, {new_limit=78})
[33520:27752:0513/175500.518:VERBOSE1:media_stream_manager.cc(1533)] MSPL::OnSpeedLimitChange({this=0000235C00156D40}, {new_limit=77})
[33520:27752:0513/175505.518:VERBOSE1:media_stream_manager.cc(1533)] MSPL::OnSpeedLimitChange({this=0000235C00156D40}, {new_limit=76})
[33520:27752:0513/175507.518:VERBOSE1:media_stream_manager.cc(1533)] MSPL::OnSpeedLimitChange({this=0000235C00156D40}, {new_limit=77})
[33520:27752:0513/175510.518:VERBOSE1:media_stream_manager.cc(1533)] MSPL::OnSpeedLimitChange({this=0000235C00156D40}, {new_limit=78})
[33520:27752:0513/175517.518:VERBOSE1:media_stream_manager.cc(1533)] MSPL::OnSpeedLimitChange({this=0000235C00156D40}, {new_limit=77})
[33520:27752:0513/175521.519:VERBOSE1:media_stream_manager.cc(1533)] MSPL::OnSpeedLimitChange({this=0000235C00156D40}, {new_limit=76})
[33520:27752:0513/175526.519:VERBOSE1:media_stream_manager.cc(1533)] MSPL::OnSpeedLimitChange({this=0000235C00156D40}, {new_limit=75})
[33520:27752:0513/175529.519:VERBOSE1:media_stream_manager.cc(1533)] MSPL::OnSpeedLimitChange({this=0000235C00156D40}, {new_limit=76})
[33520:27752:0513/175531.519:VERBOSE1:media_stream_manager.cc(1533)] MSPL::OnSpeedLimitChange({this=0000235C00156D40}, {new_limit=77})
[33520:27752:0513/175533.519:VERBOSE1:media_stream_manager.cc(1533)] MSPL::OnSpeedLimitChange({this=0000235C00156D40}, {new_limit=78})
[33520:27752:0513/175536.519:VERBOSE1:media_stream_manager.cc(1533)] MSPL::OnSpeedLimitChange({this=0000235C00156D40}, {new_limit=79})
[33520:27752:0513/175549.520:VERBOSE1:media_stream_manager.cc(1533)] MSPL::OnSpeedLimitChange({this=0000235C00156D40}, {new_limit=80})
[33520:27752:0513/175550.519:VERBOSE1:media_stream_manager.cc(1533)] MSPL::OnSpeedLimitChange({this=0000235C00156D40}, {new_limit=78})
[33520:27752:0513/175558.520:VERBOSE1:media_stream_manager.cc(1533)] MSPL::OnSpeedLimitChange({this=0000235C00156D40}, {new_limit=77})
[33520:27752:0513/175600.520:VERBOSE1:media_stream_manager.cc(1533)] MSPL::OnSpeedLimitChange({this=0000235C00156D40}, {new_limit=78})
[33520:27752:0513/175601.520:VERBOSE1:media_stream_manager.cc(1533)] MSPL::OnSpeedLimitChange({this=0000235C00156D40}, {new_limit=79})
[33520:27752:0513/175604.520:VERBOSE1:media_stream_manager.cc(1533)] MSPL::OnSpeedLimitChange({this=0000235C00156D40}, {new_limit=80})
[33520:27752:0513/175606.521:VERBOSE1:media_stream_manager.cc(1533)] MSPL::OnSpeedLimitChange({this=0000235C00156D40}, {new_limit=78})
[33520:27752:0513/175614.521:VERBOSE1:media_stream_manager.cc(1533)] MSPL::OnSpeedLimitChange({this=0000235C00156D40}, {new_limit=76})
[33520:27752:0513/175615.521:VERBOSE1:media_stream_manager.cc(1533)] MSPL::OnSpeedLimitChange({this=0000235C00156D40}, {new_limit=77})
[33520:27752:0513/175616.522:VERBOSE1:media_stream_manager.cc(1533)] MSPL::OnSpeedLimitChange({this=0000235C00156D40}, {new_limit=79})
[33520:27752:0513/175622.522:VERBOSE1:media_stream_manager.cc(1533)] MSPL::OnSpeedLimitChange({this=0000235C00156D40}, {new_limit=77})
[33520:27752:0513/175624.522:VERBOSE1:media_stream_manager.cc(1533)] MSPL::OnSpeedLimitChange({this=0000235C00156D40}, {new_limit=78})
[33520:27752:0513/175626.522:VERBOSE1:media_stream_manager.cc(1533)] MSPL::OnSpeedLimitChange({this=0000235C00156D40}, {new_limit=77})
[33520:27752:0513/175627.522:VERBOSE1:media_stream_manager.cc(1533)] MSPL::OnSpeedLimitChange({this=0000235C00156D40}, {new_limit=78})
[33520:27752:0513/175632.522:VERBOSE1:media_stream_manager.cc(1533)] MSPL::OnSpeedLimitChange({this=0000235C00156D40}, {new_limit=80})
[33520:27752:0513/175634.522:VERBOSE1:media_stream_manager.cc(1533)] MSPL::OnSpeedLimitChange({this=0000235C00156D40}, {new_limit=81})
[33520:27752:0513/175635.522:VERBOSE1:media_stream_manager.cc(1533)] MSPL::OnSpeedLimitChange({this=0000235C00156D40}, {new_limit=80})
[33520:27752:0513/175638.522:VERBOSE1:media_stream_manager.cc(1533)] MSPL::OnSpeedLimitChange({this=0000235C00156D40}, {new_limit=79})
[33520:27752:0513/175640.523:VERBOSE1:media_stream_manager.cc(1533)] MSPL::OnSpeedLimitChange({this=0000235C00156D40}, {new_limit=80})
[33520:27752:0513/175643.523:VERBOSE1:media_stream_manager.cc(1533)] MSPL::OnSpeedLimitChange({this=0000235C00156D40}, {new_limit=79})
[33520:27752:0513/175645.523:VERBOSE1:media_stream_manager.cc(1533)] MSPL::OnSpeedLimitChange({this=0000235C00156D40}, {new_limit=80})
[33520:27752:0513/175651.523:VERBOSE1:media_stream_manager.cc(1533)] MSPL::OnSpeedLimitChange({this=0000235C00156D40}, {new_limit=79})
[33520:27752:0513/175653.524:VERBOSE1:media_stream_manager.cc(1533)] MSPL::OnSpeedLimitChange({this=0000235C00156D40}, {new_limit=80})
[33520:27752:0513/175654.523:VERBOSE1:media_stream_manager.cc(1533)] MSPL::OnSpeedLimitChange({this=0000235C00156D40}, {new_limit=79})
[33520:27752:0513/175656.523:VERBOSE1:media_stream_manager.cc(1533)] MSPL::OnSpeedLimitChange({this=0000235C00156D40}, {new_limit=80})
[33520:27752:0513/175702.524:VERBOSE1:media_stream_manager.cc(1533)] MSPL::OnSpeedLimitChange({this=0000235C00156D40}, {new_limit=81})
[33520:27752:0513/175703.524:VERBOSE1:media_stream_manager.cc(1533)] MSPL::OnSpeedLimitChange({this=0000235C00156D40}, {new_limit=80})
[33520:27752:0513/175704.524:VERBOSE1:media_stream_manager.cc(1533)] MSPL::OnSpeedLimitChange({this=0000235C00156D40}, {new_limit=81})
[33520:27752:0513/175712.524:VERBOSE1:media_stream_manager.cc(1533)] MSPL::OnSpeedLimitChange({this=0000235C00156D40}, {new_limit=80})
[33520:27752:0513/175723.524:VERBOSE1:media_stream_manager.cc(1533)] MSPL::OnSpeedLimitChange({this=0000235C00156D40}, {new_limit=81})
[33520:27752:0513/175734.525:VERBOSE1:media_stream_manager.cc(1533)] MSPL::OnSpeedLimitChange({this=0000235C00156D40}, {new_limit=80})
[33520:27752:0513/175735.525:VERBOSE1:media_stream_manager.cc(1533)] MSPL::OnSpeedLimitChange({this=0000235C00156D40}, {new_limit=81})
[33520:27752:0513/175752.526:VERBOSE1:media_stream_manager.cc(1533)] MSPL::OnSpeedLimitChange({this=0000235C00156D40}, {new_limit=80})
[33520:27752:0513/175835.529:VERBOSE1:media_stream_manager.cc(1533)] MSPL::OnSpeedLimitChange({this=0000235C00156D40}, {new_limit=81})
[33520:27752:0513/175837.528:VERBOSE1:media_stream_manager.cc(1533)] MSPL::OnSpeedLimitChange({this=0000235C00156D40}, {new_limit=80})
[33520:27752:0513/175839.529:VERBOSE1:media_stream_manager.cc(1533)] MSPL::OnSpeedLimitChange({this=0000235C00156D40}, {new_limit=81})
[33520:27752:0513/175840.529:VERBOSE1:media_stream_manager.cc(1533)] MSPL::OnSpeedLimitChange({this=0000235C00156D40}, {new_limit=80})
[33520:27752:0513/175842.528:VERBOSE1:media_stream_manager.cc(1533)] MSPL::OnSpeedLimitChange({this=0000235C00156D40}, {new_limit=81})
[33520:27752:0513/175845.528:VERBOSE1:media_stream_manager.cc(1533)] MSPL::OnSpeedLimitChange({this=0000235C00156D40}, {new_limit=80})
[33520:27752:0513/175847.528:VERBOSE1:media_stream_manager.cc(1533)] MSPL::OnSpeedLimitChange({this=0000235C00156D40}, {new_limit=81})
[33520:27752:0513/175852.528:VERBOSE1:media_stream_manager.cc(1533)] MSPL::OnSpeedLimitChange({this=0000235C00156D40}, {new_limit=80})
[33520:27752:0513/175857.529:VERBOSE1:media_stream_manager.cc(1533)] MSPL::OnSpeedLimitChange({this=0000235C00156D40}, {new_limit=81})
[33520:27752:0513/175859.529:VERBOSE1:media_stream_manager.cc(1533)] MSPL::OnSpeedLimitChange({this=0000235C00156D40}, {new_limit=80})
[33520:27752:0513/175900.530:VERBOSE1:media_stream_manager.cc(1533)] MSPL::OnSpeedLimitChange({this=0000235C00156D40}, {new_limit=81})
[33520:27752:0513/175909.531:VERBOSE1:media_stream_manager.cc(1533)] MSPL::OnSpeedLimitChange({this=0000235C00156D40}, {new_limit=80})
[33520:27752:0513/175916.530:VERBOSE1:media_stream_manager.cc(1533)] MSPL::OnSpeedLimitChange({this=0000235C00156D40}, {new_limit=81})
[33520:27752:0513/175927.531:VERBOSE1:media_stream_manager.cc(1533)] MSPL::OnSpeedLimitChange({this=0000235C00156D40}, {new_limit=80})
[33520:27752:0513/175942.531:VERBOSE1:media_stream_manager.cc(1533)] MSPL::OnSpeedLimitChange({this=0000235C00156D40}, {new_limit=81})
[33520:27752:0513/180006.531:VERBOSE1:media_stream_manager.cc(1533)] MSPL::OnSpeedLimitChange({this=0000235C00156D40}, {new_limit=80})
[33520:27752:0513/180009.531:VERBOSE1:media_stream_manager.cc(1533)] MSPL::OnSpeedLimitChange({this=0000235C00156D40}, {new_limit=79})
[33520:27752:0513/180010.531:VERBOSE1:media_stream_manager.cc(1533)] MSPL::OnSpeedLimitChange({this=0000235C00156D40}, {new_limit=80})
[33520:27752:0513/180014.532:VERBOSE1:media_stream_manager.cc(1533)] MSPL::OnSpeedLimitChange({this=0000235C00156D40}, {new_limit=79})
[33520:27752:0513/180015.531:VERBOSE1:media_stream_manager.cc(1533)] MSPL::OnSpeedLimitChange({this=0000235C00156D40}, {new_limit=80})
[33520:27752:0513/180025.533:VERBOSE1:media_stream_manager.cc(1533)] MSPL::OnSpeedLimitChange({this=0000235C00156D40}, {new_limit=79})
[33520:27752:0513/180029.533:VERBOSE1:media_stream_manager.cc(1533)] MSPL::OnSpeedLimitChange({this=0000235C00156D40}, {new_limit=78})
[33520:27752:0513/180030.533:VERBOSE1:media_stream_manager.cc(1533)] MSPL::OnSpeedLimitChange({this=0000235C00156D40}, {new_limit=77})
[33520:27752:0513/180031.533:VERBOSE1:media_stream_manager.cc(1533)] MSPL::OnSpeedLimitChange({this=0000235C00156D40}, {new_limit=78})
[33520:27752:0513/180034.533:VERBOSE1:media_stream_manager.cc(1533)] MSPL::OnSpeedLimitChange({this=0000235C00156D40}, {new_limit=77})
[33520:27752:0513/180035.533:VERBOSE1:media_stream_manager.cc(1533)] MSPL::OnSpeedLimitChange({this=0000235C00156D40}, {new_limit=78})
[33520:27752:0513/180037.534:VERBOSE1:media_stream_manager.cc(1533)] MSPL::OnSpeedLimitChange({this=0000235C00156D40}, {new_limit=79})
[33520:27752:0513/180039.534:VERBOSE1:media_stream_manager.cc(1533)] MSPL::OnSpeedLimitChange({this=0000235C00156D40}, {new_limit=80})
[33520:27752:0513/180051.535:VERBOSE1:media_stream_manager.cc(1533)] MSPL::OnSpeedLimitChange({this=0000235C00156D40}, {new_limit=81})
[33520:27752:0513/180053.535:VERBOSE1:media_stream_manager.cc(1533)] MSPL::OnSpeedLimitChange({this=0000235C00156D40}, {new_limit=80})
[33520:27752:0513/180054.535:VERBOSE1:media_stream_manager.cc(1533)] MSPL::OnSpeedLimitChange({this=0000235C00156D40}, {new_limit=79})
[33520:27752:0513/180055.534:VERBOSE1:media_stream_manager.cc(1533)] MSPL::OnSpeedLimitChange({this=0000235C00156D40}, {new_limit=78})
[33520:27752:0513/180059.535:VERBOSE1:media_stream_manager.cc(1533)] MSPL::OnSpeedLimitChange({this=0000235C00156D40}, {new_limit=77})
[33520:27752:0513/180101.534:VERBOSE1:media_stream_manager.cc(1533)] MSPL::OnSpeedLimitChange({this=0000235C00156D40}, {new_limit=76})
[33520:27752:0513/180103.535:VERBOSE1:media_stream_manager.cc(1533)] MSPL::OnSpeedLimitChange({this=0000235C00156D40}, {new_limit=77})
[33520:27752:0513/180105.535:VERBOSE1:media_stream_manager.cc(1533)] MSPL::OnSpeedLimitChange({this=0000235C00156D40}, {new_limit=79})
[33520:27752:0513/180106.535:VERBOSE1:media_stream_manager.cc(1533)] MSPL::OnSpeedLimitChange({this=0000235C00156D40}, {new_limit=77})
[33520:27752:0513/180109.535:VERBOSE1:media_stream_manager.cc(1533)] MSPL::OnSpeedLimitChange({this=0000235C00156D40}, {new_limit=78})
[33520:27752:0513/180111.535:VERBOSE1:media_stream_manager.cc(1533)] MSPL::OnSpeedLimitChange({this=0000235C00156D40}, {new_limit=79})
[33520:27752:0513/180116.537:VERBOSE1:media_stream_manager.cc(1533)] MSPL::OnSpeedLimitChange({this=0000235C00156D40}, {new_limit=81})
[33520:27752:0513/180118.537:VERBOSE1:media_stream_manager.cc(1533)] MSPL::OnSpeedLimitChange({this=0000235C00156D40}, {new_limit=80})
[33520:27752:0513/180121.538:VERBOSE1:media_stream_manager.cc(1533)] MSPL::OnSpeedLimitChange({this=0000235C00156D40}, {new_limit=81})
[33520:27752:0513/180122.537:VERBOSE1:media_stream_manager.cc(1533)] MSPL::OnSpeedLimitChange({this=0000235C00156D40}, {new_limit=80})
[33520:27752:0513/180124.538:VERBOSE1:media_stream_manager.cc(1533)] MSPL::OnSpeedLimitChange({this=0000235C00156D40}, {new_limit=81})
[33520:27752:0513/180125.538:VERBOSE1:media_stream_manager.cc(1533)] MSPL::OnSpeedLimitChange({this=0000235C00156D40}, {new_limit=80})
[33520:27752:0513/180126.538:VERBOSE1:media_stream_manager.cc(1533)] MSPL::OnSpeedLimitChange({this=0000235C00156D40}, {new_limit=81})
[33520:27752:0513/180138.538:VERBOSE1:media_stream_manager.cc(1533)] MSPL::OnSpeedLimitChange({this=0000235C00156D40}, {new_limit=82})
[33520:27752:0513/180150.539:VERBOSE1:media_stream_manager.cc(1533)] MSPL::OnSpeedLimitChange({this=0000235C00156D40}, {new_limit=81})
[33520:27752:0513/180208.539:VERBOSE1:media_stream_manager.cc(1533)] MSPL::OnSpeedLimitChange({this=0000235C00156D40}, {new_limit=82})
[33520:27752:0513/180209.539:VERBOSE1:media_stream_manager.cc(1533)] MSPL::OnSpeedLimitChange({this=0000235C00156D40}, {new_limit=81})
[33520:27752:0513/180211.540:VERBOSE1:media_stream_manager.cc(1533)] MSPL::OnSpeedLimitChange({this=0000235C00156D40}, {new_limit=82})
[33520:27752:0513/180212.540:VERBOSE1:media_stream_manager.cc(1533)] MSPL::OnSpeedLimitChange({this=0000235C00156D40}, {new_limit=81})
[33520:27752:0513/180217.540:VERBOSE1:media_stream_manager.cc(1533)] MSPL::OnSpeedLimitChange({this=0000235C00156D40}, {new_limit=80})
[33520:27752:0513/180219.540:VERBOSE1:media_stream_manager.cc(1533)] MSPL::OnSpeedLimitChange({this=0000235C00156D40}, {new_limit=81})
[33520:27752:0513/180221.539:VERBOSE1:media_stream_manager.cc(1533)] MSPL::OnSpeedLimitChange({this=0000235C00156D40}, {new_limit=80})
[33520:27752:0513/180222.541:VERBOSE1:media_stream_manager.cc(1533)] MSPL::OnSpeedLimitChange({this=0000235C00156D40}, {new_limit=81})
[33520:27752:0513/180232.542:VERBOSE1:media_stream_manager.cc(1533)] MSPL::OnSpeedLimitChange({this=0000235C00156D40}, {new_limit=82})
[33520:27752:0513/180233.543:VERBOSE1:media_stream_manager.cc(1533)] MSPL::OnSpeedLimitChange({this=0000235C00156D40}, {new_limit=81})
[33520:27752:0513/180244.546:VERBOSE1:media_stream_manager.cc(1533)] MSPL::OnSpeedLimitChange({this=0000235C00156D40}, {new_limit=82})
[33520:27752:0513/180248.545:VERBOSE1:media_stream_manager.cc(1533)] MSPL::OnSpeedLimitChange({this=0000235C00156D40}, {new_limit=81})
[33520:27752:0513/180250.546:VERBOSE1:media_stream_manager.cc(1533)] MSPL::OnSpeedLimitChange({this=0000235C00156D40}, {new_limit=80})
[33520:27752:0513/180255.546:VERBOSE1:media_stream_manager.cc(1533)] MSPL::OnSpeedLimitChange({this=0000235C00156D40}, {new_limit=79})
[33520:27752:0513/180257.545:VERBOSE1:media_stream_manager.cc(1533)] MSPL::OnSpeedLimitChange({this=0000235C00156D40}, {new_limit=80})
[33520:27752:0513/180303.545:VERBOSE1:media_stream_manager.cc(1533)] MSPL::OnSpeedLimitChange({this=0000235C00156D40}, {new_limit=81})
[33520:27752:0513/180304.546:VERBOSE1:media_stream_manager.cc(1533)] MSPL::OnSpeedLimitChange({this=0000235C00156D40}, {new_limit=80})
[33520:27752:0513/180305.546:VERBOSE1:media_stream_manager.cc(1533)] MSPL::OnSpeedLimitChange({this=0000235C00156D40}, {new_limit=81})
[33520:27752:0513/180307.546:VERBOSE1:media_stream_manager.cc(1533)] MSPL::OnSpeedLimitChange({this=0000235C00156D40}, {new_limit=80})
[33520:27752:0513/180308.546:VERBOSE1:media_stream_manager.cc(1533)] MSPL::OnSpeedLimitChange({this=0000235C00156D40}, {new_limit=81})
[33520:27752:0513/180319.545:VERBOSE1:media_stream_manager.cc(1533)] MSPL::OnSpeedLimitChange({this=0000235C00156D40}, {new_limit=80})
[33520:27752:0513/180323.546:VERBOSE1:media_stream_manager.cc(1533)] MSPL::OnSpeedLimitChange({this=0000235C00156D40}, {new_limit=79})
[33520:27752:0513/180328.547:VERBOSE1:media_stream_manager.cc(1533)] MSPL::OnSpeedLimitChange({this=0000235C00156D40}, {new_limit=80})
[33520:27752:0513/180330.547:VERBOSE1:media_stream_manager.cc(1533)] MSPL::OnSpeedLimitChange({this=0000235C00156D40}, {new_limit=79})
[33520:27752:0513/180332.547:VERBOSE1:media_stream_manager.cc(1533)] MSPL::OnSpeedLimitChange({this=0000235C00156D40}, {new_limit=80})
[33520:27752:0513/180340.547:VERBOSE1:media_stream_manager.cc(1533)] MSPL::OnSpeedLimitChange({this=0000235C00156D40}, {new_limit=81})
[33520:27752:0513/180350.548:VERBOSE1:media_stream_manager.cc(1533)] MSPL::OnSpeedLimitChange({this=0000235C00156D40}, {new_limit=82})
[33520:27752:0513/180351.548:VERBOSE1:media_stream_manager.cc(1533)] MSPL::OnSpeedLimitChange({this=0000235C00156D40}, {new_limit=81})
[33520:27752:0513/180358.632:VERBOSE1:media_stream_manager.cc(1533)] MSPL::OnSpeedLimitChange({this=0000235C00156D40}, {new_limit=82})
[33520:27752:0513/180400.549:VERBOSE1:media_stream_manager.cc(1533)] MSPL::OnSpeedLimitChange({this=0000235C00156D40}, {new_limit=81})
[33520:27752:0513/180401.549:VERBOSE1:media_stream_manager.cc(1533)] MSPL::OnSpeedLimitChange({this=0000235C00156D40}, {new_limit=82})
[33520:27752:0513/180402.548:VERBOSE1:media_stream_manager.cc(1533)] MSPL::OnSpeedLimitChange({this=0000235C00156D40}, {new_limit=81})
[33520:27752:0513/180403.548:VERBOSE1:media_stream_manager.cc(1533)] MSPL::OnSpeedLimitChange({this=0000235C00156D40}, {new_limit=80})
[33520:27752:0513/180412.548:VERBOSE1:media_stream_manager.cc(1533)] MSPL::OnSpeedLimitChange({this=0000235C00156D40}, {new_limit=81})
[33520:27752:0513/180413.548:VERBOSE1:media_stream_manager.cc(1533)] MSPL::OnSpeedLimitChange({this=0000235C00156D40}, {new_limit=82})
[33520:27752:0513/180415.549:VERBOSE1:media_stream_manager.cc(1533)] MSPL::OnSpeedLimitChange({this=0000235C00156D40}, {new_limit=81})
[33520:27752:0513/180417.548:VERBOSE1:media_stream_manager.cc(1533)] MSPL::OnSpeedLimitChange({this=0000235C00156D40}, {new_limit=82})
[33520:27752:0513/180418.548:VERBOSE1:media_stream_manager.cc(1533)] MSPL::OnSpeedLimitChange({this=0000235C00156D40}, {new_limit=81})
[33520:27752:0513/180419.549:VERBOSE1:media_stream_manager.cc(1533)] MSPL::OnSpeedLimitChange({this=0000235C00156D40}, {new_limit=82})
[33520:27752:0513/180427.551:VERBOSE1:media_stream_manager.cc(1533)] MSPL::OnSpeedLimitChange({this=0000235C00156D40}, {new_limit=81})
[33520:27752:0513/180431.551:VERBOSE1:media_stream_manager.cc(1533)] MSPL::OnSpeedLimitChange({this=0000235C00156D40}, {new_limit=82})
[33520:27752:0513/180441.551:VERBOSE1:media_stream_manager.cc(1533)] MSPL::OnSpeedLimitChange({this=0000235C00156D40}, {new_limit=81})
[33520:27752:0513/180444.552:VERBOSE1:media_stream_manager.cc(1533)] MSPL::OnSpeedLimitChange({this=0000235C00156D40}, {new_limit=80})
[33520:27752:0513/180453.553:VERBOSE1:media_stream_manager.cc(1533)] MSPL::OnSpeedLimitChange({this=0000235C00156D40}, {new_limit=81})
[33520:27752:0513/180455.553:VERBOSE1:media_stream_manager.cc(1533)] MSPL::OnSpeedLimitChange({this=0000235C00156D40}, {new_limit=80})
[33520:27752:0513/180504.553:VERBOSE1:media_stream_manager.cc(1533)] MSPL::OnSpeedLimitChange({this=0000235C00156D40}, {new_limit=81})
[33520:27752:0513/180505.553:VERBOSE1:media_stream_manager.cc(1533)] MSPL::OnSpeedLimitChange({this=0000235C00156D40}, {new_limit=82})
[33520:27752:0513/180508.553:VERBOSE1:media_stream_manager.cc(1533)] MSPL::OnSpeedLimitChange({this=0000235C00156D40}, {new_limit=81})
[33520:27752:0513/180510.553:VERBOSE1:media_stream_manager.cc(1533)] MSPL::OnSpeedLimitChange({this=0000235C00156D40}, {new_limit=80})
[33520:27752:0513/180518.554:VERBOSE1:media_stream_manager.cc(1533)] MSPL::OnSpeedLimitChange({this=0000235C00156D40}, {new_limit=81})
[33520:27752:0513/180538.555:VERBOSE1:media_stream_manager.cc(1533)] MSPL::OnSpeedLimitChange({this=0000235C00156D40}, {new_limit=80})
[33520:27752:0513/180544.555:VERBOSE1:media_stream_manager.cc(1533)] MSPL::OnSpeedLimitChange({this=0000235C00156D40}, {new_limit=79})
[33520:27752:0513/180545.555:VERBOSE1:media_stream_manager.cc(1533)] MSPL::OnSpeedLimitChange({this=0000235C00156D40}, {new_limit=80})
[33520:27752:0513/180548.555:VERBOSE1:media_stream_manager.cc(1533)] MSPL::OnSpeedLimitChange({this=0000235C00156D40}, {new_limit=81})
[33520:27752:0513/180606.558:VERBOSE1:media_stream_manager.cc(1533)] MSPL::OnSpeedLimitChange({this=0000235C00156D40}, {new_limit=82})
[33520:27752:0513/180612.559:VERBOSE1:media_stream_manager.cc(1533)] MSPL::OnSpeedLimitChange({this=0000235C00156D40}, {new_limit=81})
[33520:27752:0513/180615.561:VERBOSE1:media_stream_manager.cc(1533)] MSPL::OnSpeedLimitChange({this=0000235C00156D40}, {new_limit=79})
[33520:27752:0513/180618.561:VERBOSE1:media_stream_manager.cc(1533)] MSPL::OnSpeedLimitChange({this=0000235C00156D40}, {new_limit=80})
[33520:27752:0513/180625.561:VERBOSE1:media_stream_manager.cc(1533)] MSPL::OnSpeedLimitChange({this=0000235C00156D40}, {new_limit=82})
[33520:27752:0513/180628.561:VERBOSE1:media_stream_manager.cc(1533)] MSPL::OnSpeedLimitChange({this=0000235C00156D40}, {new_limit=81})
[33520:27752:0513/180629.561:VERBOSE1:media_stream_manager.cc(1533)] MSPL::OnSpeedLimitChange({this=0000235C00156D40}, {new_limit=82})
[33520:27752:0513/180630.561:VERBOSE1:media_stream_manager.cc(1533)] MSPL::OnSpeedLimitChange({this=0000235C00156D40}, {new_limit=81})
[33520:27752:0513/180632.562:VERBOSE1:media_stream_manager.cc(1533)] MSPL::OnSpeedLimitChange({this=0000235C00156D40}, {new_limit=82})
[33520:27752:0513/180639.562:VERBOSE1:media_stream_manager.cc(1533)] MSPL::OnSpeedLimitChange({this=0000235C00156D40}, {new_limit=81})
[33520:27752:0513/180650.563:VERBOSE1:media_stream_manager.cc(1533)] MSPL::OnSpeedLimitChange({this=0000235C00156D40}, {new_limit=82})
[33520:27752:0513/180652.563:VERBOSE1:media_stream_manager.cc(1533)] MSPL::OnSpeedLimitChange({this=0000235C00156D40}, {new_limit=81})
[33520:27752:0513/180656.564:VERBOSE1:media_stream_manager.cc(1533)] MSPL::OnSpeedLimitChange({this=0000235C00156D40}, {new_limit=79})
[33520:27752:0513/180657.564:VERBOSE1:media_stream_manager.cc(1533)] MSPL::OnSpeedLimitChange({this=0000235C00156D40}, {new_limit=80})
[33520:27752:0513/180705.565:VERBOSE1:media_stream_manager.cc(1533)] MSPL::OnSpeedLimitChange({this=0000235C00156D40}, {new_limit=81})
[33520:27752:0513/180706.565:VERBOSE1:media_stream_manager.cc(1533)] MSPL::OnSpeedLimitChange({this=0000235C00156D40}, {new_limit=82})
[33520:27752:0513/180708.565:VERBOSE1:media_stream_manager.cc(1533)] MSPL::OnSpeedLimitChange({this=0000235C00156D40}, {new_limit=81})
[33520:27752:0513/180712.566:VERBOSE1:media_stream_manager.cc(1533)] MSPL::OnSpeedLimitChange({this=0000235C00156D40}, {new_limit=80})
[33520:27752:0513/180723.567:VERBOSE1:media_stream_manager.cc(1533)] MSPL::OnSpeedLimitChange({this=0000235C00156D40}, {new_limit=81})
[33520:27752:0513/180724.567:VERBOSE1:media_stream_manager.cc(1533)] MSPL::OnSpeedLimitChange({this=0000235C00156D40}, {new_limit=80})
[33520:27752:0513/180726.567:VERBOSE1:media_stream_manager.cc(1533)] MSPL::OnSpeedLimitChange({this=0000235C00156D40}, {new_limit=81})
[33520:27752:0513/180737.901:VERBOSE1:media_stream_manager.cc(1533)] MSPL::OnSpeedLimitChange({this=0000235C00156D40}, {new_limit=80})
[33520:27752:0513/180738.902:VERBOSE1:media_stream_manager.cc(1533)] MSPL::OnSpeedLimitChange({this=0000235C00156D40}, {new_limit=81})
[33520:27752:0513/180803.904:VERBOSE1:media_stream_manager.cc(1533)] MSPL::OnSpeedLimitChange({this=0000235C00156D40}, {new_limit=80})
[33520:27752:0513/180808.904:VERBOSE1:media_stream_manager.cc(1533)] MSPL::OnSpeedLimitChange({this=0000235C00156D40}, {new_limit=79})
[33520:27752:0513/180814.904:VERBOSE1:media_stream_manager.cc(1533)] MSPL::OnSpeedLimitChange({this=0000235C00156D40}, {new_limit=80})
[33520:27752:0513/180815.904:VERBOSE1:media_stream_manager.cc(1533)] MSPL::OnSpeedLimitChange({this=0000235C00156D40}, {new_limit=79})
[33520:27752:0513/180820.904:VERBOSE1:media_stream_manager.cc(1533)] MSPL::OnSpeedLimitChange({this=0000235C00156D40}, {new_limit=78})
[33520:27752:0513/180823.905:VERBOSE1:media_stream_manager.cc(1533)] MSPL::OnSpeedLimitChange({this=0000235C00156D40}, {new_limit=77})
[33520:27752:0513/180825.905:VERBOSE1:media_stream_manager.cc(1533)] MSPL::OnSpeedLimitChange({this=0000235C00156D40}, {new_limit=78})
[33520:27752:0513/180826.904:VERBOSE1:media_stream_manager.cc(1533)] MSPL::OnSpeedLimitChange({this=0000235C00156D40}, {new_limit=77})
[33520:27752:0513/180834.904:VERBOSE1:media_stream_manager.cc(1533)] MSPL::OnSpeedLimitChange({this=0000235C00156D40}, {new_limit=76})
[33520:27752:0513/180836.904:VERBOSE1:media_stream_manager.cc(1533)] MSPL::OnSpeedLimitChange({this=0000235C00156D40}, {new_limit=77})
[33520:27752:0513/180840.905:VERBOSE1:media_stream_manager.cc(1533)] MSPL::OnSpeedLimitChange({this=0000235C00156D40}, {new_limit=78})
[33520:27752:0513/180843.905:VERBOSE1:media_stream_manager.cc(1533)] MSPL::OnSpeedLimitChange({this=0000235C00156D40}, {new_limit=79})
[33520:27752:0513/180844.905:VERBOSE1:media_stream_manager.cc(1533)] MSPL::OnSpeedLimitChange({this=0000235C00156D40}, {new_limit=80})
[33520:27752:0513/180849.905:VERBOSE1:media_stream_manager.cc(1533)] MSPL::OnSpeedLimitChange({this=0000235C00156D40}, {new_limit=81})
[33520:27752:0513/180853.905:VERBOSE1:media_stream_manager.cc(1533)] MSPL::OnSpeedLimitChange({this=0000235C00156D40}, {new_limit=80})
[33520:27752:0513/180856.906:VERBOSE1:media_stream_manager.cc(1533)] MSPL::OnSpeedLimitChange({this=0000235C00156D40}, {new_limit=79})
[33520:27752:0513/180900.906:VERBOSE1:media_stream_manager.cc(1533)] MSPL::OnSpeedLimitChange({this=0000235C00156D40}, {new_limit=78})
[33520:27752:0513/180904.906:VERBOSE1:media_stream_manager.cc(1533)] MSPL::OnSpeedLimitChange({this=0000235C00156D40}, {new_limit=79})
[33520:27752:0513/180911.906:VERBOSE1:media_stream_manager.cc(1533)] MSPL::OnSpeedLimitChange({this=0000235C00156D40}, {new_limit=80})
[33520:27752:0513/180913.906:VERBOSE1:media_stream_manager.cc(1533)] MSPL::OnSpeedLimitChange({this=0000235C00156D40}, {new_limit=79})
[33520:27752:0513/180914.906:VERBOSE1:media_stream_manager.cc(1533)] MSPL::OnSpeedLimitChange({this=0000235C00156D40}, {new_limit=77})
[33520:27752:0513/180922.906:VERBOSE1:media_stream_manager.cc(1533)] MSPL::OnSpeedLimitChange({this=0000235C00156D40}, {new_limit=76})
[33520:27752:0513/180923.906:VERBOSE1:media_stream_manager.cc(1533)] MSPL::OnSpeedLimitChange({this=0000235C00156D40}, {new_limit=77})
[33520:27752:0513/180924.906:VERBOSE1:media_stream_manager.cc(1533)] MSPL::OnSpeedLimitChange({this=0000235C00156D40}, {new_limit=79})
[33520:27752:0513/180934.906:VERBOSE1:media_stream_manager.cc(1533)] MSPL::OnSpeedLimitChange({this=0000235C00156D40}, {new_limit=80})
[33520:27752:0513/180935.907:VERBOSE1:media_stream_manager.cc(1533)] MSPL::OnSpeedLimitChange({this=0000235C00156D40}, {new_limit=79})
[33520:27752:0513/180940.908:VERBOSE1:media_stream_manager.cc(1533)] MSPL::OnSpeedLimitChange({this=0000235C00156D40}, {new_limit=80})
[33520:27752:0513/180945.909:VERBOSE1:media_stream_manager.cc(1533)] MSPL::OnSpeedLimitChange({this=0000235C00156D40}, {new_limit=81})
[33520:27752:0513/180947.908:VERBOSE1:media_stream_manager.cc(1533)] MSPL::OnSpeedLimitChange({this=0000235C00156D40}, {new_limit=82})
[33520:27752:0513/180948.909:VERBOSE1:media_stream_manager.cc(1533)] MSPL::OnSpeedLimitChange({this=0000235C00156D40}, {new_limit=81})
[33520:27752:0513/180949.908:VERBOSE1:media_stream_manager.cc(1533)] MSPL::OnSpeedLimitChange({this=0000235C00156D40}, {new_limit=82})
[33520:27752:0513/180952.910:VERBOSE1:media_stream_manager.cc(1533)] MSPL::OnSpeedLimitChange({this=0000235C00156D40}, {new_limit=81})
[33520:27752:0513/180953.909:VERBOSE1:media_stream_manager.cc(1533)] MSPL::OnSpeedLimitChange({this=0000235C00156D40}, {new_limit=82})
[33520:27752:0513/180956.909:VERBOSE1:media_stream_manager.cc(1533)] MSPL::OnSpeedLimitChange({this=0000235C00156D40}, {new_limit=81})
[33520:27752:0513/180958.909:VERBOSE1:media_stream_manager.cc(1533)] MSPL::OnSpeedLimitChange({this=0000235C00156D40}, {new_limit=82})
[33520:27752:0513/180959.910:VERBOSE1:media_stream_manager.cc(1533)] MSPL::OnSpeedLimitChange({this=0000235C00156D40}, {new_limit=81})
[33520:27752:0513/181002.910:VERBOSE1:media_stream_manager.cc(1533)] MSPL::OnSpeedLimitChange({this=0000235C00156D40}, {new_limit=82})
[33520:27752:0513/181003.909:VERBOSE1:media_stream_manager.cc(1533)] MSPL::OnSpeedLimitChange({this=0000235C00156D40}, {new_limit=81})
[33520:27752:0513/181004.910:VERBOSE1:media_stream_manager.cc(1533)] MSPL::OnSpeedLimitChange({this=0000235C00156D40}, {new_limit=82})
[33520:27752:0513/181005.910:VERBOSE1:media_stream_manager.cc(1533)] MSPL::OnSpeedLimitChange({this=0000235C00156D40}, {new_limit=81})
[33520:27752:0513/181013.912:VERBOSE1:media_stream_manager.cc(1533)] MSPL::OnSpeedLimitChange({this=0000235C00156D40}, {new_limit=80})
[33520:27752:0513/181029.912:VERBOSE1:media_stream_manager.cc(1533)] MSPL::OnSpeedLimitChange({this=0000235C00156D40}, {new_limit=79})
[33520:27752:0513/181030.912:VERBOSE1:media_stream_manager.cc(1533)] MSPL::OnSpeedLimitChange({this=0000235C00156D40}, {new_limit=80})
[33520:27752:0513/181039.912:VERBOSE1:media_stream_manager.cc(1533)] MSPL::OnSpeedLimitChange({this=0000235C00156D40}, {new_limit=81})
[33520:27752:0513/181041.912:VERBOSE1:media_stream_manager.cc(1533)] MSPL::OnSpeedLimitChange({this=0000235C00156D40}, {new_limit=80})
[33520:27752:0513/181045.912:VERBOSE1:media_stream_manager.cc(1533)] MSPL::OnSpeedLimitChange({this=0000235C00156D40}, {new_limit=81})
[33520:27752:0513/181059.912:VERBOSE1:media_stream_manager.cc(1533)] MSPL::OnSpeedLimitChange({this=0000235C00156D40}, {new_limit=82})
[33520:27752:0513/181103.912:VERBOSE1:media_stream_manager.cc(1533)] MSPL::OnSpeedLimitChange({this=0000235C00156D40}, {new_limit=81})
[33520:27752:0513/181105.912:VERBOSE1:media_stream_manager.cc(1533)] MSPL::OnSpeedLimitChange({this=0000235C00156D40}, {new_limit=80})
[33520:27752:0513/181106.912:VERBOSE1:media_stream_manager.cc(1533)] MSPL::OnSpeedLimitChange({this=0000235C00156D40}, {new_limit=79})
[33520:27752:0513/181110.912:VERBOSE1:media_stream_manager.cc(1533)] MSPL::OnSpeedLimitChange({this=0000235C00156D40}, {new_limit=78})
[33520:27752:0513/181120.913:VERBOSE1:media_stream_manager.cc(1533)] MSPL::OnSpeedLimitChange({this=0000235C00156D40}, {new_limit=79})
[33520:27752:0513/181123.914:VERBOSE1:media_stream_manager.cc(1533)] MSPL::OnSpeedLimitChange({this=0000235C00156D40}, {new_limit=78})
[33520:27752:0513/181125.914:VERBOSE1:media_stream_manager.cc(1533)] MSPL::OnSpeedLimitChange({this=0000235C00156D40}, {new_limit=79})
[33520:27752:0513/181127.914:VERBOSE1:media_stream_manager.cc(1533)] MSPL::OnSpeedLimitChange({this=0000235C00156D40}, {new_limit=80})
[33520:27752:0513/181137.915:VERBOSE1:media_stream_manager.cc(1533)] MSPL::OnSpeedLimitChange({this=0000235C00156D40}, {new_limit=79})
[33520:27752:0513/181143.915:VERBOSE1:media_stream_manager.cc(1533)] MSPL::OnSpeedLimitChange({this=0000235C00156D40}, {new_limit=80})
[33520:27752:0513/181146.916:VERBOSE1:media_stream_manager.cc(1533)] MSPL::OnSpeedLimitChange({this=0000235C00156D40}, {new_limit=79})
[47612:43976:0513/181150.583:VERBOSE1:network_delegate.cc(36)] NetworkDelegate::NotifyBeforeURLRequest: https://safebrowsing.googleapis.com/v4/threatListUpdates:fetch?$req=ChoKCGNocm9taXVtEg4xMjguMC42NjEzLjEzOBoMCAUQASIEIAEgAigBGgwIARABIgQgASACKAEaDAgDEAEiBCABIAIoARoMCAcQASIEIAEgAigBGgwIARAIIgQgASACKAQaDAgPEAEiBCABIAIoARoMCAkQASIEIAEgAigBIgIIAQ==&$ct=application/x-protobuf&key=dummytoken
[47612:43976:0513/181150.603:VERBOSE1:tls_handshaker.cc(105)] TlsClient: Continuing handshake
[47612:43976:0513/181150.617:VERBOSE1:tls_handshaker.cc(105)] TlsClient: Continuing handshake
[47612:43976:0513/181151.249:VERBOSE1:tls_handshaker.cc(105)] TlsClient: Continuing handshake
[47612:43976:0513/181151.249:VERBOSE1:tls_handshaker.cc(126)] TlsClient: SSL_do_handshake returned when entering early data. After retry, rv=-1, SSL_in_early_data=1
[47612:43976:0513/181151.249:VERBOSE1:tls_handshaker.cc(105)] TlsClient: Continuing handshake
[47612:43976:0513/181151.249:VERBOSE1:tls_client_handshaker.cc(528)] Client: handshake finished
[33520:27752:0513/181155.916:VERBOSE1:media_stream_manager.cc(1533)] MSPL::OnSpeedLimitChange({this=0000235C00156D40}, {new_limit=80})
[33520:27752:0513/181157.917:VERBOSE1:media_stream_manager.cc(1533)] MSPL::OnSpeedLimitChange({this=0000235C00156D40}, {new_limit=81})
[33520:27752:0513/181159.917:VERBOSE1:media_stream_manager.cc(1533)] MSPL::OnSpeedLimitChange({this=0000235C00156D40}, {new_limit=80})
[33520:27752:0513/181204.917:VERBOSE1:media_stream_manager.cc(1533)] MSPL::OnSpeedLimitChange({this=0000235C00156D40}, {new_limit=79})
[33520:27752:0513/181207.917:VERBOSE1:media_stream_manager.cc(1533)] MSPL::OnSpeedLimitChange({this=0000235C00156D40}, {new_limit=78})
[33520:27752:0513/181209.917:VERBOSE1:media_stream_manager.cc(1533)] MSPL::OnSpeedLimitChange({this=0000235C00156D40}, {new_limit=79})
[33520:27752:0513/181212.918:VERBOSE1:media_stream_manager.cc(1533)] MSPL::OnSpeedLimitChange({this=0000235C00156D40}, {new_limit=78})
[33520:27752:0513/181217.918:VERBOSE1:media_stream_manager.cc(1533)] MSPL::OnSpeedLimitChange({this=0000235C00156D40}, {new_limit=79})
[33520:27752:0513/181219.918:VERBOSE1:media_stream_manager.cc(1533)] MSPL::OnSpeedLimitChange({this=0000235C00156D40}, {new_limit=78})
[33520:27752:0513/181221.918:VERBOSE1:media_stream_manager.cc(1533)] MSPL::OnSpeedLimitChange({this=0000235C00156D40}, {new_limit=79})
[33520:27752:0513/181223.919:VERBOSE1:media_stream_manager.cc(1533)] MSPL::OnSpeedLimitChange({this=0000235C00156D40}, {new_limit=80})
[33520:27752:0513/181225.919:VERBOSE1:media_stream_manager.cc(1533)] MSPL::OnSpeedLimitChange({this=0000235C00156D40}, {new_limit=79})
[33520:27752:0513/181229.918:VERBOSE1:media_stream_manager.cc(1533)] MSPL::OnSpeedLimitChange({this=0000235C00156D40}, {new_limit=80})
[33520:27752:0513/181232.919:VERBOSE1:media_stream_manager.cc(1533)] MSPL::OnSpeedLimitChange({this=0000235C00156D40}, {new_limit=81})
[33520:27752:0513/181233.918:VERBOSE1:media_stream_manager.cc(1533)] MSPL::OnSpeedLimitChange({this=0000235C00156D40}, {new_limit=80})
[33520:27752:0513/181235.918:VERBOSE1:media_stream_manager.cc(1533)] MSPL::OnSpeedLimitChange({this=0000235C00156D40}, {new_limit=81})
[33520:27752:0513/181237.918:VERBOSE1:media_stream_manager.cc(1533)] MSPL::OnSpeedLimitChange({this=0000235C00156D40}, {new_limit=82})
[33520:27752:0513/181247.921:VERBOSE1:media_stream_manager.cc(1533)] MSPL::OnSpeedLimitChange({this=0000235C00156D40}, {new_limit=81})
[33520:27752:0513/181248.921:VERBOSE1:media_stream_manager.cc(1533)] MSPL::OnSpeedLimitChange({this=0000235C00156D40}, {new_limit=82})
[33520:27752:0513/181249.921:VERBOSE1:media_stream_manager.cc(1533)] MSPL::OnSpeedLimitChange({this=0000235C00156D40}, {new_limit=81})
[33520:27752:0513/181251.921:VERBOSE1:media_stream_manager.cc(1533)] MSPL::OnSpeedLimitChange({this=0000235C00156D40}, {new_limit=82})
[33520:27752:0513/181252.921:VERBOSE1:media_stream_manager.cc(1533)] MSPL::OnSpeedLimitChange({this=0000235C00156D40}, {new_limit=81})
[33520:27752:0513/181257.922:VERBOSE1:media_stream_manager.cc(1533)] MSPL::OnSpeedLimitChange({this=0000235C00156D40}, {new_limit=82})
[33520:27752:0513/181258.922:VERBOSE1:media_stream_manager.cc(1533)] MSPL::OnSpeedLimitChange({this=0000235C00156D40}, {new_limit=81})
[33520:27752:0513/181259.922:VERBOSE1:media_stream_manager.cc(1533)] MSPL::OnSpeedLimitChange({this=0000235C00156D40}, {new_limit=82})
[33520:27752:0513/181300.922:VERBOSE1:media_stream_manager.cc(1533)] MSPL::OnSpeedLimitChange({this=0000235C00156D40}, {new_limit=81})
[33520:27752:0513/181309.921:VERBOSE1:media_stream_manager.cc(1533)] MSPL::OnSpeedLimitChange({this=0000235C00156D40}, {new_limit=80})
[33520:27752:0513/181310.922:VERBOSE1:media_stream_manager.cc(1533)] MSPL::OnSpeedLimitChange({this=0000235C00156D40}, {new_limit=79})
[33520:27752:0513/181311.922:VERBOSE1:media_stream_manager.cc(1533)] MSPL::OnSpeedLimitChange({this=0000235C00156D40}, {new_limit=80})
[33520:27752:0513/181315.922:VERBOSE1:media_stream_manager.cc(1533)] MSPL::OnSpeedLimitChange({this=0000235C00156D40}, {new_limit=79})
[33520:27752:0513/181324.922:VERBOSE1:media_stream_manager.cc(1533)] MSPL::OnSpeedLimitChange({this=0000235C00156D40}, {new_limit=78})
[33520:27752:0513/181325.923:VERBOSE1:media_stream_manager.cc(1533)] MSPL::OnSpeedLimitChange({this=0000235C00156D40}, {new_limit=79})
[33520:27752:0513/181326.922:VERBOSE1:media_stream_manager.cc(1533)] MSPL::OnSpeedLimitChange({this=0000235C00156D40}, {new_limit=78})
[33520:27752:0513/181329.923:VERBOSE1:media_stream_manager.cc(1533)] MSPL::OnSpeedLimitChange({this=0000235C00156D40}, {new_limit=79})
[33520:27752:0513/181331.923:VERBOSE1:media_stream_manager.cc(1533)] MSPL::OnSpeedLimitChange({this=0000235C00156D40}, {new_limit=78})
[33520:27752:0513/181332.923:VERBOSE1:media_stream_manager.cc(1533)] MSPL::OnSpeedLimitChange({this=0000235C00156D40}, {new_limit=79})
[33520:27752:0513/181346.923:VERBOSE1:media_stream_manager.cc(1533)] MSPL::OnSpeedLimitChange({this=0000235C00156D40}, {new_limit=80})
[33520:27752:0513/181349.923:VERBOSE1:media_stream_manager.cc(1533)] MSPL::OnSpeedLimitChange({this=0000235C00156D40}, {new_limit=81})
[33520:27752:0513/181352.923:VERBOSE1:media_stream_manager.cc(1533)] MSPL::OnSpeedLimitChange({this=0000235C00156D40}, {new_limit=80})
[33520:27752:0513/181400.924:VERBOSE1:media_stream_manager.cc(1533)] MSPL::OnSpeedLimitChange({this=0000235C00156D40}, {new_limit=79})
[33520:27752:0513/181402.924:VERBOSE1:media_stream_manager.cc(1533)] MSPL::OnSpeedLimitChange({this=0000235C00156D40}, {new_limit=80})
[33520:27752:0513/181412.924:VERBOSE1:media_stream_manager.cc(1533)] MSPL::OnSpeedLimitChange({this=0000235C00156D40}, {new_limit=81})
[33520:27752:0513/181413.924:VERBOSE1:media_stream_manager.cc(1533)] MSPL::OnSpeedLimitChange({this=0000235C00156D40}, {new_limit=80})
[33520:27752:0513/181418.924:VERBOSE1:media_stream_manager.cc(1533)] MSPL::OnSpeedLimitChange({this=0000235C00156D40}, {new_limit=79})
[33520:27752:0513/181421.926:VERBOSE1:media_stream_manager.cc(1533)] MSPL::OnSpeedLimitChange({this=0000235C00156D40}, {new_limit=78})
[33520:27752:0513/181427.927:VERBOSE1:media_stream_manager.cc(1533)] MSPL::OnSpeedLimitChange({this=0000235C00156D40}, {new_limit=77})
[33520:27752:0513/181428.928:VERBOSE1:media_stream_manager.cc(1533)] MSPL::OnSpeedLimitChange({this=0000235C00156D40}, {new_limit=78})
[33520:27752:0513/181431.928:VERBOSE1:media_stream_manager.cc(1533)] MSPL::OnSpeedLimitChange({this=0000235C00156D40}, {new_limit=79})
[33520:27752:0513/181434.928:VERBOSE1:media_stream_manager.cc(1533)] MSPL::OnSpeedLimitChange({this=0000235C00156D40}, {new_limit=80})
[33520:27752:0513/181448.929:VERBOSE1:media_stream_manager.cc(1533)] MSPL::OnSpeedLimitChange({this=0000235C00156D40}, {new_limit=81})
[33520:27752:0513/181449.928:VERBOSE1:media_stream_manager.cc(1533)] MSPL::OnSpeedLimitChange({this=0000235C00156D40}, {new_limit=80})
[33520:27752:0513/181457.928:VERBOSE1:media_stream_manager.cc(1533)] MSPL::OnSpeedLimitChange({this=0000235C00156D40}, {new_limit=79})
[33520:27752:0513/181501.929:VERBOSE1:media_stream_manager.cc(1533)] MSPL::OnSpeedLimitChange({this=0000235C00156D40}, {new_limit=80})
[33520:27752:0513/181505.930:VERBOSE1:media_stream_manager.cc(1533)] MSPL::OnSpeedLimitChange({this=0000235C00156D40}, {new_limit=81})
[33520:27752:0513/181514.930:VERBOSE1:media_stream_manager.cc(1533)] MSPL::OnSpeedLimitChange({this=0000235C00156D40}, {new_limit=80})
[33520:27752:0513/181516.929:VERBOSE1:media_stream_manager.cc(1533)] MSPL::OnSpeedLimitChange({this=0000235C00156D40}, {new_limit=79})
[33520:27752:0513/181524.930:VERBOSE1:media_stream_manager.cc(1533)] MSPL::OnSpeedLimitChange({this=0000235C00156D40}, {new_limit=80})
[33520:27752:0513/181527.930:VERBOSE1:media_stream_manager.cc(1533)] MSPL::OnSpeedLimitChange({this=0000235C00156D40}, {new_limit=81})
[33520:27752:0513/181528.930:VERBOSE1:media_stream_manager.cc(1533)] MSPL::OnSpeedLimitChange({this=0000235C00156D40}, {new_limit=80})
[33520:27752:0513/181530.929:VERBOSE1:media_stream_manager.cc(1533)] MSPL::OnSpeedLimitChange({this=0000235C00156D40}, {new_limit=81})
[33520:27752:0513/181531.929:VERBOSE1:media_stream_manager.cc(1533)] MSPL::OnSpeedLimitChange({this=0000235C00156D40}, {new_limit=80})
[33520:27752:0513/181532.930:VERBOSE1:media_stream_manager.cc(1533)] MSPL::OnSpeedLimitChange({this=0000235C00156D40}, {new_limit=81})
[33520:27752:0513/181537.929:VERBOSE1:media_stream_manager.cc(1533)] MSPL::OnSpeedLimitChange({this=0000235C00156D40}, {new_limit=80})
[33520:27752:0513/181538.929:VERBOSE1:media_stream_manager.cc(1533)] MSPL::OnSpeedLimitChange({this=0000235C00156D40}, {new_limit=81})
[33520:27752:0513/181539.929:VERBOSE1:media_stream_manager.cc(1533)] MSPL::OnSpeedLimitChange({this=0000235C00156D40}, {new_limit=80})
[33520:27752:0513/181541.930:VERBOSE1:media_stream_manager.cc(1533)] MSPL::OnSpeedLimitChange({this=0000235C00156D40}, {new_limit=79})
[33520:27752:0513/181542.929:VERBOSE1:media_stream_manager.cc(1533)] MSPL::OnSpeedLimitChange({this=0000235C00156D40}, {new_limit=78})
[33520:27752:0513/181550.929:VERBOSE1:media_stream_manager.cc(1533)] MSPL::OnSpeedLimitChange({this=0000235C00156D40}, {new_limit=77})
[33520:27752:0513/181551.929:VERBOSE1:media_stream_manager.cc(1533)] MSPL::OnSpeedLimitChange({this=0000235C00156D40}, {new_limit=78})
[33520:27752:0513/181554.929:VERBOSE1:media_stream_manager.cc(1533)] MSPL::OnSpeedLimitChange({this=0000235C00156D40}, {new_limit=77})
[33520:27752:0513/181555.931:VERBOSE1:media_stream_manager.cc(1533)] MSPL::OnSpeedLimitChange({this=0000235C00156D40}, {new_limit=78})
[33520:27752:0513/181605.933:VERBOSE1:media_stream_manager.cc(1533)] MSPL::OnSpeedLimitChange({this=0000235C00156D40}, {new_limit=77})
[33520:27752:0513/181606.933:VERBOSE1:media_stream_manager.cc(1533)] MSPL::OnSpeedLimitChange({this=0000235C00156D40}, {new_limit=76})
[33520:27752:0513/181608.933:VERBOSE1:media_stream_manager.cc(1533)] MSPL::OnSpeedLimitChange({this=0000235C00156D40}, {new_limit=77})
[33520:27752:0513/181609.933:VERBOSE1:media_stream_manager.cc(1533)] MSPL::OnSpeedLimitChange({this=0000235C00156D40}, {new_limit=76})
[33520:27752:0513/181610.933:VERBOSE1:media_stream_manager.cc(1533)] MSPL::OnSpeedLimitChange({this=0000235C00156D40}, {new_limit=77})
[33520:27752:0513/181611.933:VERBOSE1:media_stream_manager.cc(1533)] MSPL::OnSpeedLimitChange({this=0000235C00156D40}, {new_limit=76})
[33520:27752:0513/181612.933:VERBOSE1:media_stream_manager.cc(1533)] MSPL::OnSpeedLimitChange({this=0000235C00156D40}, {new_limit=77})
[33520:27752:0513/181615.933:VERBOSE1:media_stream_manager.cc(1533)] MSPL::OnSpeedLimitChange({this=0000235C00156D40}, {new_limit=78})
[33520:27752:0513/181617.933:VERBOSE1:media_stream_manager.cc(1533)] MSPL::OnSpeedLimitChange({this=0000235C00156D40}, {new_limit=77})
[33520:27752:0513/181627.934:VERBOSE1:media_stream_manager.cc(1533)] MSPL::OnSpeedLimitChange({this=0000235C00156D40}, {new_limit=78})
[33520:27752:0513/181633.934:VERBOSE1:media_stream_manager.cc(1533)] MSPL::OnSpeedLimitChange({this=0000235C00156D40}, {new_limit=79})
[33520:27752:0513/181641.935:VERBOSE1:media_stream_manager.cc(1533)] MSPL::OnSpeedLimitChange({this=0000235C00156D40}, {new_limit=80})
[33520:27752:0513/181644.935:VERBOSE1:media_stream_manager.cc(1533)] MSPL::OnSpeedLimitChange({this=0000235C00156D40}, {new_limit=79})
[33520:27752:0513/181646.935:VERBOSE1:media_stream_manager.cc(1533)] MSPL::OnSpeedLimitChange({this=0000235C00156D40}, {new_limit=78})
[33520:27752:0513/181648.935:VERBOSE1:media_stream_manager.cc(1533)] MSPL::OnSpeedLimitChange({this=0000235C00156D40}, {new_limit=79})
[33520:27752:0513/181653.936:VERBOSE1:media_stream_manager.cc(1533)] MSPL::OnSpeedLimitChange({this=0000235C00156D40}, {new_limit=78})
[33520:27752:0513/181654.936:VERBOSE1:media_stream_manager.cc(1533)] MSPL::OnSpeedLimitChange({this=0000235C00156D40}, {new_limit=79})
[33520:27752:0513/181700.936:VERBOSE1:media_stream_manager.cc(1533)] MSPL::OnSpeedLimitChange({this=0000235C00156D40}, {new_limit=80})
[33520:27752:0513/181703.936:VERBOSE1:media_stream_manager.cc(1533)] MSPL::OnSpeedLimitChange({this=0000235C00156D40}, {new_limit=81})
[33520:27752:0513/181706.936:VERBOSE1:media_stream_manager.cc(1533)] MSPL::OnSpeedLimitChange({this=0000235C00156D40}, {new_limit=82})
[33520:27752:0513/181708.936:VERBOSE1:media_stream_manager.cc(1533)] MSPL::OnSpeedLimitChange({this=0000235C00156D40}, {new_limit=81})
[33520:27752:0513/181711.937:VERBOSE1:media_stream_manager.cc(1533)] MSPL::OnSpeedLimitChange({this=0000235C00156D40}, {new_limit=80})
[33520:27752:0513/181721.937:VERBOSE1:media_stream_manager.cc(1533)] MSPL::OnSpeedLimitChange({this=0000235C00156D40}, {new_limit=81})
[33520:27752:0513/181727.937:VERBOSE1:media_stream_manager.cc(1533)] MSPL::OnSpeedLimitChange({this=0000235C00156D40}, {new_limit=80})
[33520:27752:0513/181729.938:VERBOSE1:media_stream_manager.cc(1533)] MSPL::OnSpeedLimitChange({this=0000235C00156D40}, {new_limit=81})
[33520:27752:0513/181738.938:VERBOSE1:media_stream_manager.cc(1533)] MSPL::OnSpeedLimitChange({this=0000235C00156D40}, {new_limit=80})
[33520:27752:0513/181741.938:VERBOSE1:media_stream_manager.cc(1533)] MSPL::OnSpeedLimitChange({this=0000235C00156D40}, {new_limit=79})
[33520:27752:0513/181743.938:VERBOSE1:media_stream_manager.cc(1533)] MSPL::OnSpeedLimitChange({this=0000235C00156D40}, {new_limit=80})
[33520:27752:0513/181748.938:VERBOSE1:media_stream_manager.cc(1533)] MSPL::OnSpeedLimitChange({this=0000235C00156D40}, {new_limit=81})
[33520:27752:0513/181801.938:VERBOSE1:media_stream_manager.cc(1533)] MSPL::OnSpeedLimitChange({this=0000235C00156D40}, {new_limit=80})
[33520:27752:0513/181804.939:VERBOSE1:media_stream_manager.cc(1533)] MSPL::OnSpeedLimitChange({this=0000235C00156D40}, {new_limit=81})
[33520:27752:0513/181805.939:VERBOSE1:media_stream_manager.cc(1533)] MSPL::OnSpeedLimitChange({this=0000235C00156D40}, {new_limit=80})
[33520:27752:0513/181808.939:VERBOSE1:media_stream_manager.cc(1533)] MSPL::OnSpeedLimitChange({this=0000235C00156D40}, {new_limit=81})
[33520:27752:0513/181816.940:VERBOSE1:media_stream_manager.cc(1533)] MSPL::OnSpeedLimitChange({this=0000235C00156D40}, {new_limit=82})
[33520:27752:0513/181836.941:VERBOSE1:media_stream_manager.cc(1533)] MSPL::OnSpeedLimitChange({this=0000235C00156D40}, {new_limit=81})
[33520:27752:0513/181838.940:VERBOSE1:media_stream_manager.cc(1533)] MSPL::OnSpeedLimitChange({this=0000235C00156D40}, {new_limit=82})
[33520:27752:0513/181839.940:VERBOSE1:media_stream_manager.cc(1533)] MSPL::OnSpeedLimitChange({this=0000235C00156D40}, {new_limit=81})
[33520:27752:0513/181847.942:VERBOSE1:media_stream_manager.cc(1533)] MSPL::OnSpeedLimitChange({this=0000235C00156D40}, {new_limit=80})
[33520:27752:0513/181853.942:VERBOSE1:media_stream_manager.cc(1533)] MSPL::OnSpeedLimitChange({this=0000235C00156D40}, {new_limit=81})
[33520:27752:0513/181857.942:VERBOSE1:media_stream_manager.cc(1533)] MSPL::OnSpeedLimitChange({this=0000235C00156D40}, {new_limit=82})
[33520:27752:0513/181916.945:VERBOSE1:media_stream_manager.cc(1533)] MSPL::OnSpeedLimitChange({this=0000235C00156D40}, {new_limit=81})
[33520:27752:0513/181927.945:VERBOSE1:media_stream_manager.cc(1533)] MSPL::OnSpeedLimitChange({this=0000235C00156D40}, {new_limit=80})
[33520:27752:0513/181929.945:VERBOSE1:media_stream_manager.cc(1533)] MSPL::OnSpeedLimitChange({this=0000235C00156D40}, {new_limit=81})
[33520:27752:0513/181930.945:VERBOSE1:media_stream_manager.cc(1533)] MSPL::OnSpeedLimitChange({this=0000235C00156D40}, {new_limit=80})
[33520:27752:0513/181935.945:VERBOSE1:media_stream_manager.cc(1533)] MSPL::OnSpeedLimitChange({this=0000235C00156D40}, {new_limit=78})
[33520:27752:0513/181937.946:VERBOSE1:media_stream_manager.cc(1533)] MSPL::OnSpeedLimitChange({this=0000235C00156D40}, {new_limit=79})
[33520:27752:0513/181939.945:VERBOSE1:media_stream_manager.cc(1533)] MSPL::OnSpeedLimitChange({this=0000235C00156D40}, {new_limit=80})
[33520:27752:0513/181943.945:VERBOSE1:media_stream_manager.cc(1533)] MSPL::OnSpeedLimitChange({this=0000235C00156D40}, {new_limit=78})
[33520:27752:0513/181945.945:VERBOSE1:media_stream_manager.cc(1533)] MSPL::OnSpeedLimitChange({this=0000235C00156D40}, {new_limit=80})
[33520:27752:0513/181951.945:VERBOSE1:media_stream_manager.cc(1533)] MSPL::OnSpeedLimitChange({this=0000235C00156D40}, {new_limit=78})
[33520:27752:0513/181953.946:VERBOSE1:media_stream_manager.cc(1533)] MSPL::OnSpeedLimitChange({this=0000235C00156D40}, {new_limit=80})
[33520:27752:0513/181956.946:VERBOSE1:media_stream_manager.cc(1533)] MSPL::OnSpeedLimitChange({this=0000235C00156D40}, {new_limit=79})
[33520:27752:0513/182001.947:VERBOSE1:media_stream_manager.cc(1533)] MSPL::OnSpeedLimitChange({this=0000235C00156D40}, {new_limit=81})
[33520:27752:0513/182004.947:VERBOSE1:media_stream_manager.cc(1533)] MSPL::OnSpeedLimitChange({this=0000235C00156D40}, {new_limit=82})
[33520:27752:0513/182011.947:VERBOSE1:media_stream_manager.cc(1533)] MSPL::OnSpeedLimitChange({this=0000235C00156D40}, {new_limit=81})
[33520:27752:0513/182014.947:VERBOSE1:media_stream_manager.cc(1533)] MSPL::OnSpeedLimitChange({this=0000235C00156D40}, {new_limit=82})
[33520:27752:0513/182015.947:VERBOSE1:media_stream_manager.cc(1533)] MSPL::OnSpeedLimitChange({this=0000235C00156D40}, {new_limit=81})
[33520:27752:0513/182020.948:VERBOSE1:media_stream_manager.cc(1533)] MSPL::OnSpeedLimitChange({this=0000235C00156D40}, {new_limit=79})
[33520:27752:0513/182030.949:VERBOSE1:media_stream_manager.cc(1533)] MSPL::OnSpeedLimitChange({this=0000235C00156D40}, {new_limit=81})
[33520:27752:0513/182031.949:VERBOSE1:media_stream_manager.cc(1533)] MSPL::OnSpeedLimitChange({this=0000235C00156D40}, {new_limit=82})
[33520:27752:0513/182032.949:VERBOSE1:media_stream_manager.cc(1533)] MSPL::OnSpeedLimitChange({this=0000235C00156D40}, {new_limit=81})
[33520:27752:0513/182036.949:VERBOSE1:media_stream_manager.cc(1533)] MSPL::OnSpeedLimitChange({this=0000235C00156D40}, {new_limit=82})
[33520:27752:0513/182044.951:VERBOSE1:media_stream_manager.cc(1533)] MSPL::OnSpeedLimitChange({this=0000235C00156D40}, {new_limit=81})
[33520:27752:0513/182048.951:VERBOSE1:media_stream_manager.cc(1533)] MSPL::OnSpeedLimitChange({this=0000235C00156D40}, {new_limit=80})
[33520:49244:0513/182050.078:VERBOSE1:device_event_log_impl.cc(198)] [18:20:50.078] Display: EVENT: screen_win.cc:893 Displays updated, count: 2
[33520:49244:0513/182050.078:VERBOSE1:device_event_log_impl.cc(198)] [18:20:50.078] Display: EVENT: screen_win.cc:895 Display[1509992682] bounds=[0,0 1920x1080], workarea=[0,0 1920x1032], scale=1, rotation=0, panel_rotation=0 external detected
[33520:49244:0513/182050.078:VERBOSE1:device_event_log_impl.cc(198)] [18:20:50.078] Display: EVENT: screen_win.cc:895 Display[1090097103] bounds=[1920,0 1366x768], workarea=[1920,0 1366x768], scale=1, rotation=0, panel_rotation=0 external detected
[33520:27752:0513/182050.935:VERBOSE1:media_stream_manager.cc(1533)] MSPL::OnSpeedLimitChange({this=0000235C00156D40}, {new_limit=78})
[33520:27752:0513/182051.938:VERBOSE1:media_stream_manager.cc(1533)] MSPL::OnSpeedLimitChange({this=0000235C00156D40}, {new_limit=76})
[33520:27752:0513/182052.933:VERBOSE1:media_stream_manager.cc(1533)] MSPL::OnSpeedLimitChange({this=0000235C00156D40}, {new_limit=74})
[33520:27752:0513/182053.934:VERBOSE1:media_stream_manager.cc(1533)] MSPL::OnSpeedLimitChange({this=0000235C00156D40}, {new_limit=73})
[33520:27752:0513/182054.933:VERBOSE1:media_stream_manager.cc(1533)] MSPL::OnSpeedLimitChange({this=0000235C00156D40}, {new_limit=71})
[33520:27752:0513/182055.938:VERBOSE1:media_stream_manager.cc(1533)] MSPL::OnSpeedLimitChange({this=0000235C00156D40}, {new_limit=70})
[33520:27752:0513/182056.940:VERBOSE1:media_stream_manager.cc(1533)] MSPL::OnSpeedLimitChange({this=0000235C00156D40}, {new_limit=68})
[33520:27752:0513/182057.941:VERBOSE1:media_stream_manager.cc(1533)] MSPL::OnSpeedLimitChange({this=0000235C00156D40}, {new_limit=67})
[33520:27752:0513/182058.939:VERBOSE1:media_stream_manager.cc(1533)] MSPL::OnSpeedLimitChange({this=0000235C00156D40}, {new_limit=66})
[33520:27752:0513/182059.939:VERBOSE1:media_stream_manager.cc(1533)] MSPL::OnSpeedLimitChange({this=0000235C00156D40}, {new_limit=65})
[33520:27752:0513/182101.942:VERBOSE1:media_stream_manager.cc(1533)] MSPL::OnSpeedLimitChange({this=0000235C00156D40}, {new_limit=64})
[33520:27752:0513/182104.950:VERBOSE1:media_stream_manager.cc(1533)] MSPL::OnSpeedLimitChange({this=0000235C00156D40}, {new_limit=65})
[33520:27752:0513/182105.945:VERBOSE1:media_stream_manager.cc(1533)] MSPL::OnSpeedLimitChange({this=0000235C00156D40}, {new_limit=64})
[33520:27752:0513/182112.000:VERBOSE1:media_stream_manager.cc(1533)] MSPL::OnSpeedLimitChange({this=0000235C00156D40}, {new_limit=65})
[33520:27752:0513/182112.000:VERBOSE1:media_stream_manager.cc(1533)] MSPL::OnSpeedLimitChange({this=0000235C00156D40}, {new_limit=66})
[33520:27752:0513/182112.000:VERBOSE1:media_stream_manager.cc(1533)] MSPL::OnSpeedLimitChange({this=0000235C00156D40}, {new_limit=68})
[33520:27752:0513/182112.000:VERBOSE1:media_stream_manager.cc(1533)] MSPL::OnSpeedLimitChange({this=0000235C00156D40}, {new_limit=69})
[33520:27752:0513/182114.692:VERBOSE1:media_stream_manager.cc(1533)] MSPL::OnSpeedLimitChange({this=0000235C00156D40}, {new_limit=70})
[33520:27752:0513/182114.692:VERBOSE1:media_stream_manager.cc(1533)] MSPL::OnSpeedLimitChange({this=0000235C00156D40}, {new_limit=71})
[33520:27752:0513/182114.945:VERBOSE1:media_stream_manager.cc(1533)] MSPL::OnSpeedLimitChange({this=0000235C00156D40}, {new_limit=70})
[33520:27752:0513/182117.947:VERBOSE1:media_stream_manager.cc(1533)] MSPL::OnSpeedLimitChange({this=0000235C00156D40}, {new_limit=69})
[33520:27752:0513/182118.949:VERBOSE1:media_stream_manager.cc(1533)] MSPL::OnSpeedLimitChange({this=0000235C00156D40}, {new_limit=68})
[33520:27752:0513/182119.949:VERBOSE1:media_stream_manager.cc(1533)] MSPL::OnSpeedLimitChange({this=0000235C00156D40}, {new_limit=67})
[33520:27752:0513/182120.948:VERBOSE1:media_stream_manager.cc(1533)] MSPL::OnSpeedLimitChange({this=0000235C00156D40}, {new_limit=66})
[33520:27752:0513/182122.951:VERBOSE1:media_stream_manager.cc(1533)] MSPL::OnSpeedLimitChange({this=0000235C00156D40}, {new_limit=65})
[33520:27752:0513/182123.946:VERBOSE1:media_stream_manager.cc(1533)] MSPL::OnSpeedLimitChange({this=0000235C00156D40}, {new_limit=63})
[33520:27752:0513/182125.947:VERBOSE1:media_stream_manager.cc(1533)] MSPL::OnSpeedLimitChange({this=0000235C00156D40}, {new_limit=64})
[33520:27752:0513/182129.955:VERBOSE1:media_stream_manager.cc(1533)] MSPL::OnSpeedLimitChange({this=0000235C00156D40}, {new_limit=63})
[33520:27752:0513/182130.955:VERBOSE1:media_stream_manager.cc(1533)] MSPL::OnSpeedLimitChange({this=0000235C00156D40}, {new_limit=64})
[33520:27752:0513/182131.955:VERBOSE1:media_stream_manager.cc(1533)] MSPL::OnSpeedLimitChange({this=0000235C00156D40}, {new_limit=63})
[33520:27752:0513/182133.955:VERBOSE1:media_stream_manager.cc(1533)] MSPL::OnSpeedLimitChange({this=0000235C00156D40}, {new_limit=64})
[33520:27752:0513/182135.955:VERBOSE1:media_stream_manager.cc(1533)] MSPL::OnSpeedLimitChange({this=0000235C00156D40}, {new_limit=63})
[33520:27752:0513/182136.955:VERBOSE1:media_stream_manager.cc(1533)] MSPL::OnSpeedLimitChange({this=0000235C00156D40}, {new_limit=64})
[33520:27752:0513/182138.959:VERBOSE1:media_stream_manager.cc(1533)] MSPL::OnSpeedLimitChange({this=0000235C00156D40}, {new_limit=63})
[33520:27752:0513/182142.959:VERBOSE1:media_stream_manager.cc(1533)] MSPL::OnSpeedLimitChange({this=0000235C00156D40}, {new_limit=62})
[33520:27752:0513/182147.960:VERBOSE1:media_stream_manager.cc(1533)] MSPL::OnSpeedLimitChange({this=0000235C00156D40}, {new_limit=61})
[33520:27752:0513/182148.958:VERBOSE1:media_stream_manager.cc(1533)] MSPL::OnSpeedLimitChange({this=0000235C00156D40}, {new_limit=62})
[33520:27752:0513/182151.958:VERBOSE1:media_stream_manager.cc(1533)] MSPL::OnSpeedLimitChange({this=0000235C00156D40}, {new_limit=61})
[33520:27752:0513/182154.967:VERBOSE1:media_stream_manager.cc(1533)] MSPL::OnSpeedLimitChange({this=0000235C00156D40}, {new_limit=62})
[33520:27752:0513/182159.971:VERBOSE1:media_stream_manager.cc(1533)] MSPL::OnSpeedLimitChange({this=0000235C00156D40}, {new_limit=61})
[33520:27752:0513/182200.967:VERBOSE1:media_stream_manager.cc(1533)] MSPL::OnSpeedLimitChange({this=0000235C00156D40}, {new_limit=62})
[33520:27752:0513/182202.966:VERBOSE1:media_stream_manager.cc(1533)] MSPL::OnSpeedLimitChange({this=0000235C00156D40}, {new_limit=61})
[33520:27752:0513/182209.969:VERBOSE1:media_stream_manager.cc(1533)] MSPL::OnSpeedLimitChange({this=0000235C00156D40}, {new_limit=60})
[33520:27752:0513/182215.978:VERBOSE1:media_stream_manager.cc(1533)] MSPL::OnSpeedLimitChange({this=0000235C00156D40}, {new_limit=59})
[33520:27752:0513/182216.976:VERBOSE1:media_stream_manager.cc(1533)] MSPL::OnSpeedLimitChange({this=0000235C00156D40}, {new_limit=60})
[33520:27752:0513/182219.973:VERBOSE1:media_stream_manager.cc(1533)] MSPL::OnSpeedLimitChange({this=0000235C00156D40}, {new_limit=61})
[33520:27752:0513/182220.978:VERBOSE1:media_stream_manager.cc(1533)] MSPL::OnSpeedLimitChange({this=0000235C00156D40}, {new_limit=62})
[33520:27752:0513/182222.069:VERBOSE1:media_stream_manager.cc(1533)] MSPL::OnSpeedLimitChange({this=0000235C00156D40}, {new_limit=63})
[33520:27752:0513/182225.981:VERBOSE1:media_stream_manager.cc(1533)] MSPL::OnSpeedLimitChange({this=0000235C00156D40}, {new_limit=62})
[33520:27752:0513/182226.978:VERBOSE1:media_stream_manager.cc(1533)] MSPL::OnSpeedLimitChange({this=0000235C00156D40}, {new_limit=61})
[33520:27752:0513/182232.009:VERBOSE1:media_stream_manager.cc(1533)] MSPL::OnSpeedLimitChange({this=0000235C00156D40}, {new_limit=60})
[33520:27752:0513/182232.984:VERBOSE1:media_stream_manager.cc(1533)] MSPL::OnSpeedLimitChange({this=0000235C00156D40}, {new_limit=59})
[33520:27752:0513/182236.988:VERBOSE1:media_stream_manager.cc(1533)] MSPL::OnSpeedLimitChange({this=0000235C00156D40}, {new_limit=60})
[33520:27752:0513/182243.988:VERBOSE1:media_stream_manager.cc(1533)] MSPL::OnSpeedLimitChange({this=0000235C00156D40}, {new_limit=59})
[33520:27752:0513/182251.997:VERBOSE1:media_stream_manager.cc(1533)] MSPL::OnSpeedLimitChange({this=0000235C00156D40}, {new_limit=58})
[33520:27752:0513/182256.998:VERBOSE1:media_stream_manager.cc(1533)] MSPL::OnSpeedLimitChange({this=0000235C00156D40}, {new_limit=59})
[33520:27752:0513/182307.998:VERBOSE1:media_stream_manager.cc(1533)] MSPL::OnSpeedLimitChange({this=0000235C00156D40}, {new_limit=58})
[33520:27752:0513/182318.008:VERBOSE1:media_stream_manager.cc(1533)] MSPL::OnSpeedLimitChange({this=0000235C00156D40}, {new_limit=59})
[33520:27752:0513/182326.005:VERBOSE1:media_stream_manager.cc(1533)] MSPL::OnSpeedLimitChange({this=0000235C00156D40}, {new_limit=60})
[33520:27752:0513/182327.005:VERBOSE1:media_stream_manager.cc(1533)] MSPL::OnSpeedLimitChange({this=0000235C00156D40}, {new_limit=59})
[33520:27752:0513/182328.005:VERBOSE1:media_stream_manager.cc(1533)] MSPL::OnSpeedLimitChange({this=0000235C00156D40}, {new_limit=60})
[33520:27752:0513/182329.009:VERBOSE1:media_stream_manager.cc(1533)] MSPL::OnSpeedLimitChange({this=0000235C00156D40}, {new_limit=59})
[33520:27752:0513/182334.009:VERBOSE1:media_stream_manager.cc(1533)] MSPL::OnSpeedLimitChange({this=0000235C00156D40}, {new_limit=60})
[33520:27752:0513/182335.010:VERBOSE1:media_stream_manager.cc(1533)] MSPL::OnSpeedLimitChange({this=0000235C00156D40}, {new_limit=59})
[33520:27752:0513/182344.018:VERBOSE1:media_stream_manager.cc(1533)] MSPL::OnSpeedLimitChange({this=0000235C00156D40}, {new_limit=60})
[33520:27752:0513/182349.022:VERBOSE1:media_stream_manager.cc(1533)] MSPL::OnSpeedLimitChange({this=0000235C00156D40}, {new_limit=61})
[33520:27752:0513/182356.218:VERBOSE1:media_stream_manager.cc(1533)] MSPL::OnSpeedLimitChange({this=0000235C00156D40}, {new_limit=62})
[33520:27752:0513/182357.218:VERBOSE1:media_stream_manager.cc(1533)] MSPL::OnSpeedLimitChange({this=0000235C00156D40}, {new_limit=63})
[33520:27752:0513/182358.218:VERBOSE1:media_stream_manager.cc(1533)] MSPL::OnSpeedLimitChange({this=0000235C00156D40}, {new_limit=64})
[33520:27752:0513/182359.218:VERBOSE1:media_stream_manager.cc(1533)] MSPL::OnSpeedLimitChange({this=0000235C00156D40}, {new_limit=65})
[33520:27752:0513/182400.218:VERBOSE1:media_stream_manager.cc(1533)] MSPL::OnSpeedLimitChange({this=0000235C00156D40}, {new_limit=66})
[33520:27752:0513/182402.218:VERBOSE1:media_stream_manager.cc(1533)] MSPL::OnSpeedLimitChange({this=0000235C00156D40}, {new_limit=67})
[33520:49244:0513/182402.750:VERBOSE1:device_event_log_impl.cc(198)] [18:24:02.750] Display: EVENT: screen_win.cc:893 Displays updated, count: 2
[33520:49244:0513/182402.750:VERBOSE1:device_event_log_impl.cc(198)] [18:24:02.750] Display: EVENT: screen_win.cc:895 Display[1509992682] bounds=[0,0 1920x1080], workarea=[0,0 1920x1032], scale=1, rotation=0, panel_rotation=0 external detected
[33520:49244:0513/182402.750:VERBOSE1:device_event_log_impl.cc(198)] [18:24:02.750] Display: EVENT: screen_win.cc:895 Display[1090097103] bounds=[1920,0 1366x768], workarea=[1920,0 1366x768], scale=1, rotation=0, panel_rotation=0 external detected
[33520:27752:0513/182403.024:VERBOSE1:media_stream_manager.cc(1533)] MSPL::OnSpeedLimitChange({this=0000235C00156D40}, {new_limit=66})
[33520:27752:0513/182404.026:VERBOSE1:media_stream_manager.cc(1533)] MSPL::OnSpeedLimitChange({this=0000235C00156D40}, {new_limit=65})
[33520:27752:0513/182405.026:VERBOSE1:media_stream_manager.cc(1533)] MSPL::OnSpeedLimitChange({this=0000235C00156D40}, {new_limit=64})
[33520:27752:0513/182406.038:VERBOSE1:media_stream_manager.cc(1533)] MSPL::OnSpeedLimitChange({this=0000235C00156D40}, {new_limit=65})
[33520:27752:0513/182407.037:VERBOSE1:media_stream_manager.cc(1533)] MSPL::OnSpeedLimitChange({this=0000235C00156D40}, {new_limit=64})
[33520:49244:0513/182407.051:VERBOSE1:device_event_log_impl.cc(198)] [18:24:07.051] Display: EVENT: screen_win.cc:893 Displays updated, count: 2
[33520:49244:0513/182407.051:VERBOSE1:device_event_log_impl.cc(198)] [18:24:07.051] Display: EVENT: screen_win.cc:895 Display[1509992682] bounds=[0,0 1920x1080], workarea=[0,0 1920x1032], scale=1, rotation=0, panel_rotation=0 external detected
[33520:49244:0513/182407.051:VERBOSE1:device_event_log_impl.cc(198)] [18:24:07.051] Display: EVENT: screen_win.cc:895 Display[1090097103] bounds=[1920,0 1366x768], workarea=[1920,0 1366x768], scale=1, rotation=0, panel_rotation=0 external detected
[33520:27752:0513/182408.031:VERBOSE1:media_stream_manager.cc(1533)] MSPL::OnSpeedLimitChange({this=0000235C00156D40}, {new_limit=63})
[33520:27752:0513/182410.031:VERBOSE1:media_stream_manager.cc(1533)] MSPL::OnSpeedLimitChange({this=0000235C00156D40}, {new_limit=62})
[33520:27752:0513/182411.034:VERBOSE1:media_stream_manager.cc(1533)] MSPL::OnSpeedLimitChange({this=0000235C00156D40}, {new_limit=61})
[33520:27752:0513/182412.029:VERBOSE1:media_stream_manager.cc(1533)] MSPL::OnSpeedLimitChange({this=0000235C00156D40}, {new_limit=60})
[33520:27752:0513/182413.028:VERBOSE1:media_stream_manager.cc(1533)] MSPL::OnSpeedLimitChange({this=0000235C00156D40}, {new_limit=61})
[33520:27752:0513/182415.033:VERBOSE1:media_stream_manager.cc(1533)] MSPL::OnSpeedLimitChange({this=0000235C00156D40}, {new_limit=62})
[33520:27752:0513/182416.034:VERBOSE1:media_stream_manager.cc(1533)] MSPL::OnSpeedLimitChange({this=0000235C00156D40}, {new_limit=61})
[33520:27752:0513/182417.037:VERBOSE1:media_stream_manager.cc(1533)] MSPL::OnSpeedLimitChange({this=0000235C00156D40}, {new_limit=59})
[33520:27752:0513/182419.038:VERBOSE1:media_stream_manager.cc(1533)] MSPL::OnSpeedLimitChange({this=0000235C00156D40}, {new_limit=58})
[33520:27752:0513/182421.038:VERBOSE1:media_stream_manager.cc(1533)] MSPL::OnSpeedLimitChange({this=0000235C00156D40}, {new_limit=57})
[33520:27752:0513/182425.038:VERBOSE1:media_stream_manager.cc(1533)] MSPL::OnSpeedLimitChange({this=0000235C00156D40}, {new_limit=58})
[33520:27752:0513/182431.038:VERBOSE1:media_stream_manager.cc(1533)] MSPL::OnSpeedLimitChange({this=0000235C00156D40}, {new_limit=59})
[33520:27752:0513/182443.044:VERBOSE1:media_stream_manager.cc(1533)] MSPL::OnSpeedLimitChange({this=0000235C00156D40}, {new_limit=58})
[33520:27752:0513/182446.374:VERBOSE1:media_stream_manager.cc(1533)] MSPL::OnSpeedLimitChange({this=0000235C00156D40}, {new_limit=59})
[33520:49244:0513/182447.024:VERBOSE1:device_event_log_impl.cc(198)] [18:24:47.024] Display: EVENT: screen_win.cc:893 Displays updated, count: 2
[33520:49244:0513/182447.024:VERBOSE1:device_event_log_impl.cc(198)] [18:24:47.024] Display: EVENT: screen_win.cc:895 Display[1509992682] bounds=[0,0 1920x1080], workarea=[0,0 1920x1032], scale=1, rotation=0, panel_rotation=0 external detected
[33520:49244:0513/182447.024:VERBOSE1:device_event_log_impl.cc(198)] [18:24:47.024] Display: EVENT: screen_win.cc:895 Display[1090097103] bounds=[1920,0 1366x768], workarea=[1920,0 1366x768], scale=1, rotation=0, panel_rotation=0 external detected
[33520:27752:0513/182449.048:VERBOSE1:media_stream_manager.cc(1533)] MSPL::OnSpeedLimitChange({this=0000235C00156D40}, {new_limit=58})
[33520:27752:0513/182450.231:VERBOSE1:media_stream_manager.cc(1533)] MSPL::OnSpeedLimitChange({this=0000235C00156D40}, {new_limit=60})
[33520:27752:0513/182451.232:VERBOSE1:media_stream_manager.cc(1533)] MSPL::OnSpeedLimitChange({this=0000235C00156D40}, {new_limit=61})
[33520:27752:0513/182452.232:VERBOSE1:media_stream_manager.cc(1533)] MSPL::OnSpeedLimitChange({this=0000235C00156D40}, {new_limit=62})
[33520:27752:0513/182453.233:VERBOSE1:media_stream_manager.cc(1533)] MSPL::OnSpeedLimitChange({this=0000235C00156D40}, {new_limit=64})
[33520:27752:0513/182454.233:VERBOSE1:media_stream_manager.cc(1533)] MSPL::OnSpeedLimitChange({this=0000235C00156D40}, {new_limit=65})
[33520:27752:0513/182455.233:VERBOSE1:media_stream_manager.cc(1533)] MSPL::OnSpeedLimitChange({this=0000235C00156D40}, {new_limit=66})
[33520:27752:0513/182458.233:VERBOSE1:media_stream_manager.cc(1533)] MSPL::OnSpeedLimitChange({this=0000235C00156D40}, {new_limit=68})
[33520:27752:0513/182459.233:VERBOSE1:media_stream_manager.cc(1533)] MSPL::OnSpeedLimitChange({this=0000235C00156D40}, {new_limit=70})
[33520:27752:0513/182504.233:VERBOSE1:media_stream_manager.cc(1533)] MSPL::OnSpeedLimitChange({this=0000235C00156D40}, {new_limit=71})
[33520:27752:0513/182505.233:VERBOSE1:media_stream_manager.cc(1533)] MSPL::OnSpeedLimitChange({this=0000235C00156D40}, {new_limit=72})
[33520:27752:0513/182519.233:VERBOSE1:media_stream_manager.cc(1533)] MSPL::OnSpeedLimitChange({this=0000235C00156D40}, {new_limit=73})
[33520:27752:0513/182521.233:VERBOSE1:media_stream_manager.cc(1533)] MSPL::OnSpeedLimitChange({this=0000235C00156D40}, {new_limit=74})
[33520:27752:0513/182524.233:VERBOSE1:media_stream_manager.cc(1533)] MSPL::OnSpeedLimitChange({this=0000235C00156D40}, {new_limit=75})
[33520:27752:0513/182525.233:VERBOSE1:media_stream_manager.cc(1533)] MSPL::OnSpeedLimitChange({this=0000235C00156D40}, {new_limit=74})
[33520:27752:0513/182526.233:VERBOSE1:media_stream_manager.cc(1533)] MSPL::OnSpeedLimitChange({this=0000235C00156D40}, {new_limit=75})
[33520:27752:0513/182527.234:VERBOSE1:media_stream_manager.cc(1533)] MSPL::OnSpeedLimitChange({this=0000235C00156D40}, {new_limit=74})
[33520:27752:0513/182530.234:VERBOSE1:media_stream_manager.cc(1533)] MSPL::OnSpeedLimitChange({this=0000235C00156D40}, {new_limit=75})
[33520:27752:0513/182531.234:VERBOSE1:media_stream_manager.cc(1533)] MSPL::OnSpeedLimitChange({this=0000235C00156D40}, {new_limit=74})
[33520:27752:0513/182532.234:VERBOSE1:media_stream_manager.cc(1533)] MSPL::OnSpeedLimitChange({this=0000235C00156D40}, {new_limit=75})
[33520:27752:0513/182533.233:VERBOSE1:media_stream_manager.cc(1533)] MSPL::OnSpeedLimitChange({this=0000235C00156D40}, {new_limit=74})
[33520:27752:0513/182535.233:VERBOSE1:media_stream_manager.cc(1533)] MSPL::OnSpeedLimitChange({this=0000235C00156D40}, {new_limit=75})
[33520:27752:0513/182537.234:VERBOSE1:media_stream_manager.cc(1533)] MSPL::OnSpeedLimitChange({this=0000235C00156D40}, {new_limit=76})
[33520:27752:0513/182539.233:VERBOSE1:media_stream_manager.cc(1533)] MSPL::OnSpeedLimitChange({this=0000235C00156D40}, {new_limit=77})
[33520:27752:0513/182541.233:VERBOSE1:media_stream_manager.cc(1533)] MSPL::OnSpeedLimitChange({this=0000235C00156D40}, {new_limit=78})
[33520:27752:0513/182542.233:VERBOSE1:media_stream_manager.cc(1533)] MSPL::OnSpeedLimitChange({this=0000235C00156D40}, {new_limit=77})
[33520:27752:0513/182544.233:VERBOSE1:media_stream_manager.cc(1533)] MSPL::OnSpeedLimitChange({this=0000235C00156D40}, {new_limit=76})
[33520:49244:0513/182544.255:VERBOSE1:device_event_log_impl.cc(198)] [18:25:44.255] Display: EVENT: screen_win.cc:893 Displays updated, count: 2
[33520:49244:0513/182544.255:VERBOSE1:device_event_log_impl.cc(198)] [18:25:44.255] Display: EVENT: screen_win.cc:895 Display[1509992682] bounds=[0,0 1920x1080], workarea=[0,0 1920x1032], scale=1, rotation=0, panel_rotation=0 external detected
[33520:49244:0513/182544.255:VERBOSE1:device_event_log_impl.cc(198)] [18:25:44.255] Display: EVENT: screen_win.cc:895 Display[1090097103] bounds=[1920,0 1366x768], workarea=[1920,0 1366x768], scale=1, rotation=0, panel_rotation=0 external detected
[33520:27752:0513/182545.074:VERBOSE1:media_stream_manager.cc(1533)] MSPL::OnSpeedLimitChange({this=0000235C00156D40}, {new_limit=75})
[33520:27752:0513/182546.074:VERBOSE1:media_stream_manager.cc(1533)] MSPL::OnSpeedLimitChange({this=0000235C00156D40}, {new_limit=73})
[33520:27752:0513/182548.114:VERBOSE1:media_stream_manager.cc(1533)] MSPL::OnSpeedLimitChange({this=0000235C00156D40}, {new_limit=72})
[33520:27752:0513/182549.945:VERBOSE1:media_stream_manager.cc(1533)] MSPL::OnSpeedLimitChange({this=0000235C00156D40}, {new_limit=71})
[51076:28272:0513/182549.949:VERBOSE1:frame_impl.cc(620)] frame 6-0DFAA00E6A0962DE418AF954F8394588 disconnected (reason=BROWSER_FRAME_DISCONNECT, current_state=CONNECTION_ACKED)
[51076:28272:0513/182549.949:VERBOSE1:frame_impl.cc(633)] frame 6-0DFAA00E6A0962DE418AF954F8394588 connection retry scheduled
[33520:49244:0513/182549.949:VERBOSE1:frame_host_impl.cc(515)] frame 6-0DFAA00E6A0962DE418AF954F8394588 (main) detached (reason=NEW_MAIN_FRAME, is_connected=1)
[33520:49244:0513/182549.958:VERBOSE1:account_reconcilor.cc(264)] AccountReconcilor::Shutdown
[33520:49244:0513/182549.958:VERBOSE1:account_reconcilor.cc(718)] AccountReconcilor::AbortReconcile: try again later
[33520:49244:0513/182549.958:VERBOSE1:account_reconcilor.cc(827)] AccountReconcilor::CalculateIfMultiloginReconcileIsDone: Error was 
[33520:49244:0513/182549.958:VERBOSE1:account_reconcilor.cc(313)] AccountReconcilor::UnregisterWithIdentityManager
[33520:49244:0513/182549.958:VERBOSE1:account_reconcilor.cc(286)] AccountReconcilor::UnregisterWithContentSettings
[33520:49244:0513/182549.958:VERBOSE1:gaia_cookie_manager_service.cc(628)] GaiaCookieManagerService::CancelAll
[33520:49244:0513/182549.958:VERBOSE1:mutable_profile_oauth2_token_service_delegate.cc(752)] MutablePO2TS::Shutdown
[33520:49244:0513/182549.958:VERBOSE1:mutable_profile_oauth2_token_service_delegate.cc(235)] MutablePO2TS::~MutablePO2TS
[33520:49244:0513/182549.959:VERBOSE1:device_event_log_impl.cc(198)] [18:25:49.958] Bluetooth: EVENT: bluetooth_api.cc:109 BluetoothAPI: Shutdown
[33520:49244:0513/182549.959:VERBOSE1:account_reconcilor.cc(193)] AccountReconcilor::~AccountReconcilor
[33520:49244:0513/182549.960:VERBOSE1:device_event_log_impl.cc(198)] [18:25:49.959] Bluetooth: EVENT: bluetooth_api.cc:95 ~BluetoothAPI: 0000235C00349A00
[33520:49244:0513/182550.008:VERBOSE1:component_updater_service.cc(180)] CrxUpdateService stopping
[33520:49244:0513/182550.008:WARNING:pref_notifier_impl.cc(41)] Pref observer for media_router.cast_allow_all_ips found at shutdown.
[33520:49244:0513/182550.021:VERBOSE1:statistics_recorder.cc(607)] Collections of all histograms
Histogram: API.StorageAccess.AllowedRequests2 recorded 100 samples, mean = 0.1 (flags = 0x41)
0  ------------------------------------------------------------------------O (93 = 93.0%)
1  -----O                                                                    (7 = 7.0%) {93.0%}
2  ... 

Histogram: API.StorageAccess.DocumentInheritedStorageAccess recorded 3 samples, mean = 0.0 (flags = 0x41)
0  ---O                                                                      (3 = 100.0%)
1  ... 

Histogram: API.StorageAccess.DocumentLoadedWithStorageAccess recorded 3 samples, mean = 0.0 (flags = 0x41)
0  ---O                                                                      (3 = 100.0%)
1  ... 

Histogram: Accessibility.CaptionSettingsLoadedFromSystemSettings recorded 1 samples, mean = 0.0 (flags = 0x41)
0  -O                                                                        (1 = 100.0%)
1  ... 

Histogram: Accessibility.ImageLabels2 recorded 1 samples, mean = 0.0 (flags = 0x41)
0  -O                                                                        (1 = 100.0%)
1  ... 

Histogram: Accessibility.LiveCaption.FeatureEnabled2 recorded 1 samples, mean = 1.0 (flags = 0x41)
0  O                                                                         (0 = 0.0%)
1  -O                                                                        (1 = 100.0%) {0.0%}
2  O                                                                         (0 = 0.0%) {100.0%}

Histogram: Accessibility.LiveCaption2 recorded 1 samples, mean = 0.0 (flags = 0x41)
0  -O                                                                        (1 = 100.0%)
1  ... 

Histogram: Accessibility.ManuallyEnabled recorded 1 samples, mean = 0.0 (flags = 0x41)
0  -O                                                                        (1 = 100.0%)
1  ... 

Histogram: Accessibility.WinJAWS recorded 1 samples, mean = 0.0 (flags = 0x41)
0  -O                                                                        (1 = 100.0%)
1  ... 

Histogram: Accessibility.WinNVDA recorded 1 samples, mean = 0.0 (flags = 0x41)
0  -O                                                                        (1 = 100.0%)
1  ... 

Histogram: Accessibility.WinSAToGo recorded 1 samples, mean = 0.0 (flags = 0x41)
0  -O                                                                        (1 = 100.0%)
1  ... 

Histogram: Accessibility.WinScreenReader2 recorded 1 samples, mean = 0.0 (flags = 0x41)
0  -O                                                                        (1 = 100.0%)
1  ... 

Histogram: Accessibility.WinStickyKeys recorded 1 samples, mean = 0.0 (flags = 0x41)
0  -O                                                                        (1 = 100.0%)
1  ... 

Histogram: Accessibility.WinSupernova recorded 1 samples, mean = 0.0 (flags = 0x41)
0  -O                                                                        (1 = 100.0%)
1  ... 

Histogram: Accessibility.WinZoomText recorded 1 samples, mean = 0.0 (flags = 0x41)
0  -O                                                                        (1 = 100.0%)
1  ... 

Histogram: AppBanners.InstallableStatusCode recorded 1 samples (flags = 0x41)
8  -O                                                                        (1 = 100.0%)

Histogram: Apps.PreferredApps.EntryCount recorded 1 samples, mean = 0.0 (flags = 0x41)
0  -O                                                                        (1 = 100.0%)
1  ... 

Histogram: Autofill.Address.IsEnabled.Startup recorded 1 samples, mean = 1.0 (flags = 0x41)
0  O                                                                         (0 = 0.0%)
1  -O                                                                        (1 = 100.0%) {0.0%}
2  O                                                                         (0 = 0.0%) {100.0%}

Histogram: Autofill.CreditCard.IsEnabled.Startup recorded 1 samples, mean = 1.0 (flags = 0x41)
0  O                                                                         (0 = 0.0%)
1  -O                                                                        (1 = 100.0%) {0.0%}
2  O                                                                         (0 = 0.0%) {100.0%}

Histogram: Autofill.DOMContentLoadedInOutermostMainFrame recorded 1 samples, mean = 1.0 (flags = 0x41)
0  O                                                                         (0 = 0.0%)
1  -O                                                                        (1 = 100.0%) {0.0%}
2  O                                                                         (0 = 0.0%) {100.0%}

Histogram: Autofill.Funnel.ParsedAsType.Address recorded 2 samples, mean = 0.0 (flags = 0x41)
0  --O                                                                       (2 = 100.0%)
1  ... 

Histogram: Autofill.Funnel.ParsedAsType.CreditCard recorded 2 samples, mean = 0.0 (flags = 0x41)
0  --O                                                                       (2 = 100.0%)
1  ... 

Histogram: Autofill.Funnel.ParsedAsType.VirtualCard.StandaloneCvc recorded 2 samples, mean = 0.0 (flags = 0x41)
0  --O                                                                       (2 = 100.0%)
1  ... 

Histogram: Autofill.IsEnabled.Startup recorded 1 samples, mean = 1.0 (flags = 0x41)
0  O                                                                         (0 = 0.0%)
1  -O                                                                        (1 = 100.0%) {0.0%}
2  O                                                                         (0 = 0.0%) {100.0%}

Histogram: Autofill.Leipzig.Duplication.NumberOfLocalSupersetProfilesOnStartup recorded 1 samples, mean = 0.0 (flags = 0x41)
0  -O                                                                        (1 = 100.0%)
1  ... 

Histogram: Autofill.NumberOfDriversPerFactory recorded 1 samples, mean = 1.0 (flags = 0x41)
0  O                                                                         (0 = 0.0%)
1  -O                                                                        (1 = 100.0%) {0.0%}
2  ... 

Histogram: Autofill.Offer.StoredOfferCount2.CardLinkedOffer recorded 1 samples, mean = 0.0 (flags = 0x41)
0  -O                                                                        (1 = 100.0%)
1  ... 

Histogram: Autofill.Offer.StoredOfferCount2.GPayPromoCodeOffer recorded 1 samples, mean = 0.0 (flags = 0x41)
0  -O                                                                        (1 = 100.0%)
1  ... 

Histogram: Autofill.PaymentMethods.CvcStorageIsEnabled.Startup recorded 1 samples, mean = 0.0 (flags = 0x41)
0  -O                                                                        (1 = 100.0%)
1  ... 

Histogram: Autofill.StoredCreditCardCount recorded 1 samples, mean = 0.0 (flags = 0x41)
0  -O                                                                        (1 = 100.0%)
1  ... 

Histogram: Autofill.StoredCreditCardCount.Local recorded 1 samples, mean = 0.0 (flags = 0x41)
0  -O                                                                        (1 = 100.0%)
1  ... 

Histogram: Autofill.StoredCreditCardCount.Local.WithInvalidCardNumber recorded 1 samples, mean = 0.0 (flags = 0x41)
0  -O                                                                        (1 = 100.0%)
1  ... 

Histogram: Autofill.StoredCreditCardCount.Local.WithNickname recorded 1 samples, mean = 0.0 (flags = 0x41)
0  -O                                                                        (1 = 100.0%)
1  ... 

Histogram: Autofill.StoredCreditCardCount.Server recorded 1 samples, mean = 0.0 (flags = 0x41)
0  -O                                                                        (1 = 100.0%)
1  ... 

Histogram: Autofill.StoredCreditCardCount.Server.Masked recorded 1 samples, mean = 0.0 (flags = 0x41)
0  -O                                                                        (1 = 100.0%)
1  ... 

Histogram: Autofill.StoredCreditCardCount.Server.Masked.WithNickname recorded 1 samples, mean = 0.0 (flags = 0x41)
0  -O                                                                        (1 = 100.0%)
1  ... 

Histogram: Autofill.StoredCreditCardCount.Server.Unmasked recorded 1 samples, mean = 0.0 (flags = 0x41)
0  -O                                                                        (1 = 100.0%)
1  ... 

Histogram: Autofill.StoredCreditCardCount.Server.WithCardArtImage recorded 1 samples, mean = 0.0 (flags = 0x41)
0  -O                                                                        (1 = 100.0%)
1  ... 

Histogram: Autofill.StoredCreditCardCount.Server.WithVirtualCardMetadata recorded 1 samples, mean = 0.0 (flags = 0x41)
0  -O                                                                        (1 = 100.0%)
1  ... 

Histogram: Autofill.StoredIbanCount recorded 1 samples, mean = 0.0 (flags = 0x41)
0  -O                                                                        (1 = 100.0%)
1  ... 

Histogram: Autofill.StoredProfileCount.AccountChrome recorded 1 samples, mean = 0.0 (flags = 0x41)
0  -O                                                                        (1 = 100.0%)
1  ... 

Histogram: Autofill.StoredProfileCount.AccountNonChrome recorded 1 samples, mean = 0.0 (flags = 0x41)
0  -O                                                                        (1 = 100.0%)
1  ... 

Histogram: Autofill.StoredProfileCount.Legacy recorded 1 samples, mean = 0.0 (flags = 0x41)
0  -O                                                                        (1 = 100.0%)
1  ... 

Histogram: Autofill.StoredProfileCount.Total recorded 1 samples, mean = 0.0 (flags = 0x41)
0  -O                                                                        (1 = 100.0%)
1  ... 

Histogram: Autofill.StrikeDatabase.StrikeDatabaseInitFailed recorded 4 samples, mean = 1.5 (flags = 0x41)
0  -O                                                                        (1 = 25.0%)
1  -O                                                                        (1 = 25.0%) {25.0%}
2  -O                                                                        (1 = 25.0%) {50.0%}
3  -O                                                                        (1 = 25.0%) {75.0%}
4  ... 

Histogram: Autofill.TimingInterval.ExtractFormData.GetFormDataFromUnownedInputElements.AutofillAgentReset recorded 2 samples, mean = 655086.0 (flags = 0x41)
0       ... 
388319  -O                                                                        (1 = 50.0%) {0.0%}
453284  ... 
841582  -O                                                                        (1 = 50.0%) {50.0%}
982376  ... 

Histogram: Autofill.TimingInterval.ExtractFormData.GetFormDataFromUnownedInputElements.DOMContentLoaded recorded 2 samples, mean = 1073996416.0 (flags = 0x41)
0         ... 
453284    -O                                                                        (1 = 50.0%) {0.0%}
529117    ... 
10000000  -O                                                                        (1 = 50.0%) {50.0%}

Histogram: Autofill.TimingInterval.ExtractFormData.UpdateFormCache.AutofillAgentReset recorded 2 samples, mean = 655087.5 (flags = 0x41)
0       ... 
388319  -O                                                                        (1 = 50.0%) {0.0%}
453284  ... 
841582  -O                                                                        (1 = 50.0%) {50.0%}
982376  ... 

Histogram: Autofill.TimingInterval.ExtractFormData.UpdateFormCache.DOMContentLoaded recorded 2 samples, mean = 254618.5 (flags = 0x41)
0       ... 
4       -O                                                                        (1 = 50.0%) {0.0%}
5       ... 
453284  -O                                                                        (1 = 50.0%) {50.0%}
529117  ... 

Histogram: Autofill.TimingInterval.UpdateFormCache.UpdateFormCache.AutofillAgentReset recorded 2 samples, mean = 655100.5 (flags = 0x41)
0       ... 
388319  -O                                                                        (1 = 50.0%) {0.0%}
453284  ... 
841582  -O                                                                        (1 = 50.0%) {50.0%}
982376  ... 

Histogram: Autofill.TimingInterval.UpdateFormCache.UpdateFormCache.DOMContentLoaded recorded 2 samples, mean = 254631.5 (flags = 0x41)
0       ... 
20      -O                                                                        (1 = 50.0%) {0.0%}
23      ... 
453284  -O                                                                        (1 = 50.0%) {50.0%}
529117  ... 

Histogram: Autofill.TimingPrecise.ExtractFormData recorded 4 samples, mean = 19.0 (flags = 0x41)
0   O                                                                         (0 = 0.0%)
1   --O                                                                       (2 = 50.0%) {0.0%}
2   ... 
36  --O                                                                       (2 = 50.0%) {50.0%}
41  ... 

Histogram: Autofill.TimingPrecise.ExtractFormData.GetFormDataFromUnownedInputElements recorded 2 samples, mean = 19.0 (flags = 0x41)
0   O                                                                         (0 = 0.0%)
1   -O                                                                        (1 = 50.0%) {0.0%}
2   ... 
36  -O                                                                        (1 = 50.0%) {50.0%}
41  ... 

Histogram: Autofill.TimingPrecise.ExtractFormData.UpdateFormCache recorded 2 samples, mean = 19.0 (flags = 0x41)
0   O                                                                         (0 = 0.0%)
1   -O                                                                        (1 = 50.0%) {0.0%}
2   ... 
36  -O                                                                        (1 = 50.0%) {50.0%}
41  ... 

Histogram: Autofill.TimingPrecise.InferLabelForElement recorded 4 samples, mean = 0.0 (flags = 0x41)
0  ----O                                                                     (4 = 100.0%)
1  ... 

Histogram: Autofill.TimingPrecise.UpdateFormCache recorded 2 samples, mean = 35.5 (flags = 0x41)
0   ... 
19  -O                                                                        (1 = 50.0%) {0.0%}
22  ... 
47  -O                                                                        (1 = 50.0%) {50.0%}
53  ... 

Histogram: Autofill.TimingPrecise.UpdateFormCache.UpdateFormCache recorded 2 samples, mean = 35.5 (flags = 0x41)
0   ... 
19  -O                                                                        (1 = 50.0%) {0.0%}
22  ... 
47  -O                                                                        (1 = 50.0%) {50.0%}
53  ... 

Histogram: Autofill.VirtualCardUsageData.StoredUsageDataCount recorded 1 samples, mean = 0.0 (flags = 0x41)
0  -O                                                                        (1 = 100.0%)
1  ... 

Histogram: Blink.CSSStyleSheetResource.ParseTime recorded 8 samples, mean = 460.6 (flags = 0x41)
0     ... 
21    -O                                                                        (1 = 12.5%) {0.0%}
29    O                                                                         (0 = 0.0%) {12.5%}
40    -O                                                                        (1 = 12.5%) {12.5%}
55    -O                                                                        (1 = 12.5%) {25.0%}
76    -O                                                                        (1 = 12.5%) {37.5%}
105   O                                                                         (0 = 0.0%) {50.0%}
146   -O                                                                        (1 = 12.5%) {50.0%}
203   ... 
391   --O                                                                       (2 = 25.0%) {62.5%}
542   ... 
2008  -O                                                                        (1 = 12.5%) {87.5%}
2786  ... 

Histogram: Blink.CommitDocumentLoaderTime recorded 3 samples, mean = 2.0 (flags = 0x41)
0  -O                                                                        (1 = 33.3%)
1  -O                                                                        (1 = 33.3%) {33.3%}
2  ... 
5  -O                                                                        (1 = 33.3%) {66.7%}
6  ... 

Histogram: Blink.CookiesTime recorded 20 samples, mean = 0.0 (flags = 0x41)
0  --------------------O                                                     (20 = 100.0%)
1  ... 

Histogram: Blink.CullRect.UpdateTime recorded 30 samples, mean = 4.1 (flags = 0x41)
0   ---------------O                                                          (15 = 50.0%)
1   -------O                                                                  (7 = 23.3%) {50.0%}
2   ... 
4   --O                                                                       (2 = 6.7%) {73.3%}
6   -O                                                                        (1 = 3.3%) {80.0%}
8   O                                                                         (0 = 0.0%) {83.3%}
11  -O                                                                        (1 = 3.3%) {83.3%}
15  --O                                                                       (2 = 6.7%) {86.7%}
21  -O                                                                        (1 = 3.3%) {93.3%}
29  -O                                                                        (1 = 3.3%) {96.7%}
40  ... 

Histogram: Blink.DocumentLoader.CommitNavigationToStartLoadingResponse.Time.OutermostMainFrame.NewNavigation.IsHTTPOrHTTPS recorded 1 samples, mean = 0.0 (flags = 0x41)
0  -O                                                                        (1 = 100.0%)
1  ... 

Histogram: Blink.DocumentLoader.CreateParserPostCommit.Time.OutermostMainFrame.NewNavigation.IsHTTPOrHTTPS recorded 1 samples, mean = 4.0 (flags = 0x41)
0  ... 
4  -O                                                                        (1 = 100.0%) {0.0%}
5  ... 

Histogram: Blink.Experimental.Cookies.CacheLookupResult2 recorded 20 samples, mean = 0.9 (flags = 0x41)
0  -O                                                                        (1 = 5.0%)
1  -------------------O                                                      (19 = 95.0%) {5.0%}
2  ... 

Histogram: Blink.Experimental.Cookies.FirstCookieRequest recorded 1 samples, mean = 1.0 (flags = 0x41)
0  O                                                                         (0 = 0.0%)
1  -O                                                                        (1 = 100.0%) {0.0%}
2  ... 

Histogram: Blink.Fetch.RequestResourceTime2 recorded 134 samples, mean = 89.9 (flags = 0x41)
0     ... 
8     ------------------------------------O                                     (36 = 26.9%) {0.0%}
11    ----------------------O                                                   (22 = 16.4%) {26.9%}
15    ----------------O                                                         (16 = 11.9%) {43.3%}
21    ---------O                                                                (9 = 6.7%) {55.2%}
29    --------O                                                                 (8 = 6.0%) {61.9%}
40    -----------O                                                              (11 = 8.2%) {67.9%}
55    -------------O                                                            (13 = 9.7%) {76.1%}
76    -----O                                                                    (5 = 3.7%) {85.8%}
105   ---O                                                                      (3 = 2.2%) {89.6%}
146   -----O                                                                    (5 = 3.7%) {91.8%}
203   ---O                                                                      (3 = 2.2%) {95.5%}
282   --O                                                                       (2 = 1.5%) {97.8%}
391   ... 
5362  -O                                                                        (1 = 0.7%) {99.3%}
7439  ... 

Histogram: Blink.Fetch.RequestResourceTime2.Preload recorded 41 samples, mean = 36.0 (flags = 0x41)
0    ... 
8    -----O                                                                    (5 = 12.2%) {0.0%}
11   ------O                                                                   (6 = 14.6%) {12.2%}
15   ------------O                                                             (12 = 29.3%) {26.8%}
21   ----O                                                                     (4 = 9.8%) {56.1%}
29   ----O                                                                     (4 = 9.8%) {65.9%}
40   ----O                                                                     (4 = 9.8%) {75.6%}
55   --O                                                                       (2 = 4.9%) {85.4%}
76   --O                                                                       (2 = 4.9%) {90.2%}
105  -O                                                                        (1 = 2.4%) {95.1%}
146  ... 
282  -O                                                                        (1 = 2.4%) {97.6%}
391  ... 

Histogram: Blink.FetchQueuedPreloadsTime.MainFrame.Initial recorded 1 samples, mean = 0.0 (flags = 0x41)
0  -O                                                                        (1 = 100.0%)
1  ... 

Histogram: Blink.Fonts.DecodeTime recorded 5 samples, mean = 3973.8 (flags = 0x41)
0     ... 
2786  ---O                                                                      (3 = 60.0%) {0.0%}
3865  -O                                                                        (1 = 20.0%) {60.0%}
5362  -O                                                                        (1 = 20.0%) {80.0%}
7439  ... 

Histogram: Blink.Fonts.VariableFontsRatio recorded 5 samples, mean = 1.2 (flags = 0x41)
0  O                                                                         (0 = 0.0%)
1  ----O                                                                     (4 = 80.0%) {0.0%}
2  -O                                                                        (1 = 20.0%) {80.0%}
3  ... 

Histogram: Blink.ForcedStyleAndLayout.UpdateTime.PreFCP recorded 2 samples, mean = 8.5 (flags = 0x41)
0   O                                                                         (0 = 0.0%)
1   -O                                                                        (1 = 50.0%) {0.0%}
2   ... 
15  -O                                                                        (1 = 50.0%) {50.0%}
21  ... 

Histogram: Blink.HTMLFastPathParser.AbortedParseSize recorded 32 samples, mean = 1.8 (flags = 0x41)
0  ----O                                                                     (4 = 12.5%)
1  O                                                                         (0 = 0.0%) {12.5%}
2  ----------------------------O                                             (28 = 87.5%) {12.5%}
3  ... 

Histogram: Blink.HTMLFastPathParser.AbortedParseTime2 recorded 32 samples, mean = 1.4 (flags = 0x41)
0   ---------------O                                                          (15 = 46.9%)
1   --------------O                                                           (14 = 43.8%) {46.9%}
2   -O                                                                        (1 = 3.1%) {90.6%}
3   O                                                                         (0 = 0.0%) {93.8%}
4   -O                                                                        (1 = 3.1%) {93.8%}
5   ... 
25  -O                                                                        (1 = 3.1%) {96.9%}
27  ... 

Histogram: Blink.HTMLFastPathParser.ParseResult recorded 64 samples, mean = 8.1 (flags = 0x41)
0   --------------------------------O                                         (32 = 50.0%)
1   ... 
4   ----O                                                                     (4 = 6.2%) {50.0%}
5   ... 
18  ----------------------------O                                             (28 = 43.8%) {56.2%}
19  ... 

Histogram: Blink.HTMLFastPathParser.SuccessfulParseSize recorded 32 samples, mean = 322.5 (flags = 0x41)
0    ... 
146  ----O                                                                     (4 = 12.5%) {0.0%}
203  --------O                                                                 (8 = 25.0%) {12.5%}
282  ------------O                                                             (12 = 37.5%) {37.5%}
391  --------O                                                                 (8 = 25.0%) {75.0%}
542  ... 

Histogram: Blink.HTMLFastPathParser.SuccessfulParseTime2 recorded 32 samples, mean = 3.4 (flags = 0x41)
0   ---O                                                                      (3 = 9.4%)
1   -------------O                                                            (13 = 40.6%) {9.4%}
2   ------O                                                                   (6 = 18.8%) {50.0%}
3   --O                                                                       (2 = 6.2%) {68.8%}
4   --O                                                                       (2 = 6.2%) {75.0%}
5   O                                                                         (0 = 0.0%) {81.2%}
6   -O                                                                        (1 = 3.1%) {81.2%}
7   ... 
9   -O                                                                        (1 = 3.1%) {84.4%}
10  -O                                                                        (1 = 3.1%) {87.5%}
11  O                                                                         (0 = 0.0%) {90.6%}
12  -O                                                                        (1 = 3.1%) {90.6%}
13  ... 
17  --O                                                                       (2 = 6.2%) {93.8%}
18  ... 

Histogram: Blink.HTMLFastPathParser.TotalParseTime2 recorded 64 samples, mean = 9.8 (flags = 0x41)
0   --O                                                                       (2 = 3.1%)
1   ---------O                                                                (9 = 14.1%) {3.1%}
2   ----------O                                                               (10 = 15.6%) {17.2%}
3   -------O                                                                  (7 = 10.9%) {32.8%}
4   ------O                                                                   (6 = 9.4%) {43.8%}
5   O                                                                         (0 = 0.0%) {53.1%}
6   --O                                                                       (2 = 3.1%) {53.1%}
7   --O                                                                       (2 = 3.1%) {56.2%}
8   --O                                                                       (2 = 3.1%) {59.4%}
9   O                                                                         (0 = 0.0%) {62.5%}
10  -O                                                                        (1 = 1.6%) {62.5%}
11  -O                                                                        (1 = 1.6%) {64.1%}
12  -O                                                                        (1 = 1.6%) {65.6%}
13  -O                                                                        (1 = 1.6%) {67.2%}
14  O                                                                         (0 = 0.0%) {68.8%}
15  --O                                                                       (2 = 3.1%) {68.8%}
16  ---O                                                                      (3 = 4.7%) {71.9%}
17  ----O                                                                     (4 = 6.2%) {76.6%}
18  --O                                                                       (2 = 3.1%) {82.8%}
19  -O                                                                        (1 = 1.6%) {85.9%}
21  --O                                                                       (2 = 3.1%) {87.5%}
23  O                                                                         (0 = 0.0%) {90.6%}
25  -O                                                                        (1 = 1.6%) {90.6%}
27  O                                                                         (0 = 0.0%) {92.2%}
29  --O                                                                       (2 = 3.1%) {92.2%}
31  -O                                                                        (1 = 1.6%) {95.3%}
34  ... 
43  -O                                                                        (1 = 1.6%) {96.9%}
46  ... 
63  -O                                                                        (1 = 1.6%) {98.4%}
68  ... 

Histogram: Blink.HTMLParsing.ChunkCount4 recorded 1 samples, mean = 1.0 (flags = 0x41)
0  O                                                                         (0 = 0.0%)
1  -O                                                                        (1 = 100.0%) {0.0%}
2  ... 

Histogram: Blink.HTMLParsing.InputCharacterCount4 recorded 1 samples, mean = 157376.0 (flags = 0x41)
0       ... 
141691  -O                                                                        (1 = 100.0%) {0.0%}
196583  ... 

Histogram: Blink.HTMLParsing.ParsingTimeMax4 recorded 1 samples, mean = 1319.0 (flags = 0x41)
0     ... 
1319  -O                                                                        (1 = 100.0%) {0.0%}
1339  ... 

Histogram: Blink.HTMLParsing.ParsingTimeMin4 recorded 1 samples, mean = 1319.0 (flags = 0x41)
0     ... 
1168  -O                                                                        (1 = 100.0%) {0.0%}
1330  ... 

Histogram: Blink.HTMLParsing.ParsingTimeTotal4 recorded 1 samples, mean = 1319.0 (flags = 0x41)
0     ... 
1319  -O                                                                        (1 = 100.0%) {0.0%}
1339  ... 

Histogram: Blink.HTMLParsing.PreloadRequestCount recorded 1 samples, mean = 33.0 (flags = 0x41)
0   ... 
33  -O                                                                        (1 = 100.0%) {0.0%}
37  ... 

Histogram: Blink.HTMLParsing.TimeToDeferredPumpTokenizer4 recorded 1 samples, mean = 178.0 (flags = 0x41)
0    ... 
168  -O                                                                        (1 = 100.0%) {0.0%}
191  ... 

Histogram: Blink.HTMLParsing.TokensParsedAverage4 recorded 1 samples, mean = 127.0 (flags = 0x41)
0    ... 
113  -O                                                                        (1 = 100.0%) {0.0%}
149  ... 

Histogram: Blink.HTMLParsing.TokensParsedMax4 recorded 1 samples, mean = 127.0 (flags = 0x41)
0    ... 
113  -O                                                                        (1 = 100.0%) {0.0%}
149  ... 

Histogram: Blink.HTMLParsing.TokensParsedMin4 recorded 1 samples, mean = 127.0 (flags = 0x41)
0    ... 
114  -O                                                                        (1 = 100.0%) {0.0%}
135  ... 

Histogram: Blink.HTMLParsing.TokensParsedTotal4 recorded 1 samples, mean = 127.0 (flags = 0x41)
0    ... 
105  -O                                                                        (1 = 100.0%) {0.0%}
146  ... 

Histogram: Blink.HTMLParsing.YieldedTimeAverage4 recorded 1 samples, mean = 174.0 (flags = 0x41)
0    ... 
170  -O                                                                        (1 = 100.0%) {0.0%}
198  ... 

Histogram: Blink.HTMLParsing.YieldedTimeMax4 recorded 1 samples, mean = 184.0 (flags = 0x41)
0    ... 
184  -O                                                                        (1 = 100.0%) {0.0%}
187  ... 

Histogram: Blink.HTMLParsing.YieldedTimeMin4 recorded 1 samples, mean = 164.0 (flags = 0x41)
0    ... 
146  -O                                                                        (1 = 100.0%) {0.0%}
170  ... 

Histogram: Blink.History.VisitedLinks.IsLinkStyledAsVisited recorded 64 samples, mean = 0.0 (flags = 0x41)
0  ----------------------------------------------------------------O         (64 = 100.0%)
1  ... 

Histogram: Blink.JavascriptDocumentUpdate.UpdateTime.PreFCP recorded 1 samples, mean = 1.0 (flags = 0x41)
0  O                                                                         (0 = 0.0%)
1  -O                                                                        (1 = 100.0%) {0.0%}
2  ... 

Histogram: Blink.Layout.InlineNode.ShapeText.MaxTime.InOutermostMainFrame3 recorded 1 samples, mean = 976.0 (flags = 0x41)
0    ... 
752  -O                                                                        (1 = 100.0%) {0.0%}
1043 ... 

Histogram: Blink.Layout.InlineNode.ShapeText.TotalTime.InOutermostMainFrame3 recorded 1 samples, mean = 4458.0 (flags = 0x41)
0     ... 
3865  -O                                                                        (1 = 100.0%) {0.0%}
5362  ... 

Histogram: Blink.Layout.SVGImage.Count.InOutermostMainFrame recorded 1 samples, mean = 0.0 (flags = 0x41)
0  -O                                                                        (1 = 100.0%)
1  ... 

Histogram: Blink.Layout.SVGImage.TotalTime.InOutermostMainFrame recorded 1 samples, mean = 0.0 (flags = 0x41)
0  -O                                                                        (1 = 100.0%)
1  ... 

Histogram: Blink.MainFrame.UpdateTime.PreFCP recorded 30 samples, mean = 1736.6 (flags = 0x41)
0      ... 
40     -------O                                                                  (7 = 23.3%) {0.0%}
55     -----------O                                                              (11 = 36.7%) {23.3%}
76     --O                                                                       (2 = 6.7%) {60.0%}
105    O                                                                         (0 = 0.0%) {66.7%}
146    -O                                                                        (1 = 3.3%) {66.7%}
203    O                                                                         (0 = 0.0%) {70.0%}
282    ---O                                                                      (3 = 10.0%) {70.0%}
391    O                                                                         (0 = 0.0%) {80.0%}
542    -O                                                                        (1 = 3.3%) {80.0%}
752    ... 
2786   --O                                                                       (2 = 6.7%) {83.3%}
3865   -O                                                                        (1 = 3.3%) {90.0%}
5362   ... 
10321  -O                                                                        (1 = 3.3%) {93.3%}
14319  O                                                                         (0 = 0.0%) {96.7%}
19866  -O                                                                        (1 = 3.3%) {96.7%}
27562  ... 

Histogram: Blink.MemoryCache.RevalidationPolicy.AsyncScript recorded 47 samples, mean = 1.5 (flags = 0x41)
0  -----------------------O                                                  (23 = 48.9%)
1  ... 
3  ------------------------O                                                 (24 = 51.1%) {48.9%}
4  ... 

Histogram: Blink.MemoryCache.RevalidationPolicy.CSSStyleSheet recorded 8 samples, mean = 0.0 (flags = 0x41)
0  --------O                                                                 (8 = 100.0%)
1  ... 

Histogram: Blink.MemoryCache.RevalidationPolicy.Dead.CSSStyleSheet recorded 1 samples, mean = 0.0 (flags = 0x41)
0  -O                                                                        (1 = 100.0%)
1  ... 

Histogram: Blink.MemoryCache.RevalidationPolicy.Dead.Font recorded 1 samples, mean = 0.0 (flags = 0x41)
0  -O                                                                        (1 = 100.0%)
1  ... 

Histogram: Blink.MemoryCache.RevalidationPolicy.Dead.Script recorded 22 samples, mean = 0.0 (flags = 0x41)
0  ----------------------O                                                   (22 = 100.0%)
1  ... 

Histogram: Blink.MemoryCache.RevalidationPolicy.Font recorded 23 samples, mean = 4.0 (flags = 0x41)
0  -O                                                                        (1 = 4.3%)
1  ... 
4  ------------------O                                                       (18 = 78.3%) {4.3%}
5  ----O                                                                     (4 = 17.4%) {82.6%}
6  O                                                                         (0 = 0.0%) {100.0%}

Histogram: Blink.MemoryCache.RevalidationPolicy.Image recorded 35 samples, mean = 4.0 (flags = 0x41)
0  ... 
3  -O                                                                        (1 = 2.9%) {0.0%}
4  ----------------------------------O                                       (34 = 97.1%) {2.9%}
5  ... 

Histogram: Blink.MemoryCache.RevalidationPolicy.Manifest recorded 1 samples, mean = 3.0 (flags = 0x41)
0  ... 
3  -O                                                                        (1 = 100.0%) {0.0%}
4  ... 

Histogram: Blink.MemoryCache.RevalidationPolicy.Preload.CSSStyleSheet recorded 15 samples, mean = 1.6 (flags = 0x41)
0  -------O                                                                  (7 = 46.7%)
1  ... 
3  --------O                                                                 (8 = 53.3%) {46.7%}
4  ... 

Histogram: Blink.MemoryCache.RevalidationPolicy.Preload.Font recorded 2 samples, mean = 1.5 (flags = 0x41)
0  -O                                                                        (1 = 50.0%)
1  ... 
3  -O                                                                        (1 = 50.0%) {50.0%}
4  ... 

Histogram: Blink.MemoryCache.RevalidationPolicy.Preload.Script recorded 24 samples, mean = 2.8 (flags = 0x41)
0  --O                                                                       (2 = 8.3%)
1  ... 
3  ----------------------O                                                   (22 = 91.7%) {8.3%}
4  ... 

Histogram: Blink.MemoryCache.RevalidationPolicy.Raw recorded 5 samples, mean = 3.0 (flags = 0x41)
0  ... 
3  -----O                                                                    (5 = 100.0%) {0.0%}
4  ... 

Histogram: Blink.MemoryCache.RevalidationPolicy.Script recorded 25 samples, mean = 0.4 (flags = 0x41)
0  ----------------------O                                                   (22 = 88.0%)
1  ... 
3  ---O                                                                      (3 = 12.0%) {88.0%}
4  ... 

Histogram: Blink.PreloadRequestStartDuration recorded 41 samples, mean = 37.0 (flags = 0x41)
0    ... 
8    -----O                                                                    (5 = 12.2%) {0.0%}
11   ----O                                                                     (4 = 9.8%) {12.2%}
15   --------------O                                                           (14 = 34.1%) {22.0%}
21   ---O                                                                      (3 = 7.3%) {56.1%}
29   ----O                                                                     (4 = 9.8%) {63.4%}
40   -----O                                                                    (5 = 12.2%) {73.2%}
55   --O                                                                       (2 = 4.9%) {85.4%}
76   --O                                                                       (2 = 4.9%) {90.2%}
105  -O                                                                        (1 = 2.4%) {95.1%}
146  ... 
282  -O                                                                        (1 = 2.4%) {97.6%}
391  ... 

Histogram: Blink.PreloadRequestWaitTime recorded 31 samples, mean = 0.2 (flags = 0x41)
0  -------------------------O                                                (25 = 80.6%)
1  ------O                                                                   (6 = 19.4%) {80.6%}
2  ... 

Histogram: Blink.PrepareToStopParsingTime recorded 35 samples, mean = 0.0 (flags = 0x41)
0  -----------------------------------O                                      (35 = 100.0%)
1  ... 

Histogram: Blink.PumpTokenizerTime recorded 70 samples, mean = 0.0 (flags = 0x41)
0  --------------------------------------------------------------------O     (68 = 97.1%)
1  -O                                                                        (1 = 1.4%) {97.1%}
2  -O                                                                        (1 = 1.4%) {98.6%}
3  ... 

Histogram: Blink.ResourceRequest.BackgroundResourceFetchSupportStatus recorded 45 samples, mean = 0.0 (flags = 0x41)
0  --------------------------------------------O                             (44 = 97.8%)
1  O                                                                         (0 = 0.0%) {97.8%}
2  -O                                                                        (1 = 2.2%) {97.8%}
3  ... 

Histogram: Blink.ResourceRequest.CompletionDelay2 recorded 45 samples, mean = 4.8 (flags = 0x41)
0   ------------O                                                             (12 = 26.7%)
1   --O                                                                       (2 = 4.4%) {26.7%}
2   O                                                                         (0 = 0.0%) {31.1%}
3   --O                                                                       (2 = 4.4%) {31.1%}
4   --O                                                                       (2 = 4.4%) {35.6%}
5   ----O                                                                     (4 = 8.9%) {40.0%}
6   ---O                                                                      (3 = 6.7%) {48.9%}
7   --------O                                                                 (8 = 17.8%) {55.6%}
8   ----------O                                                               (10 = 22.2%) {73.3%}
10  -O                                                                        (1 = 2.2%) {95.6%}
12  -O                                                                        (1 = 2.2%) {97.8%}
14  ... 

Histogram: Blink.ResourceRequest.RedirectDelay2 recorded 1 samples, mean = 0.0 (flags = 0x41)
0  -O                                                                        (1 = 100.0%)
1  ... 

Histogram: Blink.ResourceRequest.ResponseDelay2 recorded 45 samples, mean = 4.4 (flags = 0x41)
0   -----------O                                                              (11 = 24.4%)
1   ------O                                                                   (6 = 13.3%) {24.4%}
2   ---O                                                                      (3 = 6.7%) {37.8%}
3   -O                                                                        (1 = 2.2%) {44.4%}
4   ---O                                                                      (3 = 6.7%) {46.7%}
5   ... 
7   ---------O                                                                (9 = 20.0%) {53.3%}
8   -----------O                                                              (11 = 24.4%) {73.3%}
10  O                                                                         (0 = 0.0%) {97.8%}
12  -O                                                                        (1 = 2.2%) {97.8%}
14  ... 

Histogram: Blink.ResourceRequest.StartDelay2 recorded 45 samples, mean = 283.7 (flags = 0x41)
0    ... 
5    -O                                                                        (1 = 2.2%) {0.0%}
6    ... 
14   -O                                                                        (1 = 2.2%) {2.2%}
17   -O                                                                        (1 = 2.2%) {4.4%}
20   -O                                                                        (1 = 2.2%) {6.7%}
24   ... 
160  -O                                                                        (1 = 2.2%) {8.9%}
190  --O                                                                       (2 = 4.4%) {11.1%}
226  ---O                                                                      (3 = 6.7%) {15.6%}
268  -----O                                                                    (5 = 11.1%) {22.2%}
318  ------------------------------O                                           (30 = 66.7%) {33.3%}
378  ... 

Histogram: Blink.ScanAndPreloadTime.MainFrame.Initial recorded 1 samples, mean = 1.0 (flags = 0x41)
0  O                                                                         (0 = 0.0%)
1  -O                                                                        (1 = 100.0%) {0.0%}
2  ... 

Histogram: Blink.ScanAndPreloadTime.MainFrame.NonInitial recorded 1 samples, mean = 0.0 (flags = 0x41)
0  -O                                                                        (1 = 100.0%)
1  ... 

Histogram: Blink.ScanAndPreloadTime2.MainFrame.Initial recorded 1 samples, mean = 1372.0 (flags = 0x41)
0     ... 
1043  -O                                                                        (1 = 100.0%) {0.0%}
1447  ... 

Histogram: Blink.ScanAndPreloadTime2.MainFrame.NonInitial recorded 1 samples, mean = 7.0 (flags = 0x41)
0  ... 
6  -O                                                                        (1 = 100.0%) {0.0%}
8  ... 

Histogram: Blink.ScanAndPreloadTime2.Preload.MainFrame.Initial recorded 1 samples, mean = 926.0 (flags = 0x41)
0    ... 
752  -O                                                                        (1 = 100.0%) {0.0%}
1043 ... 

Histogram: Blink.ScanAndPreloadTime2.Preload.MainFrame.NonInitial recorded 1 samples, mean = 0.0 (flags = 0x41)
0  -O                                                                        (1 = 100.0%)
1  ... 

Histogram: Blink.ScanAndPreloadTime2.Scan.MainFrame.Initial recorded 1 samples, mean = 441.0 (flags = 0x41)
0    ... 
391  -O                                                                        (1 = 100.0%) {0.0%}
542  ... 

Histogram: Blink.ScanAndPreloadTime2.Scan.MainFrame.NonInitial recorded 1 samples, mean = 1.0 (flags = 0x41)
0  O                                                                         (0 = 0.0%)
1  -O                                                                        (1 = 100.0%) {0.0%}
2  ... 

Histogram: Blink.Script.AsyncScript.FromReadyToStartExecution.Time recorded 25 samples, mean = 15.7 (flags = 0x41)
0   --------O                                                                 (8 = 32.0%)
1   -----O                                                                    (5 = 20.0%) {32.0%}
2   ----O                                                                     (4 = 16.0%) {52.0%}
3   -O                                                                        (1 = 4.0%) {68.0%}
4   ... 
41  -----O                                                                    (5 = 20.0%) {72.0%}
52  -O                                                                        (1 = 4.0%) {92.0%}
66  -O                                                                        (1 = 4.0%) {96.0%}
84  ... 

Histogram: Blink.Script.SchedulingType recorded 40 samples, mean = 5.3 (flags = 0x41)
0  ... 
3  -O                                                                        (1 = 2.5%) {0.0%}
4  O                                                                         (0 = 0.0%) {2.5%}
5  -------------------------O                                                (25 = 62.5%) {2.5%}
6  --------------O                                                           (14 = 35.0%) {65.0%}
7  ... 

Histogram: Blink.UseCounter.AnimatedCSSProperties recorded 1 samples, mean = 1.0 (flags = 0x41)
0  O                                                                         (0 = 0.0%)
1  -O                                                                        (1 = 100.0%) {0.0%}
2  ... 

Histogram: Blink.UseCounter.CSSProperties recorded 96 samples, mean = 275.0 (flags = 0x41)
0    O                                                                         (0 = 0.0%)
1    -O                                                                        (1 = 1.0%) {0.0%}
2    -O                                                                        (1 = 1.0%) {1.0%}
3    -O                                                                        (1 = 1.0%) {2.1%}
4    -O                                                                        (1 = 1.0%) {3.1%}
5    -O                                                                        (1 = 1.0%) {4.2%}
6    -O                                                                        (1 = 1.0%) {5.2%}
7    -O                                                                        (1 = 1.0%) {6.2%}
8    -O                                                                        (1 = 1.0%) {7.3%}
9    O                                                                         (0 = 0.0%) {8.3%}
10   -O                                                                        (1 = 1.0%) {8.3%}
11   ... 
14   -O                                                                        (1 = 1.0%) {9.4%}
15   ... 
20   -O                                                                        (1 = 1.0%) {10.4%}
21   -O                                                                        (1 = 1.0%) {11.5%}
22   ... 
24   -O                                                                        (1 = 1.0%) {12.5%}
25   ... 
34   -O                                                                        (1 = 1.0%) {13.5%}
35   ... 
42   -O                                                                        (1 = 1.0%) {14.6%}
43   ... 
53   -O                                                                        (1 = 1.0%) {15.6%}
54   ... 
59   -O                                                                        (1 = 1.0%) {16.7%}
60   ... 
66   -O                                                                        (1 = 1.0%) {17.7%}
67   ... 
69   -O                                                                        (1 = 1.0%) {18.8%}
70   ... 
72   -O                                                                        (1 = 1.0%) {19.8%}
73   O                                                                         (0 = 0.0%) {20.8%}
74   -O                                                                        (1 = 1.0%) {20.8%}
75   ... 
77   -O                                                                        (1 = 1.0%) {21.9%}
78   ... 
81   -O                                                                        (1 = 1.0%) {22.9%}
82   ... 
84   -O                                                                        (1 = 1.0%) {24.0%}
85   ... 
89   -O                                                                        (1 = 1.0%) {25.0%}
90   ... 
95   -O                                                                        (1 = 1.0%) {26.0%}
96   -O                                                                        (1 = 1.0%) {27.1%}
97   -O                                                                        (1 = 1.0%) {28.1%}
98   -O                                                                        (1 = 1.0%) {29.2%}
99   O                                                                         (0 = 0.0%) {30.2%}
100  -O                                                                        (1 = 1.0%) {30.2%}
101  ... 
105  -O                                                                        (1 = 1.0%) {31.2%}
106  -O                                                                        (1 = 1.0%) {32.3%}
107  -O                                                                        (1 = 1.0%) {33.3%}
108  O                                                                         (0 = 0.0%) {34.4%}
109  -O                                                                        (1 = 1.0%) {34.4%}
110  ... 
118  -O                                                                        (1 = 1.0%) {35.4%}
119  -O                                                                        (1 = 1.0%) {36.5%}
120  ... 
124  -O                                                                        (1 = 1.0%) {37.5%}
125  ... 
127  -O                                                                        (1 = 1.0%) {38.5%}
128  -O                                                                        (1 = 1.0%) {39.6%}
129  -O                                                                        (1 = 1.0%) {40.6%}
130  ... 
143  -O                                                                        (1 = 1.0%) {41.7%}
144  ... 
150  -O                                                                        (1 = 1.0%) {42.7%}
151  O                                                                         (0 = 0.0%) {43.8%}
152  -O                                                                        (1 = 1.0%) {43.8%}
153  -O                                                                        (1 = 1.0%) {44.8%}
154  -O                                                                        (1 = 1.0%) {45.8%}
155  O                                                                         (0 = 0.0%) {46.9%}
156  -O                                                                        (1 = 1.0%) {46.9%}
157  -O                                                                        (1 = 1.0%) {47.9%}
158  O                                                                         (0 = 0.0%) {49.0%}
159  -O                                                                        (1 = 1.0%) {49.0%}
160  O                                                                         (0 = 0.0%) {50.0%}
161  -O                                                                        (1 = 1.0%) {50.0%}
162  ... 
164  -O                                                                        (1 = 1.0%) {51.0%}
165  -O                                                                        (1 = 1.0%) {52.1%}
166  ... 
175  -O                                                                        (1 = 1.0%) {53.1%}
176  ... 
231  -O                                                                        (1 = 1.0%) {54.2%}
232  -O                                                                        (1 = 1.0%) {55.2%}
233  O                                                                         (0 = 0.0%) {56.2%}
234  -O                                                                        (1 = 1.0%) {56.2%}
235  -O                                                                        (1 = 1.0%) {57.3%}
236  O                                                                         (0 = 0.0%) {58.3%}
237  -O                                                                        (1 = 1.0%) {58.3%}
238  -O                                                                        (1 = 1.0%) {59.4%}
239  -O                                                                        (1 = 1.0%) {60.4%}
240  -O                                                                        (1 = 1.0%) {61.5%}
241  O                                                                         (0 = 0.0%) {62.5%}
242  -O                                                                        (1 = 1.0%) {62.5%}
243  ... 
303  -O                                                                        (1 = 1.0%) {63.5%}
304  ... 
369  -O                                                                        (1 = 1.0%) {64.6%}
370  -O                                                                        (1 = 1.0%) {65.6%}
371  ... 
415  -O                                                                        (1 = 1.0%) {66.7%}
416  ... 
432  -O                                                                        (1 = 1.0%) {67.7%}
433  -O                                                                        (1 = 1.0%) {68.8%}
434  ... 
437  -O                                                                        (1 = 1.0%) {69.8%}
438  ... 
446  -O                                                                        (1 = 1.0%) {70.8%}
447  ... 
508  -O                                                                        (1 = 1.0%) {71.9%}
509  ... 
514  -O                                                                        (1 = 1.0%) {72.9%}
515  -O                                                                        (1 = 1.0%) {74.0%}
516  -O                                                                        (1 = 1.0%) {75.0%}
517  ... 
537  -O                                                                        (1 = 1.0%) {76.0%}
538  ... 
549  -O                                                                        (1 = 1.0%) {77.1%}
550  ... 
563  -O                                                                        (1 = 1.0%) {78.1%}
564  ... 
591  -O                                                                        (1 = 1.0%) {79.2%}
592  -O                                                                        (1 = 1.0%) {80.2%}
593  O                                                                         (0 = 0.0%) {81.2%}
594  -O                                                                        (1 = 1.0%) {81.2%}
595  -O                                                                        (1 = 1.0%) {82.3%}
596  ... 
598  -O                                                                        (1 = 1.0%) {83.3%}
599  -O                                                                        (1 = 1.0%) {84.4%}
600  ... 
618  -O                                                                        (1 = 1.0%) {85.4%}
619  -O                                                                        (1 = 1.0%) {86.5%}
620  -O                                                                        (1 = 1.0%) {87.5%}
621  -O                                                                        (1 = 1.0%) {88.5%}
622  ... 
636  -O                                                                        (1 = 1.0%) {89.6%}
637  ... 
657  -O                                                                        (1 = 1.0%) {90.6%}
658  -O                                                                        (1 = 1.0%) {91.7%}
659  ... 
662  -O                                                                        (1 = 1.0%) {92.7%}
663  ... 
672  -O                                                                        (1 = 1.0%) {93.8%}
673  -O                                                                        (1 = 1.0%) {94.8%}
674  O                                                                         (0 = 0.0%) {95.8%}
675  -O                                                                        (1 = 1.0%) {95.8%}
676  ... 
696  -O                                                                        (1 = 1.0%) {96.9%}
697  ... 
746  -O                                                                        (1 = 1.0%) {97.9%}
747  ... 
770  -O                                                                        (1 = 1.0%) {99.0%}
771  ... 

Histogram: Blink.UseCounter.Features recorded 182 samples, mean = 2242.5 (flags = 0x41)
0     ... 
13    -O                                                                        (1 = 0.5%) {0.0%}
14    ... 
16    -O                                                                        (1 = 0.5%) {0.5%}
17    ... 
52    -O                                                                        (1 = 0.5%) {1.1%}
53    ... 
69    -O                                                                        (1 = 0.5%) {1.6%}
70    ... 
123   -O                                                                        (1 = 0.5%) {2.2%}
124   -O                                                                        (1 = 0.5%) {2.7%}
125   -O                                                                        (1 = 0.5%) {3.3%}
126   ... 
138   -O                                                                        (1 = 0.5%) {3.8%}
139   ... 
240   -O                                                                        (1 = 0.5%) {4.4%}
241   ... 
250   -O                                                                        (1 = 0.5%) {4.9%}
251   ... 
429   -O                                                                        (1 = 0.5%) {5.5%}
430   -O                                                                        (1 = 0.5%) {6.0%}
431   -O                                                                        (1 = 0.5%) {6.6%}
432   -O                                                                        (1 = 0.5%) {7.1%}
433   ... 
469   -O                                                                        (1 = 0.5%) {7.7%}
470   ... 
494   -O                                                                        (1 = 0.5%) {8.2%}
495   ... 
522   -O                                                                        (1 = 0.5%) {8.8%}
523   -O                                                                        (1 = 0.5%) {9.3%}
524   -O                                                                        (1 = 0.5%) {9.9%}
525   ... 
540   -O                                                                        (1 = 0.5%) {10.4%}
541   ... 
587   -O                                                                        (1 = 0.5%) {11.0%}
588   -O                                                                        (1 = 0.5%) {11.5%}
589   ... 
675   -O                                                                        (1 = 0.5%) {12.1%}
676   ... 
710   -O                                                                        (1 = 0.5%) {12.6%}
711   -O                                                                        (1 = 0.5%) {13.2%}
712   -O                                                                        (1 = 0.5%) {13.7%}
713   ... 
717   -O                                                                        (1 = 0.5%) {14.3%}
718   ... 
730   -O                                                                        (1 = 0.5%) {14.8%}
731   ... 
744   -O                                                                        (1 = 0.5%) {15.4%}
745   ... 
780   -O                                                                        (1 = 0.5%) {15.9%}
781   -O                                                                        (1 = 0.5%) {16.5%}
782   ... 
786   -O                                                                        (1 = 0.5%) {17.0%}
787   -O                                                                        (1 = 0.5%) {17.6%}
788   ... 
804   -O                                                                        (1 = 0.5%) {18.1%}
805   ... 
900   -O                                                                        (1 = 0.5%) {18.7%}
901   -O                                                                        (1 = 0.5%) {19.2%}
902   ... 
907   -O                                                                        (1 = 0.5%) {19.8%}
908   ... 
954   -O                                                                        (1 = 0.5%) {20.3%}
955   ... 
970   -O                                                                        (1 = 0.5%) {20.9%}
971   O                                                                         (0 = 0.0%) {21.4%}
972   -O                                                                        (1 = 0.5%) {21.4%}
973   -O                                                                        (1 = 0.5%) {22.0%}
974   ... 
976   -O                                                                        (1 = 0.5%) {22.5%}
977   ... 
1023  -O                                                                        (1 = 0.5%) {23.1%}
1024  ... 
1069  -O                                                                        (1 = 0.5%) {23.6%}
1070  -O                                                                        (1 = 0.5%) {24.2%}
1071  ... 
1075  -O                                                                        (1 = 0.5%) {24.7%}
1076  -O                                                                        (1 = 0.5%) {25.3%}
1077  ... 
1124  -O                                                                        (1 = 0.5%) {25.8%}
1125  ... 
1302  -O                                                                        (1 = 0.5%) {26.4%}
1303  ... 
1347  -O                                                                        (1 = 0.5%) {26.9%}
1348  ... 
1351  -O                                                                        (1 = 0.5%) {27.5%}
1352  ... 
1354  -O                                                                        (1 = 0.5%) {28.0%}
1355  ... 
1368  -O                                                                        (1 = 0.5%) {28.6%}
1369  ... 
1417  -O                                                                        (1 = 0.5%) {29.1%}
1418  ... 
1441  -O                                                                        (1 = 0.5%) {29.7%}
1442  ... 
1458  -O                                                                        (1 = 0.5%) {30.2%}
1459  -O                                                                        (1 = 0.5%) {30.8%}
1460  ... 
1462  -O                                                                        (1 = 0.5%) {31.3%}
1463  -O                                                                        (1 = 0.5%) {31.9%}
1464  ... 
1467  -O                                                                        (1 = 0.5%) {32.4%}
1468  ... 
1502  -O                                                                        (1 = 0.5%) {33.0%}
1503  ... 
1692  -O                                                                        (1 = 0.5%) {33.5%}
1693  -O                                                                        (1 = 0.5%) {34.1%}
1694  ... 
1827  -O                                                                        (1 = 0.5%) {34.6%}
1828  ... 
2013  -O                                                                        (1 = 0.5%) {35.2%}
2014  ... 
2077  -O                                                                        (1 = 0.5%) {35.7%}
2078  ... 
2094  -O                                                                        (1 = 0.5%) {36.3%}
2095  O                                                                         (0 = 0.0%) {36.8%}
2096  -O                                                                        (1 = 0.5%) {36.8%}
2097  ... 
2100  -O                                                                        (1 = 0.5%) {37.4%}
2101  ... 
2112  -O                                                                        (1 = 0.5%) {37.9%}
2113  ... 
2121  -O                                                                        (1 = 0.5%) {38.5%}
2122  ... 
2157  -O                                                                        (1 = 0.5%) {39.0%}
2158  ... 
2188  -O                                                                        (1 = 0.5%) {39.6%}
2189  O                                                                         (0 = 0.0%) {40.1%}
2190  -O                                                                        (1 = 0.5%) {40.1%}
2191  -O                                                                        (1 = 0.5%) {40.7%}
2192  ... 
2195  -O                                                                        (1 = 0.5%) {41.2%}
2196  ... 
2203  -O                                                                        (1 = 0.5%) {41.8%}
2204  -O                                                                        (1 = 0.5%) {42.3%}
2205  ... 
2217  -O                                                                        (1 = 0.5%) {42.9%}
2218  ... 
2226  -O                                                                        (1 = 0.5%) {43.4%}
2227  O                                                                         (0 = 0.0%) {44.0%}
2228  -O                                                                        (1 = 0.5%) {44.0%}
2229  -O                                                                        (1 = 0.5%) {44.5%}
2230  ... 
2236  -O                                                                        (1 = 0.5%) {45.1%}
2237  ... 
2298  -O                                                                        (1 = 0.5%) {45.6%}
2299  ... 
2314  -O                                                                        (1 = 0.5%) {46.2%}
2315  ... 
2319  -O                                                                        (1 = 0.5%) {46.7%}
2320  ... 
2322  -O                                                                        (1 = 0.5%) {47.3%}
2323  ... 
2347  -O                                                                        (1 = 0.5%) {47.8%}
2348  ... 
2355  -O                                                                        (1 = 0.5%) {48.4%}
2356  ... 
2361  -O                                                                        (1 = 0.5%) {48.9%}
2362  ... 
2387  -O                                                                        (1 = 0.5%) {49.5%}
2388  -O                                                                        (1 = 0.5%) {50.0%}
2389  ... 
2399  -O                                                                        (1 = 0.5%) {50.5%}
2400  ... 
2413  -O                                                                        (1 = 0.5%) {51.1%}
2414  ... 
2429  -O                                                                        (1 = 0.5%) {51.6%}
2430  O                                                                         (0 = 0.0%) {52.2%}
2431  -O                                                                        (1 = 0.5%) {52.2%}
2432  ... 
2487  -O                                                                        (1 = 0.5%) {52.7%}
2488  ... 
2518  -O                                                                        (1 = 0.5%) {53.3%}
2519  ... 
2598  -O                                                                        (1 = 0.5%) {53.8%}
2599  ... 
2618  -O                                                                        (1 = 0.5%) {54.4%}
2619  ... 
2654  -O                                                                        (1 = 0.5%) {54.9%}
2655  -O                                                                        (1 = 0.5%) {55.5%}
2656  -O                                                                        (1 = 0.5%) {56.0%}
2657  -O                                                                        (1 = 0.5%) {56.6%}
2658  -O                                                                        (1 = 0.5%) {57.1%}
2659  -O                                                                        (1 = 0.5%) {57.7%}
2660  -O                                                                        (1 = 0.5%) {58.2%}
2661  -O                                                                        (1 = 0.5%) {58.8%}
2662  -O                                                                        (1 = 0.5%) {59.3%}
2663  -O                                                                        (1 = 0.5%) {59.9%}
2664  ... 
2699  -O                                                                        (1 = 0.5%) {60.4%}
2700  -O                                                                        (1 = 0.5%) {61.0%}
2701  -O                                                                        (1 = 0.5%) {61.5%}
2702  -O                                                                        (1 = 0.5%) {62.1%}
2703  -O                                                                        (1 = 0.5%) {62.6%}
2704  -O                                                                        (1 = 0.5%) {63.2%}
2705  -O                                                                        (1 = 0.5%) {63.7%}
2706  -O                                                                        (1 = 0.5%) {64.3%}
2707  -O                                                                        (1 = 0.5%) {64.8%}
2708  ... 
2710  -O                                                                        (1 = 0.5%) {65.4%}
2711  -O                                                                        (1 = 0.5%) {65.9%}
2712  ... 
2714  -O                                                                        (1 = 0.5%) {66.5%}
2715  -O                                                                        (1 = 0.5%) {67.0%}
2716  -O                                                                        (1 = 0.5%) {67.6%}
2717  ... 
2723  -O                                                                        (1 = 0.5%) {68.1%}
2724  ... 
2738  -O                                                                        (1 = 0.5%) {68.7%}
2739  ... 
2769  -O                                                                        (1 = 0.5%) {69.2%}
2770  ... 
2789  -O                                                                        (1 = 0.5%) {69.8%}
2790  -O                                                                        (1 = 0.5%) {70.3%}
2791  -O                                                                        (1 = 0.5%) {70.9%}
2792  -O                                                                        (1 = 0.5%) {71.4%}
2793  ... 
2841  -O                                                                        (1 = 0.5%) {72.0%}
2842  ... 
2903  -O                                                                        (1 = 0.5%) {72.5%}
2904  -O                                                                        (1 = 0.5%) {73.1%}
2905  ... 
2927  -O                                                                        (1 = 0.5%) {73.6%}
2928  ... 
2935  -O                                                                        (1 = 0.5%) {74.2%}
2936  ... 
3004  -O                                                                        (1 = 0.5%) {74.7%}
3005  ... 
3019  -O                                                                        (1 = 0.5%) {75.3%}
3020  -O                                                                        (1 = 0.5%) {75.8%}
3021  ... 
3028  -O                                                                        (1 = 0.5%) {76.4%}
3029  ... 
3066  -O                                                                        (1 = 0.5%) {76.9%}
3067  ... 
3116  -O                                                                        (1 = 0.5%) {77.5%}
3117  ... 
3157  -O                                                                        (1 = 0.5%) {78.0%}
3158  ... 
3189  -O                                                                        (1 = 0.5%) {78.6%}
3190  ... 
3198  -O                                                                        (1 = 0.5%) {79.1%}
3199  ... 
3254  -O                                                                        (1 = 0.5%) {79.7%}
3255  ... 
3258  -O                                                                        (1 = 0.5%) {80.2%}
3259  ... 
3273  -O                                                                        (1 = 0.5%) {80.8%}
3274  O                                                                         (0 = 0.0%) {81.3%}
3275  -O                                                                        (1 = 0.5%) {81.3%}
3276  ... 
3279  -O                                                                        (1 = 0.5%) {81.9%}
3280  ... 
3307  -O                                                                        (1 = 0.5%) {82.4%}
3308  -O                                                                        (1 = 0.5%) {83.0%}
3309  ... 
3349  -O                                                                        (1 = 0.5%) {83.5%}
3350  ... 
3359  -O                                                                        (1 = 0.5%) {84.1%}
3360  ... 
3408  -O                                                                        (1 = 0.5%) {84.6%}
3409  ... 
3444  -O                                                                        (1 = 0.5%) {85.2%}
3445  ... 
3698  -O                                                                        (1 = 0.5%) {85.7%}
3699  ... 
3789  -O                                                                        (1 = 0.5%) {86.3%}
3790  -O                                                                        (1 = 0.5%) {86.8%}
3791  ... 
3803  -O                                                                        (1 = 0.5%) {87.4%}
3804  ... 
3870  -O                                                                        (1 = 0.5%) {87.9%}
3871  ... 
3945  -O                                                                        (1 = 0.5%) {88.5%}
3946  ... 
3973  -O                                                                        (1 = 0.5%) {89.0%}
3974  ... 
4007  -O                                                                        (1 = 0.5%) {89.6%}
4008  ... 
4079  -O                                                                        (1 = 0.5%) {90.1%}
4080  ... 
4113  -O                                                                        (1 = 0.5%) {90.7%}
4114  ... 
4161  -O                                                                        (1 = 0.5%) {91.2%}
4162  ... 
4177  -O                                                                        (1 = 0.5%) {91.8%}
4178  ... 
4194  -O                                                                        (1 = 0.5%) {92.3%}
4195  O                                                                         (0 = 0.0%) {92.9%}
4196  -O                                                                        (1 = 0.5%) {92.9%}
4197  ... 
4240  -O                                                                        (1 = 0.5%) {93.4%}
4241  O                                                                         (0 = 0.0%) {94.0%}
4242  -O                                                                        (1 = 0.5%) {94.0%}
4243  ... 
4307  -O                                                                        (1 = 0.5%) {94.5%}
4308  ... 
4317  -O                                                                        (1 = 0.5%) {95.1%}
4318  ... 
4372  -O                                                                        (1 = 0.5%) {95.6%}
4373  ... 
4379  -O                                                                        (1 = 0.5%) {96.2%}
4380  ... 
4419  -O                                                                        (1 = 0.5%) {96.7%}
4420  ... 
4561  -O                                                                        (1 = 0.5%) {97.3%}
4562  ... 
4673  -O                                                                        (1 = 0.5%) {97.8%}
4674  ... 
4689  -O                                                                        (1 = 0.5%) {98.4%}
4690  ... 
4743  -O                                                                        (1 = 0.5%) {98.9%}
4744  ... 
4994  -O                                                                        (1 = 0.5%) {99.5%}
4995  ... 

Histogram: Blink.UseCounter.MainFrame.Features recorded 182 samples, mean = 2242.5 (flags = 0x41)
0     ... 
13    -O                                                                        (1 = 0.5%) {0.0%}
14    ... 
16    -O                                                                        (1 = 0.5%) {0.5%}
17    ... 
52    -O                                                                        (1 = 0.5%) {1.1%}
53    ... 
69    -O                                                                        (1 = 0.5%) {1.6%}
70    ... 
123   -O                                                                        (1 = 0.5%) {2.2%}
124   -O                                                                        (1 = 0.5%) {2.7%}
125   -O                                                                        (1 = 0.5%) {3.3%}
126   ... 
138   -O                                                                        (1 = 0.5%) {3.8%}
139   ... 
240   -O                                                                        (1 = 0.5%) {4.4%}
241   ... 
250   -O                                                                        (1 = 0.5%) {4.9%}
251   ... 
429   -O                                                                        (1 = 0.5%) {5.5%}
430   -O                                                                        (1 = 0.5%) {6.0%}
431   -O                                                                        (1 = 0.5%) {6.6%}
432   -O                                                                        (1 = 0.5%) {7.1%}
433   ... 
469   -O                                                                        (1 = 0.5%) {7.7%}
470   ... 
494   -O                                                                        (1 = 0.5%) {8.2%}
495   ... 
522   -O                                                                        (1 = 0.5%) {8.8%}
523   -O                                                                        (1 = 0.5%) {9.3%}
524   -O                                                                        (1 = 0.5%) {9.9%}
525   ... 
540   -O                                                                        (1 = 0.5%) {10.4%}
541   ... 
587   -O                                                                        (1 = 0.5%) {11.0%}
588   -O                                                                        (1 = 0.5%) {11.5%}
589   ... 
675   -O                                                                        (1 = 0.5%) {12.1%}
676   ... 
710   -O                                                                        (1 = 0.5%) {12.6%}
711   -O                                                                        (1 = 0.5%) {13.2%}
712   -O                                                                        (1 = 0.5%) {13.7%}
713   ... 
717   -O                                                                        (1 = 0.5%) {14.3%}
718   ... 
730   -O                                                                        (1 = 0.5%) {14.8%}
731   ... 
744   -O                                                                        (1 = 0.5%) {15.4%}
745   ... 
780   -O                                                                        (1 = 0.5%) {15.9%}
781   -O                                                                        (1 = 0.5%) {16.5%}
782   ... 
786   -O                                                                        (1 = 0.5%) {17.0%}
787   -O                                                                        (1 = 0.5%) {17.6%}
788   ... 
804   -O                                                                        (1 = 0.5%) {18.1%}
805   ... 
900   -O                                                                        (1 = 0.5%) {18.7%}
901   -O                                                                        (1 = 0.5%) {19.2%}
902   ... 
907   -O                                                                        (1 = 0.5%) {19.8%}
908   ... 
954   -O                                                                        (1 = 0.5%) {20.3%}
955   ... 
970   -O                                                                        (1 = 0.5%) {20.9%}
971   O                                                                         (0 = 0.0%) {21.4%}
972   -O                                                                        (1 = 0.5%) {21.4%}
973   -O                                                                        (1 = 0.5%) {22.0%}
974   ... 
976   -O                                                                        (1 = 0.5%) {22.5%}
977   ... 
1023  -O                                                                        (1 = 0.5%) {23.1%}
1024  ... 
1069  -O                                                                        (1 = 0.5%) {23.6%}
1070  -O                                                                        (1 = 0.5%) {24.2%}
1071  ... 
1075  -O                                                                        (1 = 0.5%) {24.7%}
1076  -O                                                                        (1 = 0.5%) {25.3%}
1077  ... 
1124  -O                                                                        (1 = 0.5%) {25.8%}
1125  ... 
1302  -O                                                                        (1 = 0.5%) {26.4%}
1303  ... 
1347  -O                                                                        (1 = 0.5%) {26.9%}
1348  ... 
1351  -O                                                                        (1 = 0.5%) {27.5%}
1352  ... 
1354  -O                                                                        (1 = 0.5%) {28.0%}
1355  ... 
1368  -O                                                                        (1 = 0.5%) {28.6%}
1369  ... 
1417  -O                                                                        (1 = 0.5%) {29.1%}
1418  ... 
1441  -O                                                                        (1 = 0.5%) {29.7%}
1442  ... 
1458  -O                                                                        (1 = 0.5%) {30.2%}
1459  -O                                                                        (1 = 0.5%) {30.8%}
1460  ... 
1462  -O                                                                        (1 = 0.5%) {31.3%}
1463  -O                                                                        (1 = 0.5%) {31.9%}
1464  ... 
1467  -O                                                                        (1 = 0.5%) {32.4%}
1468  ... 
1502  -O                                                                        (1 = 0.5%) {33.0%}
1503  ... 
1692  -O                                                                        (1 = 0.5%) {33.5%}
1693  -O                                                                        (1 = 0.5%) {34.1%}
1694  ... 
1827  -O                                                                        (1 = 0.5%) {34.6%}
1828  ... 
2013  -O                                                                        (1 = 0.5%) {35.2%}
2014  ... 
2077  -O                                                                        (1 = 0.5%) {35.7%}
2078  ... 
2094  -O                                                                        (1 = 0.5%) {36.3%}
2095  O                                                                         (0 = 0.0%) {36.8%}
2096  -O                                                                        (1 = 0.5%) {36.8%}
2097  ... 
2100  -O                                                                        (1 = 0.5%) {37.4%}
2101  ... 
2112  -O                                                                        (1 = 0.5%) {37.9%}
2113  ... 
2121  -O                                                                        (1 = 0.5%) {38.5%}
2122  ... 
2157  -O                                                                        (1 = 0.5%) {39.0%}
2158  ... 
2188  -O                                                                        (1 = 0.5%) {39.6%}
2189  O                                                                         (0 = 0.0%) {40.1%}
2190  -O                                                                        (1 = 0.5%) {40.1%}
2191  -O                                                                        (1 = 0.5%) {40.7%}
2192  ... 
2195  -O                                                                        (1 = 0.5%) {41.2%}
2196  ... 
2203  -O                                                                        (1 = 0.5%) {41.8%}
2204  -O                                                                        (1 = 0.5%) {42.3%}
2205  ... 
2217  -O                                                                        (1 = 0.5%) {42.9%}
2218  ... 
2226  -O                                                                        (1 = 0.5%) {43.4%}
2227  O                                                                         (0 = 0.0%) {44.0%}
2228  -O                                                                        (1 = 0.5%) {44.0%}
2229  -O                                                                        (1 = 0.5%) {44.5%}
2230  ... 
2236  -O                                                                        (1 = 0.5%) {45.1%}
2237  ... 
2298  -O                                                                        (1 = 0.5%) {45.6%}
2299  ... 
2314  -O                                                                        (1 = 0.5%) {46.2%}
2315  ... 
2319  -O                                                                        (1 = 0.5%) {46.7%}
2320  ... 
2322  -O                                                                        (1 = 0.5%) {47.3%}
2323  ... 
2347  -O                                                                        (1 = 0.5%) {47.8%}
2348  ... 
2355  -O                                                                        (1 = 0.5%) {48.4%}
2356  ... 
2361  -O                                                                        (1 = 0.5%) {48.9%}
2362  ... 
2387  -O                                                                        (1 = 0.5%) {49.5%}
2388  -O                                                                        (1 = 0.5%) {50.0%}
2389  ... 
2399  -O                                                                        (1 = 0.5%) {50.5%}
2400  ... 
2413  -O                                                                        (1 = 0.5%) {51.1%}
2414  ... 
2429  -O                                                                        (1 = 0.5%) {51.6%}
2430  O                                                                         (0 = 0.0%) {52.2%}
2431  -O                                                                        (1 = 0.5%) {52.2%}
2432  ... 
2487  -O                                                                        (1 = 0.5%) {52.7%}
2488  ... 
2518  -O                                                                        (1 = 0.5%) {53.3%}
2519  ... 
2598  -O                                                                        (1 = 0.5%) {53.8%}
2599  ... 
2618  -O                                                                        (1 = 0.5%) {54.4%}
2619  ... 
2654  -O                                                                        (1 = 0.5%) {54.9%}
2655  -O                                                                        (1 = 0.5%) {55.5%}
2656  -O                                                                        (1 = 0.5%) {56.0%}
2657  -O                                                                        (1 = 0.5%) {56.6%}
2658  -O                                                                        (1 = 0.5%) {57.1%}
2659  -O                                                                        (1 = 0.5%) {57.7%}
2660  -O                                                                        (1 = 0.5%) {58.2%}
2661  -O                                                                        (1 = 0.5%) {58.8%}
2662  -O                                                                        (1 = 0.5%) {59.3%}
2663  -O                                                                        (1 = 0.5%) {59.9%}
2664  ... 
2699  -O                                                                        (1 = 0.5%) {60.4%}
2700  -O                                                                        (1 = 0.5%) {61.0%}
2701  -O                                                                        (1 = 0.5%) {61.5%}
2702  -O                                                                        (1 = 0.5%) {62.1%}
2703  -O                                                                        (1 = 0.5%) {62.6%}
2704  -O                                                                        (1 = 0.5%) {63.2%}
2705  -O                                                                        (1 = 0.5%) {63.7%}
2706  -O                                                                        (1 = 0.5%) {64.3%}
2707  -O                                                                        (1 = 0.5%) {64.8%}
2708  ... 
2710  -O                                                                        (1 = 0.5%) {65.4%}
2711  -O                                                                        (1 = 0.5%) {65.9%}
2712  ... 
2714  -O                                                                        (1 = 0.5%) {66.5%}
2715  -O                                                                        (1 = 0.5%) {67.0%}
2716  -O                                                                        (1 = 0.5%) {67.6%}
2717  ... 
2723  -O                                                                        (1 = 0.5%) {68.1%}
2724  ... 
2738  -O                                                                        (1 = 0.5%) {68.7%}
2739  ... 
2769  -O                                                                        (1 = 0.5%) {69.2%}
2770  ... 
2789  -O                                                                        (1 = 0.5%) {69.8%}
2790  -O                                                                        (1 = 0.5%) {70.3%}
2791  -O                                                                        (1 = 0.5%) {70.9%}
2792  -O                                                                        (1 = 0.5%) {71.4%}
2793  ... 
2841  -O                                                                        (1 = 0.5%) {72.0%}
2842  ... 
2903  -O                                                                        (1 = 0.5%) {72.5%}
2904  -O                                                                        (1 = 0.5%) {73.1%}
2905  ... 
2927  -O                                                                        (1 = 0.5%) {73.6%}
2928  ... 
2935  -O                                                                        (1 = 0.5%) {74.2%}
2936  ... 
3004  -O                                                                        (1 = 0.5%) {74.7%}
3005  ... 
3019  -O                                                                        (1 = 0.5%) {75.3%}
3020  -O                                                                        (1 = 0.5%) {75.8%}
3021  ... 
3028  -O                                                                        (1 = 0.5%) {76.4%}
3029  ... 
3066  -O                                                                        (1 = 0.5%) {76.9%}
3067  ... 
3116  -O                                                                        (1 = 0.5%) {77.5%}
3117  ... 
3157  -O                                                                        (1 = 0.5%) {78.0%}
3158  ... 
3189  -O                                                                        (1 = 0.5%) {78.6%}
3190  ... 
3198  -O                                                                        (1 = 0.5%) {79.1%}
3199  ... 
3254  -O                                                                        (1 = 0.5%) {79.7%}
3255  ... 
3258  -O                                                                        (1 = 0.5%) {80.2%}
3259  ... 
3273  -O                                                                        (1 = 0.5%) {80.8%}
3274  O                                                                         (0 = 0.0%) {81.3%}
3275  -O                                                                        (1 = 0.5%) {81.3%}
3276  ... 
3279  -O                                                                        (1 = 0.5%) {81.9%}
3280  ... 
3307  -O                                                                        (1 = 0.5%) {82.4%}
3308  -O                                                                        (1 = 0.5%) {83.0%}
3309  ... 
3349  -O                                                                        (1 = 0.5%) {83.5%}
3350  ... 
3359  -O                                                                        (1 = 0.5%) {84.1%}
3360  ... 
3408  -O                                                                        (1 = 0.5%) {84.6%}
3409  ... 
3444  -O                                                                        (1 = 0.5%) {85.2%}
3445  ... 
3698  -O                                                                        (1 = 0.5%) {85.7%}
3699  ... 
3789  -O                                                                        (1 = 0.5%) {86.3%}
3790  -O                                                                        (1 = 0.5%) {86.8%}
3791  ... 
3803  -O                                                                        (1 = 0.5%) {87.4%}
3804  ... 
3870  -O                                                                        (1 = 0.5%) {87.9%}
3871  ... 
3945  -O                                                                        (1 = 0.5%) {88.5%}
3946  ... 
3973  -O                                                                        (1 = 0.5%) {89.0%}
3974  ... 
4007  -O                                                                        (1 = 0.5%) {89.6%}
4008  ... 
4079  -O                                                                        (1 = 0.5%) {90.1%}
4080  ... 
4113  -O                                                                        (1 = 0.5%) {90.7%}
4114  ... 
4161  -O                                                                        (1 = 0.5%) {91.2%}
4162  ... 
4177  -O                                                                        (1 = 0.5%) {91.8%}
4178  ... 
4194  -O                                                                        (1 = 0.5%) {92.3%}
4195  O                                                                         (0 = 0.0%) {92.9%}
4196  -O                                                                        (1 = 0.5%) {92.9%}
4197  ... 
4240  -O                                                                        (1 = 0.5%) {93.4%}
4241  O                                                                         (0 = 0.0%) {94.0%}
4242  -O                                                                        (1 = 0.5%) {94.0%}
4243  ... 
4307  -O                                                                        (1 = 0.5%) {94.5%}
4308  ... 
4317  -O                                                                        (1 = 0.5%) {95.1%}
4318  ... 
4372  -O                                                                        (1 = 0.5%) {95.6%}
4373  ... 
4379  -O                                                                        (1 = 0.5%) {96.2%}
4380  ... 
4419  -O                                                                        (1 = 0.5%) {96.7%}
4420  ... 
4561  -O                                                                        (1 = 0.5%) {97.3%}
4562  ... 
4673  -O                                                                        (1 = 0.5%) {97.8%}
4674  ... 
4689  -O                                                                        (1 = 0.5%) {98.4%}
4690  ... 
4743  -O                                                                        (1 = 0.5%) {98.9%}
4744  ... 
4994  -O                                                                        (1 = 0.5%) {99.5%}
4995  ... 

Histogram: Blink.UseCounter.PermissionsPolicy.Allow2 recorded 0 samples (flags = 0x41)
0 ... 

Histogram: Blink.UseCounter.PermissionsPolicy.Header2 recorded 0 samples (flags = 0x41)
0 ... 

Histogram: Blink.UseCounter.PermissionsPolicy.Violation.Enforce recorded 0 samples (flags = 0x41)
0 ... 

Histogram: Blink.UseCounter.WebDXFeatures recorded 15 samples, mean = 37.7 (flags = 0x41)
0   ... 
5   -O                                                                        (1 = 6.7%) {0.0%}
6   ... 
8   -O                                                                        (1 = 6.7%) {6.7%}
9   -O                                                                        (1 = 6.7%) {13.3%}
10  O                                                                         (0 = 0.0%) {20.0%}
11  -O                                                                        (1 = 6.7%) {20.0%}
12  ... 
27  -O                                                                        (1 = 6.7%) {26.7%}
28  -O                                                                        (1 = 6.7%) {33.3%}
29  -O                                                                        (1 = 6.7%) {40.0%}
30  ... 
38  -O                                                                        (1 = 6.7%) {46.7%}
39  -O                                                                        (1 = 6.7%) {53.3%}
40  ... 
45  -O                                                                        (1 = 6.7%) {60.0%}
46  -O                                                                        (1 = 6.7%) {66.7%}
47  ... 
58  -O                                                                        (1 = 6.7%) {73.3%}
59  ... 
68  -O                                                                        (1 = 6.7%) {80.0%}
69  ... 
71  -O                                                                        (1 = 6.7%) {86.7%}
72  ... 
83  -O                                                                        (1 = 6.7%) {93.3%}
84  ... 

Histogram: Blink.UserDrivenDocumentUpdate.UpdateTime.PreFCP recorded 1 samples, mean = 16.0 (flags = 0x41)
0   ... 
15  -O                                                                        (1 = 100.0%) {0.0%}
21  ... 

Histogram: Bookmarks.BookmarkBar.Shown recorded 1 samples, mean = 0.0 (flags = 0x41)
0  -O                                                                        (1 = 100.0%)
1  ... 

Histogram: Bookmarks.Count.OnProfileLoad3 recorded 1 samples, mean = 0.0 (flags = 0x41)
0  -O                                                                        (1 = 100.0%)
1  ... 

Histogram: Bookmarks.Storage.TimeToLoadAtStartup2 recorded 1 samples, mean = 1718.0 (flags = 0x41)
0     ... 
1500  -O                                                                        (1 = 100.0%) {0.0%}
1782  ... 

Histogram: Bookmarks.Times.OnProfileLoad.TimeSinceAdded3 recorded 1 samples, mean = 0.0 (flags = 0x41)
0  -O                                                                        (1 = 100.0%)
1  ... 

Histogram: Bookmarks.Utilization.OnProfileLoad.PercentageUsed recorded 1 samples, mean = 0.0 (flags = 0x41)
0  -O                                                                        (1 = 100.0%)
1  ... 

Histogram: Bookmarks.Utilization.OnProfileLoad.TotalUnused recorded 1 samples, mean = 0.0 (flags = 0x41)
0  -O                                                                        (1 = 100.0%)
1  ... 

Histogram: Bookmarks.Utilization.OnProfileLoad.TotalUsed recorded 1 samples, mean = 0.0 (flags = 0x41)
0  -O                                                                        (1 = 100.0%)
1  ... 

Histogram: BrotliFilter.CompressionPercent recorded 33 samples, mean = 35.0 (flags = 0x41)
0    ... 
10   --O                                                                       (2 = 6.1%) {0.0%}
11   -O                                                                        (1 = 3.0%) {6.1%}
12   -O                                                                        (1 = 3.0%) {9.1%}
13   O                                                                         (0 = 0.0%) {12.1%}
14   -O                                                                        (1 = 3.0%) {12.1%}
15   O                                                                         (0 = 0.0%) {15.2%}
16   --O                                                                       (2 = 6.1%) {15.2%}
17   -O                                                                        (1 = 3.0%) {21.2%}
18   -O                                                                        (1 = 3.0%) {24.2%}
19   ... 
22   -O                                                                        (1 = 3.0%) {27.3%}
23   -O                                                                        (1 = 3.0%) {30.3%}
24   --O                                                                       (2 = 6.1%) {33.3%}
25   -O                                                                        (1 = 3.0%) {39.4%}
26   -O                                                                        (1 = 3.0%) {42.4%}
27   O                                                                         (0 = 0.0%) {45.5%}
28   -O                                                                        (1 = 3.0%) {45.5%}
29   ---O                                                                      (3 = 9.1%) {48.5%}
30   -O                                                                        (1 = 3.0%) {57.6%}
31   ... 
33   --O                                                                       (2 = 6.1%) {60.6%}
34   -O                                                                        (1 = 3.0%) {66.7%}
35   ... 
38   -O                                                                        (1 = 3.0%) {69.7%}
39   -O                                                                        (1 = 3.0%) {72.7%}
40   O                                                                         (0 = 0.0%) {75.8%}
41   -O                                                                        (1 = 3.0%) {75.8%}
42   ... 
44   -O                                                                        (1 = 3.0%) {78.8%}
45   O                                                                         (0 = 0.0%) {81.8%}
46   -O                                                                        (1 = 3.0%) {81.8%}
47   --O                                                                       (2 = 6.1%) {84.8%}
48   ... 
84   -O                                                                        (1 = 3.0%) {90.9%}
85   ... 
101  --O                                                                       (2 = 6.1%) {93.9%}

Histogram: BrotliFilter.Status recorded 33 samples, mean = 1.0 (flags = 0x41)
0  O                                                                         (0 = 0.0%)
1  ---------------------------------O                                        (33 = 100.0%) {0.0%}
2  ... 

Histogram: BrotliFilter.UsedMemoryKB recorded 33 samples, mean = 219.0 (flags = 0x41)
0    ... 
16   --O                                                                       (2 = 6.1%) {0.0%}
20   O                                                                         (0 = 0.0%) {6.1%}
25   ---O                                                                      (3 = 9.1%) {6.1%}
31   -------O                                                                  (7 = 21.2%) {15.2%}
39   O                                                                         (0 = 0.0%) {36.4%}
49   --O                                                                       (2 = 6.1%) {36.4%}
61   O                                                                         (0 = 0.0%) {42.4%}
76   ----O                                                                     (4 = 12.1%) {42.4%}
95   O                                                                         (0 = 0.0%) {54.5%}
119  ---O                                                                      (3 = 9.1%) {54.5%}
149  O                                                                         (0 = 0.0%) {63.6%}
187  -O                                                                        (1 = 3.0%) {63.6%}
234  ... 
367  -------O                                                                  (7 = 21.2%) {66.7%}
460  O                                                                         (0 = 0.0%) {87.9%}
576  -O                                                                        (1 = 3.0%) {87.9%}
722  ---O                                                                      (3 = 9.1%) {90.9%}
905  ... 

Histogram: Browser.ERP.RequestPayloadSizePerHour recorded 3 samples, mean = 0.0 (flags = 0x41)
0  ---O                                                                      (3 = 100.0%)
1  ... 

Histogram: Browser.ERP.ResponsePayloadSizePerHour recorded 3 samples, mean = 0.0 (flags = 0x41)
0  ---O                                                                      (3 = 100.0%)
1  ... 

Histogram: Browser.MainThreadsCongestion.RunningOnly recorded 376 samples, mean = 0.0 (flags = 0x41)
0  ------------------------------------------------------------------------O (376 = 100.0%)
1  ... 

Histogram: Browser.MainThreadsCongestion.RunningOnly.Initial recorded 1 samples, mean = 0.0 (flags = 0x41)
0  -O                                                                        (1 = 100.0%)
1  ... 

Histogram: Browser.Responsiveness.IOJanksTotalPerMinute recorded 188 samples, mean = 0.0 (flags = 0x41)
0  ------------------------------------------------------------------------O (188 = 100.0%)
1  ... 

Histogram: Browser.Responsiveness.IOJankyIntervalsPerMinute recorded 188 samples, mean = 0.0 (flags = 0x41)
0  ------------------------------------------------------------------------O (188 = 100.0%)
1  ... 

Histogram: BrowserRenderProcessHost.Cleanup.DelayReason recorded 8 samples, mean = 5.6 (flags = 0x41)
0  ---O                                                                      (3 = 37.5%)
1  ... 
9  -----O                                                                    (5 = 62.5%) {37.5%}
10 ... 

Histogram: BrowserRenderProcessHost.Cleanup.Total recorded 8 samples, mean = 1.0 (flags = 0x41)
0  O                                                                         (0 = 0.0%)
1  --------O                                                                 (8 = 100.0%) {0.0%}
2  O                                                                         (0 = 0.0%) {100.0%}

Histogram: BrowserRenderProcessHost.ExistingRendererIsInitializedAndNotDead recorded 1 samples, mean = 1.0 (flags = 0x41)
0  O                                                                         (0 = 0.0%)
1  -O                                                                        (1 = 100.0%) {0.0%}
2  O                                                                         (0 = 0.0%) {100.0%}

Histogram: BrowserRenderProcessHost.FastShutdownIfPossible.DelayReason recorded 1 samples, mean = 4.0 (flags = 0x41)
0  ... 
4  -O                                                                        (1 = 100.0%) {0.0%}
5  ... 

Histogram: BrowserRenderProcessHost.FastShutdownIfPossible.Total recorded 1 samples, mean = 1.0 (flags = 0x41)
0  O                                                                         (0 = 0.0%)
1  -O                                                                        (1 = 100.0%) {0.0%}
2  O                                                                         (0 = 0.0%) {100.0%}

Histogram: BrowserRenderProcessHost.SpareProcessEvictedOtherSpare recorded 2 samples, mean = 0.0 (flags = 0x41)
0  --O                                                                       (2 = 100.0%)
1  ... 

Histogram: BrowserRenderProcessHost.SpareProcessMaybeTakeAction recorded 2 samples, mean = 2.0 (flags = 0x41)
0  -O                                                                        (1 = 50.0%)
1  ... 
4  -O                                                                        (1 = 50.0%) {50.0%}
5  ... 

Histogram: BrowserRenderProcessHost.SpareProcessStartupTime recorded 2 samples, mean = 1017.0 (flags = 0x41)
0     ... 
318   -O                                                                        (1 = 50.0%) {0.0%}
378   ... 
1500  -O                                                                        (1 = 50.0%) {50.0%}
1782  ... 

Histogram: BrowserSwitcher.ExternalGreylistSize recorded 1 samples, mean = 0.0 (flags = 0x41)
0  -O                                                                        (1 = 100.0%)
1  ... 

Histogram: BrowserSwitcher.ExternalSitelistSize recorded 1 samples, mean = 0.0 (flags = 0x41)
0  -O                                                                        (1 = 100.0%)
1  ... 

Histogram: BrowserSwitcher.IeemSitelistSize recorded 1 samples, mean = 0.0 (flags = 0x41)
0  -O                                                                        (1 = 100.0%)
1  ... 

Histogram: BrowsingTopics.BrowsingTopicsState.LoadFinishStatus recorded 1 samples, mean = 1.0 (flags = 0x41)
0  O                                                                         (0 = 0.0%)
1  -O                                                                        (1 = 100.0%) {0.0%}
2  O                                                                         (0 = 0.0%) {100.0%}

Histogram: BrowsingTopics.SiteDataStorage.FileSize.KB recorded 1 samples, mean = 28.0 (flags = 0x41)
0   ... 
28  -O                                                                        (1 = 100.0%) {0.0%}
37  ... 

Histogram: BrowsingTopics.SiteDataStorage.InitStatus recorded 1 samples, mean = 1.0 (flags = 0x41)
0  O                                                                         (0 = 0.0%)
1  -O                                                                        (1 = 100.0%) {0.0%}
2  O                                                                         (0 = 0.0%) {100.0%}

Histogram: CPU.Experimental.CpuEstimationTaskMigrated recorded 37 samples, mean = 0.0 (flags = 0x41)
0  -------------------------------------O                                    (37 = 100.0%)
1  ... 

Histogram: CPU.Experimental.CpuEstimationTaskQueuedTime.Performance recorded 37 samples, mean = 12.8 (flags = 0x41)
0   ... 
9   -----------------O                                                        (17 = 45.9%) {0.0%}
12  --------------O                                                           (14 = 37.8%) {45.9%}
16  -----O                                                                    (5 = 13.5%) {83.8%}
21  -O                                                                        (1 = 2.7%) {97.3%}
28  ... 

Histogram: CPU.Experimental.CpuEstimationTaskThreadTime.Performance recorded 37 samples, mean = 104.1 (flags = 0x41)
0    ... 
86   --------------------------------O                                         (32 = 86.5%) {0.0%}
113  -O                                                                        (1 = 2.7%) {86.5%}
149  ----O                                                                     (4 = 10.8%) {89.2%}
196  ... 

Histogram: CPU.Experimental.CpuEstimationTaskTotalTime.Performance recorded 37 samples, mean = 118.5 (flags = 0x41)
0    ... 
86   --------------------------------O                                         (32 = 86.5%) {0.0%}
113  O                                                                         (0 = 0.0%) {86.5%}
149  -O                                                                        (1 = 2.7%) {86.5%}
196  ----O                                                                     (4 = 10.8%) {89.2%}
258  ... 

Histogram: CPU.Experimental.CpuEstimationTaskWallTime.Performance recorded 37 samples, mean = 105.7 (flags = 0x41)
0    ... 
86   --------------------------------O                                         (32 = 86.5%) {0.0%}
113  -O                                                                        (1 = 2.7%) {86.5%}
149  ---O                                                                      (3 = 8.1%) {89.2%}
196  -O                                                                        (1 = 2.7%) {97.3%}
258  ... 

Histogram: CPU.Experimental.CpuEstimationThreadTimePercent.Performance recorded 37 samples, mean = 97.7 (flags = 0x41)
0    ... 
93   -O                                                                        (1 = 2.7%) {0.0%}
94   ... 
97   ----------O                                                               (10 = 27.0%) {2.7%}
98   ----------------------O                                                   (22 = 59.5%) {29.7%}
99   ---O                                                                      (3 = 8.1%) {89.2%}
100  -O                                                                        (1 = 2.7%) {97.3%}
101  O                                                                         (0 = 0.0%) {100.0%}

Histogram: CPU.Experimental.EstimatedFrequencyAsPercentOfLimit.Performance recorded 37 samples, mean = 115.6 (flags = 0x41)
0    ... 
57   -O                                                                        (1 = 2.7%) {0.0%}
58   ... 
61   -O                                                                        (1 = 2.7%) {2.7%}
62   --O                                                                       (2 = 5.4%) {5.4%}
63   ... 
79   -O                                                                        (1 = 2.7%) {10.8%}
80   ... 
101  --------------------------------O                                         (32 = 86.5%) {13.5%}

Histogram: CPU.Experimental.EstimatedFrequencyAsPercentOfMax.Performance recorded 37 samples, mean = 115.6 (flags = 0x41)
0    ... 
57   -O                                                                        (1 = 2.7%) {0.0%}
58   ... 
61   -O                                                                        (1 = 2.7%) {2.7%}
62   --O                                                                       (2 = 5.4%) {5.4%}
63   ... 
79   -O                                                                        (1 = 2.7%) {10.8%}
80   ... 
101  --------------------------------O                                         (32 = 86.5%) {13.5%}

Histogram: CertificateType2.BR.Intermediate.ECDSA recorded 4 samples, mean = 256.0 (flags = 0x41)
0    ... 
256  ----O                                                                     (4 = 100.0%) {0.0%}
257  ... 

Histogram: CertificateType2.BR.Intermediate.RSA recorded 10 samples, mean = 2048.0 (flags = 0x41)
0     ... 
2048  ----------O                                                               (10 = 100.0%) {0.0%}
2049  ... 

Histogram: CertificateType2.BR.Leaf.ECDSA recorded 12 samples, mean = 256.0 (flags = 0x41)
0    ... 
256  ------------O                                                             (12 = 100.0%) {0.0%}
257  ... 

Histogram: CertificateType2.BR.Leaf.RSA recorded 2 samples, mean = 2048.0 (flags = 0x41)
0     ... 
2048  --O                                                                       (2 = 100.0%) {0.0%}
2049  ... 

Histogram: CertificateType2.BR.Root.ECDSA recorded 4 samples, mean = 384.0 (flags = 0x41)
0    ... 
384  ----O                                                                     (4 = 100.0%) {0.0%}
385  ... 

Histogram: CertificateType2.BR.Root.RSA recorded 10 samples, mean = 3686.4 (flags = 0x41)
0     ... 
2048  --O                                                                       (2 = 20.0%) {0.0%}
2049  ... 
4096  --------O                                                                 (8 = 80.0%) {20.0%}
4097  ... 

Histogram: ChildProcess.Launched.UtilityProcessHash recorded 3 samples (flags = 0x41)
-2043041185 -O                                                                        (1 = 33.3%)
-1468742076 -O                                                                        (1 = 33.3%)
1411170475  -O                                                                        (1 = 33.3%)

Histogram: ChildProcess.ProcessLifetime.Utility recorded 3 samples, mean = 7530578.5 (flags = 0x41)
0        ... 
47       -O                                                                        (1 = 33.3%) {0.0%}
64       ... 
3600000  --O                                                                       (2 = 66.7%) {33.3%}

Histogram: Chrome.ProcessSingleton.NotifyResult recorded 1 samples, mean = 0.0 (flags = 0x41)
0  -O                                                                        (1 = 100.0%)
1  ... 

Histogram: Chrome.ProcessSingleton.TimeToCreate recorded 1 samples, mean = 0.0 (flags = 0x41)
0  -O                                                                        (1 = 100.0%)
10 ... 

Histogram: Chrome.SystemNetworkContextManager.NetworkSandboxState recorded 4 samples, mean = 0.0 (flags = 0x41)
0  ----O                                                                     (4 = 100.0%)
1  ... 

Histogram: ChromeElf.Beacon.RetryAttemptsBeforeSuccess recorded 1 samples, mean = 0.0 (flags = 0x41)
0  -O                                                                        (1 = 100.0%)
1  ... 

Histogram: ChromeElf.Beacon.SetupStatus recorded 1 samples, mean = 1.0 (flags = 0x41)
0  O                                                                         (0 = 0.0%)
1  -O                                                                        (1 = 100.0%) {0.0%}
2  ... 

Histogram: ChromeElf.ExtensionPoint.EnableState recorded 1 samples, mean = 1.0 (flags = 0x41)
0  O                                                                         (0 = 0.0%)
1  -O                                                                        (1 = 100.0%) {0.0%}
2  O                                                                         (0 = 0.0%) {100.0%}

Histogram: ClientHints.CriticalCHRestart recorded 1 samples, mean = 0.0 (flags = 0x41)
0  -O                                                                        (1 = 100.0%)
1  ... 

Histogram: ClientHints.FetchLatency_PrefRead recorded 5 samples, mean = 10.0 (flags = 0x41)
0   ... 
4   -O                                                                        (1 = 20.0%) {0.0%}
6   ---O                                                                      (3 = 60.0%) {20.0%}
8   ... 
21  -O                                                                        (1 = 20.0%) {80.0%}
29  ... 

Histogram: ClientHints.FetchLatency_PrerenderHost recorded 5 samples, mean = 0.2 (flags = 0x41)
0  ----O                                                                     (4 = 80.0%)
1  -O                                                                        (1 = 20.0%) {80.0%}
2  ... 

Histogram: ClientHints.FetchLatency_Total recorded 5 samples, mean = 10.2 (flags = 0x41)
0   ... 
4   -O                                                                        (1 = 20.0%) {0.0%}
6   ---O                                                                      (3 = 60.0%) {20.0%}
8   ... 
21  -O                                                                        (1 = 20.0%) {80.0%}
29  ... 

Histogram: ComponentUpdater.Calls recorded 1 samples, mean = 1.0 (flags = 0x41)
0  O                                                                         (0 = 0.0%)
1  -O                                                                        (1 = 100.0%) {0.0%}
2  O                                                                         (0 = 0.0%) {100.0%}

Histogram: ComponentUpdater.UpdateCompleteError recorded 1 samples, mean = 0.0 (flags = 0x41)
0  -O                                                                        (1 = 100.0%)
1  ... 

Histogram: ComponentUpdater.UpdateCompleteResult recorded 1 samples, mean = 0.0 (flags = 0x41)
0  -O                                                                        (1 = 100.0%)
1  ... 

Histogram: ComponentUpdater.UpdateCompleteTime recorded 1 samples, mean = 1001.0 (flags = 0x41)
0    ... 
878  -O                                                                        (1 = 100.0%) {0.0%}
1013 ... 

Histogram: Compositing.Browser.CompositorFrame.Quads recorded 4 samples, mean = 1.0 (flags = 0x41)
0  O                                                                         (0 = 0.0%)
1  ----O                                                                     (4 = 100.0%) {0.0%}
2  ... 

Histogram: Compositing.Browser.LayerTreeImpl.CalculateDrawPropertiesUs recorded 5 samples, mean = 10.0 (flags = 0x41)
0   O                                                                         (0 = 0.0%)
1   -O                                                                        (1 = 20.0%) {0.0%}
2   ... 
9   ---O                                                                      (3 = 60.0%) {20.0%}
12  O                                                                         (0 = 0.0%) {80.0%}
16  -O                                                                        (1 = 20.0%) {80.0%}
21  ... 

Histogram: Compositing.Browser.LayersUpdateTime recorded 5 samples, mean = 20.4 (flags = 0x41)
0   ... 
8   --O                                                                       (2 = 40.0%) {0.0%}
11  -O                                                                        (1 = 20.0%) {40.0%}
15  -O                                                                        (1 = 20.0%) {60.0%}
21  ... 
40  -O                                                                        (1 = 20.0%) {80.0%}
55  ... 

Histogram: Compositing.ColorGamut recorded 7 samples, mean = 0.0 (flags = 0x41)
0  -------O                                                                  (7 = 100.0%)
1  ... 

Histogram: Compositing.DidMainThreadBlockDuringCommit recorded 3 samples, mean = 0.0 (flags = 0x41)
0  ---O                                                                      (3 = 100.0%)
1  ... 

Histogram: Compositing.DirectRenderer.OverlayProcessingUs recorded 7 samples, mean = 0.1 (flags = 0x41)
0  -------O                                                                  (7 = 100.0%)
5  ... 

Histogram: Compositing.DirectRenderer.PartialSwap.ExtraDamage recorded 7 samples, mean = 0.0 (flags = 0x41)
0  -------O                                                                  (7 = 100.0%)
1  ... 

Histogram: Compositing.DirectRenderer.PartialSwap.FrameBufferDamage recorded 7 samples, mean = 0.0 (flags = 0x41)
0  -------O                                                                  (7 = 100.0%)
1  ... 

Histogram: Compositing.DirectRenderer.PartialSwap.RootDamage recorded 7 samples, mean = 100.0 (flags = 0x41)
0    ... 
100  -------O                                                                  (7 = 100.0%) {0.0%}
101  O                                                                         (0 = 0.0%) {100.0%}

Histogram: Compositing.DirectRenderer.PartialSwap.TotalDamage recorded 7 samples, mean = 100.0 (flags = 0x41)
0    ... 
100  -------O                                                                  (7 = 100.0%) {0.0%}
101  O                                                                         (0 = 0.0%) {100.0%}

Histogram: Compositing.DirectRenderer.SkipAllNonRootRenderPassesPerFrame recorded 4 samples, mean = 0.0 (flags = 0x41)
0  ----O                                                                     (4 = 100.0%)
1  ... 

Histogram: Compositing.DirectRenderer.SkipNonRootRenderPass recorded 4 samples, mean = 0.0 (flags = 0x41)
0  ----O                                                                     (4 = 100.0%)
1  ... 

Histogram: Compositing.DirectRenderer.TotalPixelsRendered recorded 7 samples, mean = 1.6 (flags = 0x41)
0  O                                                                         (0 = 0.0%)
1  ---O                                                                      (3 = 42.9%) {0.0%}
2  ----O                                                                     (4 = 57.1%) {42.9%}
3  ... 

Histogram: Compositing.Display.Draw.Occlusion.Calculation.Time recorded 7 samples, mean = 4.1 (flags = 0x41)
0   O                                                                         (0 = 0.0%)
1   --O                                                                       (2 = 28.6%) {0.0%}
2   -O                                                                        (1 = 14.3%) {28.6%}
3   -O                                                                        (1 = 14.3%) {42.9%}
4   O                                                                         (0 = 0.0%) {57.1%}
5   --O                                                                       (2 = 28.6%) {57.1%}
6   ... 
12  -O                                                                        (1 = 14.3%) {85.7%}
14  ... 

Histogram: Compositing.Display.Draw.Quads recorded 7 samples, mean = 2.1 (flags = 0x41)
0  O                                                                         (0 = 0.0%)
1  ---O                                                                      (3 = 42.9%) {0.0%}
2  O                                                                         (0 = 0.0%) {42.9%}
3  ----O                                                                     (4 = 57.1%) {42.9%}
4  ... 

Histogram: Compositing.Display.DrawToSwapUs recorded 7 samples, mean = 2386.1 (flags = 0x41)
0     ... 
275   -O                                                                        (1 = 14.3%) {0.0%}
333   O                                                                         (0 = 0.0%) {14.3%}
404   -O                                                                        (1 = 14.3%) {14.3%}
490   --O                                                                       (2 = 28.6%) {28.6%}
594   ... 
1557  -O                                                                        (1 = 14.3%) {57.1%}
1888  ... 
4949  -O                                                                        (1 = 14.3%) {71.4%}
6001  -O                                                                        (1 = 14.3%) {85.7%}
7277  ... 

Histogram: Compositing.Display.FlattenedRenderPassCount recorded 7 samples, mean = 1.6 (flags = 0x41)
0  O                                                                         (0 = 0.0%)
1  ---O                                                                      (3 = 42.9%) {0.0%}
2  ----O                                                                     (4 = 57.1%) {42.9%}
3  ... 

Histogram: Compositing.Display.PendingSwaps recorded 7 samples, mean = 1.0 (flags = 0x41)
0  O                                                                         (0 = 0.0%)
1  -------O                                                                  (7 = 100.0%) {0.0%}
2  ... 

Histogram: Compositing.Display.VizDependencyResolvedToGpuStartedDrawUs recorded 7 samples, mean = 17.7 (flags = 0x41)
0   ... 
6   -O                                                                        (1 = 14.3%) {0.0%}
7   ... 
10  -O                                                                        (1 = 14.3%) {14.3%}
12  O                                                                         (0 = 0.0%) {28.6%}
15  -O                                                                        (1 = 14.3%) {28.6%}
18  --O                                                                       (2 = 28.6%) {42.9%}
22  -O                                                                        (1 = 14.3%) {71.4%}
27  -O                                                                        (1 = 14.3%) {85.7%}
33  ... 

Histogram: Compositing.Display.VizScheduledDrawToDependencyResolvedUs recorded 7 samples, mean = 44.9 (flags = 0x41)
0    ------O                                                                   (6 = 85.7%)
5    ... 
275  -O                                                                        (1 = 14.3%) {85.7%}
333  ... 

Histogram: Compositing.Display.VizScheduledDrawToGpuStartedDrawUs recorded 7 samples, mean = 62.6 (flags = 0x41)
0    ... 
12   -O                                                                        (1 = 14.3%) {0.0%}
15   -O                                                                        (1 = 14.3%) {14.3%}
18   -O                                                                        (1 = 14.3%) {28.6%}
22   -O                                                                        (1 = 14.3%) {42.9%}
27   --O                                                                       (2 = 28.6%) {57.1%}
33   ... 
275  -O                                                                        (1 = 14.3%) {85.7%}
333  ... 

Histogram: Compositing.Renderer.CompositorFrame.Quads recorded 3 samples, mean = 2.0 (flags = 0x41)
0  ... 
2  ---O                                                                      (3 = 100.0%) {0.0%}
3  ... 

Histogram: Compositing.Renderer.LayersUpdateTime recorded 3 samples, mean = 32.7 (flags = 0x41)
0   ... 
15  -O                                                                        (1 = 33.3%) {0.0%}
21  -O                                                                        (1 = 33.3%) {33.3%}
29  O                                                                         (0 = 0.0%) {66.7%}
40  -O                                                                        (1 = 33.3%) {66.7%}
55  ... 

Histogram: Compositing.Renderer.NumRenderSurfaces recorded 4 samples, mean = 1.0 (flags = 0x41)
0  O                                                                         (0 = 0.0%)
1  ----O                                                                     (4 = 100.0%) {0.0%}
2  ... 

Histogram: Compositing.SurfaceAggregator.AggregateUs recorded 7 samples, mean = 4271.9 (flags = 0x41)
0      ... 
21     -O                                                                        (1 = 14.3%) {0.0%}
28     -O                                                                        (1 = 14.3%) {14.3%}
37     -O                                                                        (1 = 14.3%) {28.6%}
49     -O                                                                        (1 = 14.3%) {42.9%}
65     O                                                                         (0 = 0.0%) {57.1%}
86     -O                                                                        (1 = 14.3%) {57.1%}
113    ... 
340    -O                                                                        (1 = 14.3%) {71.4%}
448    ... 
27864  -O                                                                        (1 = 14.3%) {85.7%}
36699  ... 

Histogram: Compositing.SurfaceAggregator.CopiedSurfaceCount recorded 7 samples, mean = 1.6 (flags = 0x41)
0  O                                                                         (0 = 0.0%)
1  ---O                                                                      (3 = 42.9%) {0.0%}
2  ----O                                                                     (4 = 57.1%) {42.9%}
3  ... 

Histogram: Compositing.SurfaceAggregator.CopyUs recorded 7 samples, mean = 11.4 (flags = 0x41)
0   -O                                                                        (1 = 14.3%)
5   ... 
9   ---O                                                                      (3 = 42.9%) {14.3%}
11  -O                                                                        (1 = 14.3%) {57.1%}
13  O                                                                         (0 = 0.0%) {71.4%}
15  -O                                                                        (1 = 14.3%) {71.4%}
18  -O                                                                        (1 = 14.3%) {85.7%}
21  ... 

Histogram: Compositing.SurfaceAggregator.HasCopyRequestsPerFrame recorded 7 samples, mean = 0.4 (flags = 0x41)
0  ----O                                                                     (4 = 57.1%)
1  ---O                                                                      (3 = 42.9%) {57.1%}
2  O                                                                         (0 = 0.0%) {100.0%}

Histogram: Compositing.SurfaceAggregator.HasPixelMovingBackdropFiltersPerFrame recorded 7 samples, mean = 0.0 (flags = 0x41)
0  -------O                                                                  (7 = 100.0%)
1  ... 

Histogram: Compositing.SurfaceAggregator.HasPixelMovingFiltersPerFrame recorded 7 samples, mean = 0.0 (flags = 0x41)
0  -------O                                                                  (7 = 100.0%)
1  ... 

Histogram: Compositing.SurfaceAggregator.HasUnembeddedRenderPassesPerFrame recorded 7 samples, mean = 0.0 (flags = 0x41)
0  -------O                                                                  (7 = 100.0%)
1  ... 

Histogram: Compositing.SurfaceAggregator.PrewalkUs recorded 7 samples, mean = 4248.4 (flags = 0x41)
0      ... 
11     -O                                                                        (1 = 14.3%) {0.0%}
13     -O                                                                        (1 = 14.3%) {14.3%}
15     O                                                                         (0 = 0.0%) {28.6%}
18     -O                                                                        (1 = 14.3%) {28.6%}
21     ... 
29     -O                                                                        (1 = 14.3%) {42.9%}
34     O                                                                         (0 = 0.0%) {57.1%}
40     -O                                                                        (1 = 14.3%) {57.1%}
47     ... 
364    -O                                                                        (1 = 14.3%) {71.4%}
426    ... 
10000  -O                                                                        (1 = 14.3%) {85.7%}

Histogram: Compositing.SurfaceAggregator.PrewalkedSurfaceCount recorded 7 samples, mean = 1.6 (flags = 0x41)
0  O                                                                         (0 = 0.0%)
1  ---O                                                                      (3 = 42.9%) {0.0%}
2  ----O                                                                     (4 = 57.1%) {42.9%}
3  ... 

Histogram: Compositing.SurfaceManager.MarkForDestructionToDestroy recorded 1 samples, mean = 0.0 (flags = 0x41)
0  -O                                                                        (1 = 100.0%)
1  ... 

Histogram: Content.Classification.OpenGraph recorded 1 samples, mean = 4.0 (flags = 0x41)
0  ... 
4  -O                                                                        (1 = 100.0%) {0.0%}
5  ... 

Histogram: ContentSettings.AllowStorageAccessSync recorded 2 samples, mean = 0.0 (flags = 0x41)
0  --O                                                                       (2 = 100.0%)
1  ... 

Histogram: ContentSettings.GetContentSetting.Network.Duration recorded 359 samples, mean = 0.2 (flags = 0x41)
0  ------------------------------------------------------------------------O (292 = 81.3%)
1  --------------O                                                           (55 = 15.3%) {81.3%}
2  --O                                                                       (10 = 2.8%) {96.7%}
3  O                                                                         (2 = 0.6%) {99.4%}
4  ... 

Histogram: ContentSettings.GetCookieSettingInternal.Duration recorded 100 samples, mean = 2.8 (flags = 0x41)
0   -----------------O                                                        (17 = 17.0%)
1   ------------------------------------------------------O                   (54 = 54.0%) {17.0%}
2   -----O                                                                    (5 = 5.0%) {71.0%}
3   --O                                                                       (2 = 2.0%) {76.0%}
4   ---O                                                                      (3 = 3.0%) {78.0%}
5   -----O                                                                    (5 = 5.0%) {81.0%}
7   ----O                                                                     (4 = 4.0%) {86.0%}
9   ---O                                                                      (3 = 3.0%) {90.0%}
12  --O                                                                       (2 = 2.0%) {93.0%}
16  -----O                                                                    (5 = 5.0%) {95.0%}
21  ... 

Histogram: ContentSettings.NumberOfExceptions recorded 1 samples, mean = 4.0 (flags = 0x41)
0  ... 
4  -O                                                                        (1 = 100.0%) {0.0%}
5  ... 

Histogram: ContentSettings.Popups.StrongBlockerActions recorded 1 samples, mean = 0.0 (flags = 0x41)
0  -O                                                                        (1 = 100.0%)
1  ... 

Histogram: ContentSettings.RegularProfile.DefaultAutoVerifySetting recorded 1 samples, mean = 1.0 (flags = 0x41)
0  O                                                                         (0 = 0.0%)
1  -O                                                                        (1 = 100.0%) {0.0%}
2  ... 

Histogram: ContentSettings.RegularProfile.DefaultAutoplaySetting recorded 1 samples, mean = 1.0 (flags = 0x41)
0  O                                                                         (0 = 0.0%)
1  -O                                                                        (1 = 100.0%) {0.0%}
2  ... 

Histogram: ContentSettings.RegularProfile.DefaultBackgroundSyncSetting recorded 1 samples, mean = 1.0 (flags = 0x41)
0  O                                                                         (0 = 0.0%)
1  -O                                                                        (1 = 100.0%) {0.0%}
2  ... 

Histogram: ContentSettings.RegularProfile.DefaultCookiesSetting recorded 1 samples, mean = 1.0 (flags = 0x41)
0  O                                                                         (0 = 0.0%)
1  -O                                                                        (1 = 100.0%) {0.0%}
2  ... 

Histogram: ContentSettings.RegularProfile.DefaultIdleDetectionSetting recorded 1 samples, mean = 3.0 (flags = 0x41)
0  ... 
3  -O                                                                        (1 = 100.0%) {0.0%}
4  ... 

Histogram: ContentSettings.RegularProfile.DefaultImagesSetting recorded 1 samples, mean = 1.0 (flags = 0x41)
0  O                                                                         (0 = 0.0%)
1  -O                                                                        (1 = 100.0%) {0.0%}
2  ... 

Histogram: ContentSettings.RegularProfile.DefaultJavaScriptSetting recorded 1 samples, mean = 1.0 (flags = 0x41)
0  O                                                                         (0 = 0.0%)
1  -O                                                                        (1 = 100.0%) {0.0%}
2  ... 

Histogram: ContentSettings.RegularProfile.DefaultLocationSetting recorded 1 samples, mean = 3.0 (flags = 0x41)
0  ... 
3  -O                                                                        (1 = 100.0%) {0.0%}
4  ... 

Histogram: ContentSettings.RegularProfile.DefaultMIDISysExSetting recorded 1 samples, mean = 3.0 (flags = 0x41)
0  ... 
3  -O                                                                        (1 = 100.0%) {0.0%}
4  ... 

Histogram: ContentSettings.RegularProfile.DefaultMediaStreamCameraSetting recorded 1 samples, mean = 3.0 (flags = 0x41)
0  ... 
3  -O                                                                        (1 = 100.0%) {0.0%}
4  ... 

Histogram: ContentSettings.RegularProfile.DefaultMediaStreamMicSetting recorded 1 samples, mean = 3.0 (flags = 0x41)
0  ... 
3  -O                                                                        (1 = 100.0%) {0.0%}
4  ... 

Histogram: ContentSettings.RegularProfile.DefaultNotificationsSetting recorded 1 samples, mean = 3.0 (flags = 0x41)
0  ... 
3  -O                                                                        (1 = 100.0%) {0.0%}
4  ... 

Histogram: ContentSettings.RegularProfile.DefaultPopupsSetting recorded 1 samples, mean = 2.0 (flags = 0x41)
0  ... 
2  -O                                                                        (1 = 100.0%) {0.0%}
3  ... 

Histogram: ContentSettings.RegularProfile.DefaultSoundSetting recorded 1 samples, mean = 1.0 (flags = 0x41)
0  O                                                                         (0 = 0.0%)
1  -O                                                                        (1 = 100.0%) {0.0%}
2  ... 

Histogram: ContentSettings.RegularProfile.DefaultStorageAccessSetting recorded 1 samples, mean = 3.0 (flags = 0x41)
0  ... 
3  -O                                                                        (1 = 100.0%) {0.0%}
4  ... 

Histogram: ContentSettings.RegularProfile.DefaultSubresourceFilterSetting recorded 1 samples, mean = 2.0 (flags = 0x41)
0  ... 
2  -O                                                                        (1 = 100.0%) {0.0%}
3  ... 

Histogram: ContentSettings.RegularProfile.DefaultUsbGuardSetting recorded 1 samples, mean = 3.0 (flags = 0x41)
0  ... 
3  -O                                                                        (1 = 100.0%) {0.0%}
4  ... 

Histogram: ContentSettings.RegularProfile.DefaultWebBluetoothGuardSetting recorded 1 samples, mean = 3.0 (flags = 0x41)
0  ... 
3  -O                                                                        (1 = 100.0%) {0.0%}
4  ... 

Histogram: ContentSettings.RegularProfile.Exceptions.3pcd-heuristics-grants recorded 1 samples, mean = 0.0 (flags = 0x41)
0  -O                                                                        (1 = 100.0%)
1  ... 

Histogram: ContentSettings.RegularProfile.Exceptions.3pcd-support recorded 1 samples, mean = 0.0 (flags = 0x41)
0  -O                                                                        (1 = 100.0%)
1  ... 

Histogram: ContentSettings.RegularProfile.Exceptions.abusive-notification-permissions recorded 1 samples, mean = 0.0 (flags = 0x41)
0  -O                                                                        (1 = 100.0%)
1  ... 

Histogram: ContentSettings.RegularProfile.Exceptions.access-to-get-all-screens-media-in-session recorded 1 samples, mean = 0.0 (flags = 0x41)
0  -O                                                                        (1 = 100.0%)
1  ... 

Histogram: ContentSettings.RegularProfile.Exceptions.accessibility-events recorded 1 samples, mean = 0.0 (flags = 0x41)
0  -O                                                                        (1 = 100.0%)
1  ... 

Histogram: ContentSettings.RegularProfile.Exceptions.anti-abuse recorded 1 samples, mean = 0.0 (flags = 0x41)
0  -O                                                                        (1 = 100.0%)
1  ... 

Histogram: ContentSettings.RegularProfile.Exceptions.app-banner recorded 1 samples, mean = 0.0 (flags = 0x41)
0  -O                                                                        (1 = 100.0%)
1  ... 

Histogram: ContentSettings.RegularProfile.Exceptions.ar recorded 1 samples, mean = 0.0 (flags = 0x41)
0  -O                                                                        (1 = 100.0%)
1  ... 

Histogram: ContentSettings.RegularProfile.Exceptions.auto-picture-in-picture recorded 1 samples, mean = 0.0 (flags = 0x41)
0  -O                                                                        (1 = 100.0%)
1  ... 

Histogram: ContentSettings.RegularProfile.Exceptions.auto-select-certificate recorded 1 samples, mean = 0.0 (flags = 0x41)
0  -O                                                                        (1 = 100.0%)
1  ... 

Histogram: ContentSettings.RegularProfile.Exceptions.automatic-downloads recorded 1 samples, mean = 0.0 (flags = 0x41)
0  -O                                                                        (1 = 100.0%)
1  ... 

Histogram: ContentSettings.RegularProfile.Exceptions.automatic-fullscreen recorded 1 samples, mean = 0.0 (flags = 0x41)
0  -O                                                                        (1 = 100.0%)
1  ... 

Histogram: ContentSettings.RegularProfile.Exceptions.autoplay recorded 1 samples, mean = 0.0 (flags = 0x41)
0  -O                                                                        (1 = 100.0%)
1  ... 

Histogram: ContentSettings.RegularProfile.Exceptions.background-sync recorded 1 samples, mean = 0.0 (flags = 0x41)
0  -O                                                                        (1 = 100.0%)
1  ... 

Histogram: ContentSettings.RegularProfile.Exceptions.bluetooth-chooser-data recorded 1 samples, mean = 0.0 (flags = 0x41)
0  -O                                                                        (1 = 100.0%)
1  ... 

Histogram: ContentSettings.RegularProfile.Exceptions.bluetooth-guard recorded 1 samples, mean = 0.0 (flags = 0x41)
0  -O                                                                        (1 = 100.0%)
1  ... 

Histogram: ContentSettings.RegularProfile.Exceptions.bluetooth-scanning recorded 1 samples, mean = 0.0 (flags = 0x41)
0  -O                                                                        (1 = 100.0%)
1  ... 

Histogram: ContentSettings.RegularProfile.Exceptions.camera-pan-tilt-zoom recorded 1 samples, mean = 0.0 (flags = 0x41)
0  -O                                                                        (1 = 100.0%)
1  ... 

Histogram: ContentSettings.RegularProfile.Exceptions.captured-surface-control recorded 1 samples, mean = 0.0 (flags = 0x41)
0  -O                                                                        (1 = 100.0%)
1  ... 

Histogram: ContentSettings.RegularProfile.Exceptions.client-hints recorded 1 samples, mean = 1.0 (flags = 0x41)
0  O                                                                         (0 = 0.0%)
1  -O                                                                        (1 = 100.0%) {0.0%}
2  ... 

Histogram: ContentSettings.RegularProfile.Exceptions.clipboard recorded 1 samples, mean = 0.0 (flags = 0x41)
0  -O                                                                        (1 = 100.0%)
1  ... 

Histogram: ContentSettings.RegularProfile.Exceptions.cookie-controls-metadata recorded 1 samples, mean = 0.0 (flags = 0x41)
0  -O                                                                        (1 = 100.0%)
1  ... 

Histogram: ContentSettings.RegularProfile.Exceptions.cookies recorded 1 samples, mean = 0.0 (flags = 0x41)
0  -O                                                                        (1 = 100.0%)
1  ... 

Histogram: ContentSettings.RegularProfile.Exceptions.cookies.Allow recorded 1 samples, mean = 0.0 (flags = 0x41)
0  -O                                                                        (1 = 100.0%)
1  ... 

Histogram: ContentSettings.RegularProfile.Exceptions.cookies.AllowThirdParty recorded 1 samples, mean = 0.0 (flags = 0x41)
0  -O                                                                        (1 = 100.0%)
1  ... 

Histogram: ContentSettings.RegularProfile.Exceptions.cookies.Block recorded 1 samples, mean = 0.0 (flags = 0x41)
0  -O                                                                        (1 = 100.0%)
1  ... 

Histogram: ContentSettings.RegularProfile.Exceptions.cookies.DomainWildcardAllowThirdParty recorded 1 samples, mean = 0.0 (flags = 0x41)
0  -O                                                                        (1 = 100.0%)
1  ... 

Histogram: ContentSettings.RegularProfile.Exceptions.cookies.SessionOnly recorded 1 samples, mean = 0.0 (flags = 0x41)
0  -O                                                                        (1 = 100.0%)
1  ... 

Histogram: ContentSettings.RegularProfile.Exceptions.cookies.TemporaryAllowThirdParty recorded 1 samples, mean = 0.0 (flags = 0x41)
0  -O                                                                        (1 = 100.0%)
1  ... 

Histogram: ContentSettings.RegularProfile.Exceptions.direct-sockets recorded 1 samples, mean = 0.0 (flags = 0x41)
0  -O                                                                        (1 = 100.0%)
1  ... 

Histogram: ContentSettings.RegularProfile.Exceptions.display-media-system-audio recorded 1 samples, mean = 0.0 (flags = 0x41)
0  -O                                                                        (1 = 100.0%)
1  ... 

Histogram: ContentSettings.RegularProfile.Exceptions.durable-storage recorded 1 samples, mean = 0.0 (flags = 0x41)
0  -O                                                                        (1 = 100.0%)
1  ... 

Histogram: ContentSettings.RegularProfile.Exceptions.fedcm-idp-registration recorded 1 samples, mean = 0.0 (flags = 0x41)
0  -O                                                                        (1 = 100.0%)
1  ... 

Histogram: ContentSettings.RegularProfile.Exceptions.fedcm-idp-signin recorded 1 samples, mean = 1.0 (flags = 0x41)
0  O                                                                         (0 = 0.0%)
1  -O                                                                        (1 = 100.0%) {0.0%}
2  ... 

Histogram: ContentSettings.RegularProfile.Exceptions.fedcm-share recorded 1 samples, mean = 0.0 (flags = 0x41)
0  -O                                                                        (1 = 100.0%)
1  ... 

Histogram: ContentSettings.RegularProfile.Exceptions.file-system-access-chooser-data recorded 1 samples, mean = 0.0 (flags = 0x41)
0  -O                                                                        (1 = 100.0%)
1  ... 

Histogram: ContentSettings.RegularProfile.Exceptions.file-system-access-extended-permission recorded 1 samples, mean = 0.0 (flags = 0x41)
0  -O                                                                        (1 = 100.0%)
1  ... 

Histogram: ContentSettings.RegularProfile.Exceptions.file-system-access-restore-permission recorded 1 samples, mean = 0.0 (flags = 0x41)
0  -O                                                                        (1 = 100.0%)
1  ... 

Histogram: ContentSettings.RegularProfile.Exceptions.file-system-last-picked-directory recorded 1 samples, mean = 0.0 (flags = 0x41)
0  -O                                                                        (1 = 100.0%)
1  ... 

Histogram: ContentSettings.RegularProfile.Exceptions.file-system-read-guard recorded 1 samples, mean = 0.0 (flags = 0x41)
0  -O                                                                        (1 = 100.0%)
1  ... 

Histogram: ContentSettings.RegularProfile.Exceptions.file-system-write-guard recorded 1 samples, mean = 0.0 (flags = 0x41)
0  -O                                                                        (1 = 100.0%)
1  ... 

Histogram: ContentSettings.RegularProfile.Exceptions.formfill-metadata recorded 1 samples, mean = 0.0 (flags = 0x41)
0  -O                                                                        (1 = 100.0%)
1  ... 

Histogram: ContentSettings.RegularProfile.Exceptions.geolocation recorded 1 samples, mean = 0.0 (flags = 0x41)
0  -O                                                                        (1 = 100.0%)
1  ... 

Histogram: ContentSettings.RegularProfile.Exceptions.hid-chooser-data recorded 1 samples, mean = 0.0 (flags = 0x41)
0  -O                                                                        (1 = 100.0%)
1  ... 

Histogram: ContentSettings.RegularProfile.Exceptions.hid-guard recorded 1 samples, mean = 0.0 (flags = 0x41)
0  -O                                                                        (1 = 100.0%)
1  ... 

Histogram: ContentSettings.RegularProfile.Exceptions.http-allowed recorded 1 samples, mean = 0.0 (flags = 0x41)
0  -O                                                                        (1 = 100.0%)
1  ... 

Histogram: ContentSettings.RegularProfile.Exceptions.https-enforced recorded 1 samples, mean = 0.0 (flags = 0x41)
0  -O                                                                        (1 = 100.0%)
1  ... 

Histogram: ContentSettings.RegularProfile.Exceptions.idle-detection recorded 1 samples, mean = 0.0 (flags = 0x41)
0  -O                                                                        (1 = 100.0%)
1  ... 

Histogram: ContentSettings.RegularProfile.Exceptions.images recorded 1 samples, mean = 0.0 (flags = 0x41)
0  -O                                                                        (1 = 100.0%)
1  ... 

Histogram: ContentSettings.RegularProfile.Exceptions.important-site-info recorded 1 samples, mean = 0.0 (flags = 0x41)
0  -O                                                                        (1 = 100.0%)
1  ... 

Histogram: ContentSettings.RegularProfile.Exceptions.insecure-private-network recorded 1 samples, mean = 0.0 (flags = 0x41)
0  -O                                                                        (1 = 100.0%)
1  ... 

Histogram: ContentSettings.RegularProfile.Exceptions.intent-picker-auto-display recorded 1 samples, mean = 0.0 (flags = 0x41)
0  -O                                                                        (1 = 100.0%)
1  ... 

Histogram: ContentSettings.RegularProfile.Exceptions.javascript recorded 1 samples, mean = 0.0 (flags = 0x41)
0  -O                                                                        (1 = 100.0%)
1  ... 

Histogram: ContentSettings.RegularProfile.Exceptions.javascript-jit recorded 1 samples, mean = 0.0 (flags = 0x41)
0  -O                                                                        (1 = 100.0%)
1  ... 

Histogram: ContentSettings.RegularProfile.Exceptions.javascript-optimizer recorded 1 samples, mean = 0.0 (flags = 0x41)
0  -O                                                                        (1 = 100.0%)
1  ... 

Histogram: ContentSettings.RegularProfile.Exceptions.keyboard-lock recorded 1 samples, mean = 0.0 (flags = 0x41)
0  -O                                                                        (1 = 100.0%)
1  ... 

Histogram: ContentSettings.RegularProfile.Exceptions.legacy-cookie-access recorded 1 samples, mean = 0.0 (flags = 0x41)
0  -O                                                                        (1 = 100.0%)
1  ... 

Histogram: ContentSettings.RegularProfile.Exceptions.local-fonts recorded 1 samples, mean = 0.0 (flags = 0x41)
0  -O                                                                        (1 = 100.0%)
1  ... 

Histogram: ContentSettings.RegularProfile.Exceptions.media-engagement recorded 1 samples, mean = 1.0 (flags = 0x41)
0  O                                                                         (0 = 0.0%)
1  -O                                                                        (1 = 100.0%) {0.0%}
2  ... 

Histogram: ContentSettings.RegularProfile.Exceptions.media-stream-camera recorded 1 samples, mean = 0.0 (flags = 0x41)
0  -O                                                                        (1 = 100.0%)
1  ... 

Histogram: ContentSettings.RegularProfile.Exceptions.media-stream-mic recorded 1 samples, mean = 0.0 (flags = 0x41)
0  -O                                                                        (1 = 100.0%)
1  ... 

Histogram: ContentSettings.RegularProfile.Exceptions.midi-sysex recorded 1 samples, mean = 0.0 (flags = 0x41)
0  -O                                                                        (1 = 100.0%)
1  ... 

Histogram: ContentSettings.RegularProfile.Exceptions.mixed-script recorded 1 samples, mean = 0.0 (flags = 0x41)
0  -O                                                                        (1 = 100.0%)
1  ... 

Histogram: ContentSettings.RegularProfile.Exceptions.nfc-devices recorded 1 samples, mean = 0.0 (flags = 0x41)
0  -O                                                                        (1 = 100.0%)
1  ... 

Histogram: ContentSettings.RegularProfile.Exceptions.notification-interactions recorded 1 samples, mean = 0.0 (flags = 0x41)
0  -O                                                                        (1 = 100.0%)
1  ... 

Histogram: ContentSettings.RegularProfile.Exceptions.notification-permission-review recorded 1 samples, mean = 0.0 (flags = 0x41)
0  -O                                                                        (1 = 100.0%)
1  ... 

Histogram: ContentSettings.RegularProfile.Exceptions.notifications recorded 1 samples, mean = 0.0 (flags = 0x41)
0  -O                                                                        (1 = 100.0%)
1  ... 

Histogram: ContentSettings.RegularProfile.Exceptions.password-protection recorded 1 samples, mean = 0.0 (flags = 0x41)
0  -O                                                                        (1 = 100.0%)
1  ... 

Histogram: ContentSettings.RegularProfile.Exceptions.payment-handler recorded 1 samples, mean = 0.0 (flags = 0x41)
0  -O                                                                        (1 = 100.0%)
1  ... 

Histogram: ContentSettings.RegularProfile.Exceptions.permission-autoblocking-data recorded 1 samples, mean = 0.0 (flags = 0x41)
0  -O                                                                        (1 = 100.0%)
1  ... 

Histogram: ContentSettings.RegularProfile.Exceptions.permission-autorevocation-data recorded 1 samples, mean = 0.0 (flags = 0x41)
0  -O                                                                        (1 = 100.0%)
1  ... 

Histogram: ContentSettings.RegularProfile.Exceptions.pointer-lock recorded 1 samples, mean = 0.0 (flags = 0x41)
0  -O                                                                        (1 = 100.0%)
1  ... 

Histogram: ContentSettings.RegularProfile.Exceptions.popups recorded 1 samples, mean = 0.0 (flags = 0x41)
0  -O                                                                        (1 = 100.0%)
1  ... 

Histogram: ContentSettings.RegularProfile.Exceptions.popups.Allow recorded 1 samples, mean = 0.0 (flags = 0x41)
0  -O                                                                        (1 = 100.0%)
1  ... 

Histogram: ContentSettings.RegularProfile.Exceptions.popups.Block recorded 1 samples, mean = 0.0 (flags = 0x41)
0  -O                                                                        (1 = 100.0%)
1  ... 

Histogram: ContentSettings.RegularProfile.Exceptions.private-network-chooser-data recorded 1 samples, mean = 0.0 (flags = 0x41)
0  -O                                                                        (1 = 100.0%)
1  ... 

Histogram: ContentSettings.RegularProfile.Exceptions.private-network-guard recorded 1 samples, mean = 0.0 (flags = 0x41)
0  -O                                                                        (1 = 100.0%)
1  ... 

Histogram: ContentSettings.RegularProfile.Exceptions.protected-media-identifier recorded 1 samples, mean = 0.0 (flags = 0x41)
0  -O                                                                        (1 = 100.0%)
1  ... 

Histogram: ContentSettings.RegularProfile.Exceptions.protocol-handler recorded 1 samples, mean = 0.0 (flags = 0x41)
0  -O                                                                        (1 = 100.0%)
1  ... 

Histogram: ContentSettings.RegularProfile.Exceptions.reduced-accept-language recorded 1 samples, mean = 0.0 (flags = 0x41)
0  -O                                                                        (1 = 100.0%)
1  ... 

Histogram: ContentSettings.RegularProfile.Exceptions.safe-browsing-url-check-data recorded 1 samples, mean = 0.0 (flags = 0x41)
0  -O                                                                        (1 = 100.0%)
1  ... 

Histogram: ContentSettings.RegularProfile.Exceptions.sensors recorded 1 samples, mean = 0.0 (flags = 0x41)
0  -O                                                                        (1 = 100.0%)
1  ... 

Histogram: ContentSettings.RegularProfile.Exceptions.serial-chooser-data recorded 1 samples, mean = 0.0 (flags = 0x41)
0  -O                                                                        (1 = 100.0%)
1  ... 

Histogram: ContentSettings.RegularProfile.Exceptions.serial-guard recorded 1 samples, mean = 0.0 (flags = 0x41)
0  -O                                                                        (1 = 100.0%)
1  ... 

Histogram: ContentSettings.RegularProfile.Exceptions.site-engagement recorded 1 samples, mean = 1.0 (flags = 0x41)
0  O                                                                         (0 = 0.0%)
1  -O                                                                        (1 = 100.0%) {0.0%}
2  ... 

Histogram: ContentSettings.RegularProfile.Exceptions.sound recorded 1 samples, mean = 0.0 (flags = 0x41)
0  -O                                                                        (1 = 100.0%)
1  ... 

Histogram: ContentSettings.RegularProfile.Exceptions.speaker-selection recorded 1 samples, mean = 0.0 (flags = 0x41)
0  -O                                                                        (1 = 100.0%)
1  ... 

Histogram: ContentSettings.RegularProfile.Exceptions.ssl-cert-decisions recorded 1 samples, mean = 0.0 (flags = 0x41)
0  -O                                                                        (1 = 100.0%)
1  ... 

Histogram: ContentSettings.RegularProfile.Exceptions.storage-access recorded 1 samples, mean = 0.0 (flags = 0x41)
0  -O                                                                        (1 = 100.0%)
1  ... 

Histogram: ContentSettings.RegularProfile.Exceptions.storage-access-header-origin-trial recorded 1 samples, mean = 0.0 (flags = 0x41)
0  -O                                                                        (1 = 100.0%)
1  ... 

Histogram: ContentSettings.RegularProfile.Exceptions.storage-access.Allow recorded 1 samples, mean = 0.0 (flags = 0x41)
0  -O                                                                        (1 = 100.0%)
1  ... 

Histogram: ContentSettings.RegularProfile.Exceptions.storage-access.Ask recorded 1 samples, mean = 0.0 (flags = 0x41)
0  -O                                                                        (1 = 100.0%)
1  ... 

Histogram: ContentSettings.RegularProfile.Exceptions.storage-access.Block recorded 1 samples, mean = 0.0 (flags = 0x41)
0  -O                                                                        (1 = 100.0%)
1  ... 

Histogram: ContentSettings.RegularProfile.Exceptions.storage-access.MaxRequester recorded 1 samples, mean = 0.0 (flags = 0x41)
0  -O                                                                        (1 = 100.0%)
1  ... 

Histogram: ContentSettings.RegularProfile.Exceptions.storage-access.MaxTopLevel recorded 1 samples, mean = 0.0 (flags = 0x41)
0  -O                                                                        (1 = 100.0%)
1  ... 

Histogram: ContentSettings.RegularProfile.Exceptions.subresource-filter recorded 1 samples, mean = 0.0 (flags = 0x41)
0  -O                                                                        (1 = 100.0%)
1  ... 

Histogram: ContentSettings.RegularProfile.Exceptions.subresource-filter-data recorded 1 samples, mean = 0.0 (flags = 0x41)
0  -O                                                                        (1 = 100.0%)
1  ... 

Histogram: ContentSettings.RegularProfile.Exceptions.subresource-filter.Allow recorded 1 samples, mean = 0.0 (flags = 0x41)
0  -O                                                                        (1 = 100.0%)
1  ... 

Histogram: ContentSettings.RegularProfile.Exceptions.subresource-filter.Block recorded 1 samples, mean = 0.0 (flags = 0x41)
0  -O                                                                        (1 = 100.0%)
1  ... 

Histogram: ContentSettings.RegularProfile.Exceptions.third-party-storage-partitioning recorded 1 samples, mean = 0.0 (flags = 0x41)
0  -O                                                                        (1 = 100.0%)
1  ... 

Histogram: ContentSettings.RegularProfile.Exceptions.top-level-3pcd-origin-trial recorded 1 samples, mean = 0.0 (flags = 0x41)
0  -O                                                                        (1 = 100.0%)
1  ... 

Histogram: ContentSettings.RegularProfile.Exceptions.top-level-3pcd-support recorded 1 samples, mean = 0.0 (flags = 0x41)
0  -O                                                                        (1 = 100.0%)
1  ... 

Histogram: ContentSettings.RegularProfile.Exceptions.top-level-storage-access recorded 1 samples, mean = 0.0 (flags = 0x41)
0  -O                                                                        (1 = 100.0%)
1  ... 

Histogram: ContentSettings.RegularProfile.Exceptions.tracking-protection recorded 1 samples, mean = 0.0 (flags = 0x41)
0  -O                                                                        (1 = 100.0%)
1  ... 

Histogram: ContentSettings.RegularProfile.Exceptions.tracking-protection.Allow recorded 1 samples, mean = 0.0 (flags = 0x41)
0  -O                                                                        (1 = 100.0%)
1  ... 

Histogram: ContentSettings.RegularProfile.Exceptions.tracking-protection.Block recorded 1 samples, mean = 0.0 (flags = 0x41)
0  -O                                                                        (1 = 100.0%)
1  ... 

Histogram: ContentSettings.RegularProfile.Exceptions.unused-site-permissions recorded 1 samples, mean = 0.0 (flags = 0x41)
0  -O                                                                        (1 = 100.0%)
1  ... 

Histogram: ContentSettings.RegularProfile.Exceptions.usb-chooser-data recorded 1 samples, mean = 0.0 (flags = 0x41)
0  -O                                                                        (1 = 100.0%)
1  ... 

Histogram: ContentSettings.RegularProfile.Exceptions.usb-guard recorded 1 samples, mean = 0.0 (flags = 0x41)
0  -O                                                                        (1 = 100.0%)
1  ... 

Histogram: ContentSettings.RegularProfile.Exceptions.vr recorded 1 samples, mean = 0.0 (flags = 0x41)
0  -O                                                                        (1 = 100.0%)
1  ... 

Histogram: ContentSettings.RegularProfile.Exceptions.webid-api recorded 1 samples, mean = 0.0 (flags = 0x41)
0  -O                                                                        (1 = 100.0%)
1  ... 

Histogram: ContentSettings.RegularProfile.Exceptions.webid-auto-reauthn recorded 1 samples, mean = 0.0 (flags = 0x41)
0  -O                                                                        (1 = 100.0%)
1  ... 

Histogram: ContentSettings.RegularProfile.Exceptions.window-placement recorded 1 samples, mean = 0.0 (flags = 0x41)
0  -O                                                                        (1 = 100.0%)
1  ... 

Histogram: Conversions.DelayOnAttestationsLoaded recorded 1 samples, mean = 1962.0 (flags = 0x41)
0     ... 
1547  -O                                                                        (1 = 100.0%) {0.0%}
1988  ... 

Histogram: Cookie.CookieSchemeRequestScheme recorded 75 samples, mean = 2.0 (flags = 0x41)
0  ... 
2  ------------------------------------------------------------------------O (75 = 100.0%) {0.0%}
3  ... 

Histogram: Cookie.CrossSiteRedirectType.Read recorded 117 samples, mean = 1.0 (flags = 0x41)
0  O                                                                         (0 = 0.0%)
1  ------------------------------------------------------------------------O (117 = 100.0%) {0.0%}
2  ... 

Histogram: Cookie.DaysSinceRefreshForRetrieval recorded 3 samples, mean = 0.0 (flags = 0x41)
0  ---O                                                                      (3 = 100.0%)
1  ... 

Histogram: Cookie.FirstPartyPartitioned.HasCrossSiteAncestor recorded 40 samples, mean = 0.0 (flags = 0x41)
0  ----------------------------------------O                                 (40 = 100.0%)
1  ... 

Histogram: Cookie.FirstPartySets.Browser.DelayedQueriesCount recorded 1 samples, mean = 2.0 (flags = 0x41)
0  ... 
2  -O                                                                        (1 = 100.0%) {0.0%}
3  ... 

Histogram: Cookie.FirstPartySets.Browser.MostDelayedQueryDelta recorded 1 samples, mean = 5303.0 (flags = 0x41)
0     ... 
5017  -O                                                                        (1 = 100.0%) {0.0%}
5961  ... 

Histogram: Cookie.FirstPartySets.ComponentSetsNonfatalErrors recorded 1 samples, mean = 0.0 (flags = 0x41)
0  -O                                                                        (1 = 100.0%)
1  ... 

Histogram: Cookie.FirstPartySets.ComponentSetsParsedSuccessfully recorded 1 samples, mean = 70.0 (flags = 0x41)
0   ... 
67  -O                                                                        (1 = 100.0%) {0.0%}
75  ... 

Histogram: Cookie.FirstPartySets.ContextDelayedQueriesCount recorded 1 samples, mean = 0.0 (flags = 0x41)
0  -O                                                                        (1 = 100.0%)
1  ... 

Histogram: Cookie.FirstPartySets.ContextMostDelayedQueryDelta recorded 1 samples, mean = 0.0 (flags = 0x41)
0  -O                                                                        (1 = 100.0%)
1  ... 

Histogram: Cookie.FirstPartySets.EnqueueingDelay.ContextConfig2 recorded 1 samples, mean = 5292.0 (flags = 0x41)
0     ... 
5017  -O                                                                        (1 = 100.0%) {0.0%}
5961  ... 

Histogram: Cookie.FirstPartySets.InitializationDuration.ContextReadyToServeQueries2 recorded 1 samples, mean = 3579.0 (flags = 0x41)
0     ... 
3553  -O                                                                        (1 = 100.0%) {0.0%}
4222  ... 

Histogram: Cookie.FirstPartySets.InitializationDuration.ReadCommandLineSet2 recorded 1 samples, mean = 25.0 (flags = 0x41)
0   ... 
24  -O                                                                        (1 = 100.0%) {0.0%}
29  ... 

Histogram: Cookie.FirstPartySets.InitializationDuration.ReadComponentSets2 recorded 1 samples, mean = 5303.0 (flags = 0x41)
0     ... 
5017  -O                                                                        (1 = 100.0%) {0.0%}
5961  ... 

Histogram: Cookie.FirstPartySets.InitializationDuration.ReadyToServeQueries2 recorded 1 samples, mean = 5258.0 (flags = 0x41)
0     ... 
5017  -O                                                                        (1 = 100.0%) {0.0%}
5961  ... 

Histogram: Cookie.FirstPartySets.Network.DelayedQueriesCount recorded 1 samples, mean = 0.0 (flags = 0x41)
0  -O                                                                        (1 = 100.0%)
1  ... 

Histogram: Cookie.FirstPartySets.Network.MostDelayedQueryDelta recorded 1 samples, mean = 0.0 (flags = 0x41)
0  -O                                                                        (1 = 100.0%)
1  ... 

Histogram: Cookie.FirstPartySets.ProcessedEntireComponent recorded 1 samples, mean = 1.0 (flags = 0x41)
0  O                                                                         (0 = 0.0%)
1  -O                                                                        (1 = 100.0%) {0.0%}
2  O                                                                         (0 = 0.0%) {100.0%}

Histogram: Cookie.FromStorageWithValidLength recorded 55 samples, mean = 1.0 (flags = 0x41)
0  O                                                                         (0 = 0.0%)
1  -------------------------------------------------------O                  (55 = 100.0%) {0.0%}
2  O                                                                         (0 = 0.0%) {100.0%}

Histogram: Cookie.IncludedRequestEffectiveSameSite recorded 118 samples, mean = 0.0 (flags = 0x41)
0  ------------------------------------------------------------------------O (118 = 100.0%)
1  ... 

Histogram: Cookie.OnCookiesAccessed.BatchSize recorded 5 samples, mean = 1.0 (flags = 0x41)
0  O                                                                         (0 = 0.0%)
1  -----O                                                                    (5 = 100.0%) {0.0%}
2  ... 

Histogram: Cookie.OnCookiesAccessed.TotalAccesses recorded 5 samples, mean = 1.8 (flags = 0x41)
0  O                                                                         (0 = 0.0%)
1  -O                                                                        (1 = 20.0%) {0.0%}
2  ----O                                                                     (4 = 80.0%) {20.0%}
3  ... 

Histogram: Cookie.PartitionedCookiesInRequest recorded 38 samples, mean = 1.0 (flags = 0x41)
0  -O                                                                        (1 = 2.6%)
1  -------------------------------------O                                    (37 = 97.4%) {2.6%}
2  ... 

Histogram: Cookie.Port.Read.RemoteHost recorded 118 samples, mean = 7.0 (flags = 0x41)
0  ... 
7  ------------------------------------------------------------------------O (118 = 100.0%) {0.0%}
8  ... 

Histogram: Cookie.Port.ReadDiffersFromSet.DomainSet recorded 118 samples, mean = 4.0 (flags = 0x41)
0  ... 
4  ------------------------------------------------------------------------O (118 = 100.0%) {0.0%}
5  O                                                                         (0 = 0.0%) {100.0%}

Histogram: Cookie.Port.ReadDiffersFromSet.RemoteHost recorded 118 samples, mean = 4.0 (flags = 0x41)
0  ... 
4  ------------------------------------------------------------------------O (118 = 100.0%) {0.0%}
5  O                                                                         (0 = 0.0%) {100.0%}

Histogram: Cookie.RequestSameSiteContext recorded 120 samples, mean = 3.0 (flags = 0x41)
0  -O                                                                        (2 = 1.7%)
1  ... 
3  ------------------------------------------------------------------------O (118 = 98.3%) {1.7%}
4  O                                                                         (0 = 0.0%) {100.0%}

Histogram: Cookie.SourceType recorded 3 samples, mean = 1.0 (flags = 0x41)
0  O                                                                         (0 = 0.0%)
1  ---O                                                                      (3 = 100.0%) {0.0%}
2  ... 

Histogram: Cookie.TimeBlockedOnLoad recorded 2 samples, mean = 123.0 (flags = 0x41)
0    O                                                                         (0 = 0.0%)
1    -O                                                                        (1 = 50.0%) {0.0%}
2    ... 
224  -O                                                                        (1 = 50.0%) {50.0%}
278  ... 

Histogram: Cookie.TimeInitializeDB recorded 2 samples, mean = 1.0 (flags = 0x41)
0  O                                                                         (0 = 0.0%)
1  --O                                                                       (2 = 100.0%) {0.0%}
2  ... 

Histogram: Cookie.TimeOpsBlockedDueToGlobalOp recorded 2 samples, mean = 0.5 (flags = 0x41)
0  -O                                                                        (1 = 50.0%)
1  -O                                                                        (1 = 50.0%) {50.0%}
2  ... 

Histogram: Cookie.Type2 recorded 3 samples, mean = 14.0 (flags = 0x41)
0   ... 
14  ---O                                                                      (3 = 100.0%) {0.0%}
15  ... 

Histogram: Crypto.TPMDuration.MessageSigningECDSA recorded 1 samples, mean = 22.0 (flags = 0x41)
0   ... 
20  -O                                                                        (1 = 100.0%) {0.0%}
25  ... 

Histogram: Crypto.TPMDuration.NewKeyCreationECDSA recorded 1 samples, mean = 86.0 (flags = 0x41)
0   ... 
84  -O                                                                        (1 = 100.0%) {0.0%}
107 ... 

Histogram: Crypto.TPMDuration.Virtual.MessageSigningECDSA recorded 1 samples, mean = 0.0 (flags = 0x41)
0  -O                                                                        (1 = 100.0%)
1  ... 

Histogram: Crypto.TPMDuration.Virtual.NewKeyCreationECDSA recorded 1 samples, mean = 7.0 (flags = 0x41)
0  ... 
6  -O                                                                        (1 = 100.0%) {0.0%}
8  ... 

Histogram: Crypto.TPMDuration.Virtual.WrappedKeyCreationECDSA recorded 1 samples, mean = 2.0 (flags = 0x41)
0  ... 
2  -O                                                                        (1 = 100.0%) {0.0%}
3  ... 

Histogram: Crypto.TPMDuration.WrappedKeyCreationECDSA recorded 1 samples, mean = 15.0 (flags = 0x41)
0   ... 
13  -O                                                                        (1 = 100.0%) {0.0%}
16  ... 

Histogram: Crypto.TPMOperation.MessageSigningECDSA recorded 1 samples, mean = 1.0 (flags = 0x41)
0  O                                                                         (0 = 0.0%)
1  -O                                                                        (1 = 100.0%) {0.0%}
2  O                                                                         (0 = 0.0%) {100.0%}

Histogram: Crypto.TPMOperation.MessageVerifyECDSA recorded 1 samples, mean = 1.0 (flags = 0x41)
0  O                                                                         (0 = 0.0%)
1  -O                                                                        (1 = 100.0%) {0.0%}
2  O                                                                         (0 = 0.0%) {100.0%}

Histogram: Crypto.TPMOperation.NewKeyCreationECDSA recorded 1 samples, mean = 1.0 (flags = 0x41)
0  O                                                                         (0 = 0.0%)
1  -O                                                                        (1 = 100.0%) {0.0%}
2  O                                                                         (0 = 0.0%) {100.0%}

Histogram: Crypto.TPMOperation.Virtual.MessageSigningECDSA recorded 1 samples, mean = 1.0 (flags = 0x41)
0  O                                                                         (0 = 0.0%)
1  -O                                                                        (1 = 100.0%) {0.0%}
2  O                                                                         (0 = 0.0%) {100.0%}

Histogram: Crypto.TPMOperation.Virtual.MessageVerifyECDSA recorded 1 samples, mean = 1.0 (flags = 0x41)
0  O                                                                         (0 = 0.0%)
1  -O                                                                        (1 = 100.0%) {0.0%}
2  O                                                                         (0 = 0.0%) {100.0%}

Histogram: Crypto.TPMOperation.Virtual.NewKeyCreationECDSA recorded 1 samples, mean = 1.0 (flags = 0x41)
0  O                                                                         (0 = 0.0%)
1  -O                                                                        (1 = 100.0%) {0.0%}
2  O                                                                         (0 = 0.0%) {100.0%}

Histogram: Crypto.TPMOperation.Virtual.WrappedKeyCreationECDSA recorded 1 samples, mean = 1.0 (flags = 0x41)
0  O                                                                         (0 = 0.0%)
1  -O                                                                        (1 = 100.0%) {0.0%}
2  O                                                                         (0 = 0.0%) {100.0%}

Histogram: Crypto.TPMOperation.WrappedKeyCreationECDSA recorded 1 samples, mean = 1.0 (flags = 0x41)
0  O                                                                         (0 = 0.0%)
1  -O                                                                        (1 = 100.0%) {0.0%}
2  O                                                                         (0 = 0.0%) {100.0%}

Histogram: Crypto.TPMSupport2 recorded 1 samples, mean = 2.0 (flags = 0x41)
0  ... 
2  -O                                                                        (1 = 100.0%) {0.0%}
3  O                                                                         (0 = 0.0%) {100.0%}

Histogram: Crypto.TPMSupportType recorded 1 samples, mean = 3.0 (flags = 0x41)
0  ... 
3  -O                                                                        (1 = 100.0%) {0.0%}
4  O                                                                         (0 = 0.0%) {100.0%}

Histogram: Crypto.VirtualKeySupport recorded 1 samples, mean = 2.0 (flags = 0x41)
0  ... 
2  -O                                                                        (1 = 100.0%) {0.0%}
3  O                                                                         (0 = 0.0%) {100.0%}

Histogram: DOMStorage.CommitMeasuredDelay recorded 4 samples, mean = 3749.2 (flags = 0x41)
0     ... 
3     -O                                                                        (1 = 25.0%) {0.0%}
4     ... 
4904  ---O                                                                      (3 = 75.0%) {25.0%}
5660  ... 

Histogram: DOMStorage.CommitSizeBytes recorded 2 samples, mean = 17430.5 (flags = 0x41)
0      ... 
17208  --O                                                                       (2 = 100.0%) {0.0%}
19400  ... 

Histogram: DataUse.BytesReceived3.Delegate recorded 16 samples, mean = 7928.9 (flags = 0x41)
0      ... 
64     -O                                                                        (1 = 6.2%) {0.0%}
83     ... 
230    ---O                                                                      (3 = 18.8%) {6.2%}
297    -O                                                                        (1 = 6.2%) {25.0%}
383    --O                                                                       (2 = 12.5%) {31.2%}
494    --O                                                                       (2 = 12.5%) {43.8%}
637    -O                                                                        (1 = 6.2%) {56.2%}
821    ... 
1366   -O                                                                        (1 = 6.2%) {62.5%}
1761   ... 
2928   ---O                                                                      (3 = 18.8%) {68.8%}
3776   ... 
17362  -O                                                                        (1 = 6.2%) {87.5%}
22388  ... 
79817  -O                                                                        (1 = 6.2%) {93.8%}
102923 ... 

Histogram: DataUse.BytesSent3.Delegate recorded 16 samples, mean = 1028.6 (flags = 0x41)
0     ... 
12    ---O                                                                      (3 = 18.8%) {0.0%}
16    O                                                                         (0 = 0.0%) {18.8%}
21    -O                                                                        (1 = 6.2%) {18.8%}
28    ... 
196   -O                                                                        (1 = 6.2%) {25.0%}
258   O                                                                         (0 = 0.0%) {31.2%}
340   -O                                                                        (1 = 6.2%) {31.2%}
448   --O                                                                       (2 = 12.5%) {37.5%}
590   --O                                                                       (2 = 12.5%) {50.0%}
777   --O                                                                       (2 = 12.5%) {62.5%}
1023  ---O                                                                      (3 = 18.8%) {75.0%}
1347  ... 
7031  -O                                                                        (1 = 6.2%) {93.8%}
9260  ... 

Histogram: DefaultBrowser.State recorded 1 samples, mean = 0.0 (flags = 0x41)
0  -O                                                                        (1 = 100.0%)
1  ... 

Histogram: DiskCache.0.Error recorded 1 samples, mean = 11.0 (flags = 0x41)
0   ... 
11  -O                                                                        (1 = 100.0%) {0.0%}
12  ... 

Histogram: DiskCache.0.TotalIOTimeRead recorded 100 samples, mean = 0.4 (flags = 0x41)
0  -----------------------------------------------------------------------O  (71 = 71.0%)
1  ------------------O                                                       (18 = 18.0%) {71.0%}
2  -----------O                                                              (11 = 11.0%) {89.0%}
3  ... 

Histogram: DiskCache.0.TotalIOTimeWrite recorded 16 samples, mean = 0.0 (flags = 0x41)
0  ----------------O                                                         (16 = 100.0%)
1  ... 

Histogram: Download.Database.IsAvailable recorded 1 samples, mean = 1.0 (flags = 0x41)
0  O                                                                         (0 = 0.0%)
1  -O                                                                        (1 = 100.0%) {0.0%}
2  O                                                                         (0 = 0.0%) {100.0%}

Histogram: Download.Service.Db.Operation.Failure recorded 1 samples, mean = 0.0 (flags = 0x41)
0  -O                                                                        (1 = 100.0%)
1  ... 

Histogram: Download.Service.Files.CleanUp.External recorded 1 samples, mean = 0.0 (flags = 0x41)
0  -O                                                                        (1 = 100.0%)
1  ... 

Histogram: Download.Service.Files.CleanUp.External.HardRecovery recorded 1 samples, mean = 0.0 (flags = 0x41)
0  -O                                                                        (1 = 100.0%)
1  ... 

Histogram: Download.Service.Files.CleanUp.Failure recorded 1 samples, mean = 0.0 (flags = 0x41)
0  -O                                                                        (1 = 100.0%)
1  ... 

Histogram: Download.Service.Files.CleanUp.Failure.HardRecovery recorded 1 samples, mean = 0.0 (flags = 0x41)
0  -O                                                                        (1 = 100.0%)
1  ... 

Histogram: Download.Service.Files.CleanUp.Success recorded 1 samples, mean = 0.0 (flags = 0x41)
0  -O                                                                        (1 = 100.0%)
1  ... 

Histogram: Download.Service.Files.CleanUp.Success.HardRecovery recorded 1 samples, mean = 0.0 (flags = 0x41)
0  -O                                                                        (1 = 100.0%)
1  ... 

Histogram: Download.Service.StartUpStatus.Initialization recorded 2 samples, mean = 2.0 (flags = 0x41)
0  O                                                                         (0 = 0.0%)
1  -O                                                                        (1 = 50.0%) {0.0%}
2  O                                                                         (0 = 0.0%) {50.0%}
3  -O                                                                        (1 = 50.0%) {50.0%}
4  ... 

Histogram: Download.Service.StartUpStatus.Recovery recorded 2 samples, mean = 2.0 (flags = 0x41)
0  O                                                                         (0 = 0.0%)
1  -O                                                                        (1 = 50.0%) {0.0%}
2  O                                                                         (0 = 0.0%) {50.0%}
3  -O                                                                        (1 = 50.0%) {50.0%}
4  ... 

Histogram: Enterprise.TimeToFirstPolicyLoad.Profile.Unmanaged recorded 1 samples, mean = 0.0 (flags = 0x41)
0  -O                                                                        (1 = 100.0%)
1  ... 

Histogram: EnterpriseCheck.AzureADJoinStatusCheckTime recorded 1 samples, mean = 2.0 (flags = 0x41)
0  ... 
2  -O                                                                        (1 = 100.0%) {0.0%}
3  ... 

Histogram: Event.GestureCreated recorded 1 samples, mean = 12.0 (flags = 0x41)
0   ... 
12  -O                                                                        (1 = 100.0%) {0.0%}
13  ... 

Histogram: Extension.Toolbar.BrowserActionsCount2 recorded 1 samples, mean = 0.0 (flags = 0x41)
0  -O                                                                        (1 = 100.0%)
1  ... 

Histogram: ExtensionToolbarModel.BrowserActionsCount recorded 1 samples, mean = 0.0 (flags = 0x41)
0  -O                                                                        (1 = 100.0%)
1  ... 

Histogram: Extensions.AppLocation2 recorded 1 samples, mean = 5.0 (flags = 0x41)
0  ... 
5  -O                                                                        (1 = 100.0%) {0.0%}
6  ... 

Histogram: Extensions.CorruptExtensionTotalDisables recorded 1 samples, mean = 0.0 (flags = 0x41)
0  -O                                                                        (1 = 100.0%)
1  ... 

Histogram: Extensions.CorruptExtensionTotalDisables2 recorded 1 samples, mean = 0.0 (flags = 0x41)
0  -O                                                                        (1 = 100.0%)
1  ... 

Histogram: Extensions.Database.Open.State recorded 2 samples, mean = 5.0 (flags = 0x41)
0  ... 
5  --O                                                                       (2 = 100.0%) {0.0%}
6  O                                                                         (0 = 0.0%) {100.0%}

Histogram: Extensions.DeveloperModeEnabled recorded 2 samples, mean = 0.0 (flags = 0x41)
0  --O                                                                       (2 = 100.0%)
1  ... 

Histogram: Extensions.DidCreateScriptContext_Unspecified recorded 1 samples, mean = 0.0 (flags = 0x41)
0  -O                                                                        (1 = 100.0%)
1  ... 

Histogram: Extensions.DidCreateScriptContext_WebPage recorded 1 samples, mean = 0.0 (flags = 0x41)
0  -O                                                                        (1 = 100.0%)
1  ... 

Histogram: Extensions.Disabled recorded 1 samples, mean = 0.0 (flags = 0x41)
0  -O                                                                        (1 = 100.0%)
1  ... 

Histogram: Extensions.Disabled2 recorded 1 samples, mean = 0.0 (flags = 0x41)
0  -O                                                                        (1 = 100.0%)
1  ... 

Histogram: Extensions.DisabledForPermissions recorded 1 samples, mean = 0.0 (flags = 0x41)
0  -O                                                                        (1 = 100.0%)
1  ... 

Histogram: Extensions.DisabledForPermissions2 recorded 1 samples, mean = 0.0 (flags = 0x41)
0  -O                                                                        (1 = 100.0%)
1  ... 

Histogram: Extensions.EventlessEventPages2 recorded 1 samples, mean = 0.0 (flags = 0x41)
0  -O                                                                        (1 = 100.0%)
1  ... 

Histogram: Extensions.ExtensionLocation recorded 1 samples, mean = 5.0 (flags = 0x41)
0  ... 
5  -O                                                                        (1 = 100.0%) {0.0%}
6  ... 

Histogram: Extensions.ExtensionLocation2 recorded 1 samples, mean = 5.0 (flags = 0x41)
0  ... 
5  -O                                                                        (1 = 100.0%) {0.0%}
6  ... 

Histogram: Extensions.ExtensionsWithPageActions recorded 1 samples, mean = 0.0 (flags = 0x41)
0  -O                                                                        (1 = 100.0%)
1  ... 

Histogram: Extensions.ExternalRegistryLoaderWin recorded 1 samples, mean = 0.0 (flags = 0x40)
0  -O                                                                        (1 = 100.0%)
1  ... 

Histogram: Extensions.HomepageOverrides recorded 1 samples, mean = 0.0 (flags = 0x41)
0  -O                                                                        (1 = 100.0%)
1  ... 

Histogram: Extensions.HomepageOverrides2 recorded 1 samples, mean = 0.0 (flags = 0x41)
0  -O                                                                        (1 = 100.0%)
1  ... 

Histogram: Extensions.InjectEnd_ScriptCount recorded 1 samples, mean = 0.0 (flags = 0x41)
0  -O                                                                        (1 = 100.0%)
1  ... 

Histogram: Extensions.InjectIdle_ScriptCount recorded 1 samples, mean = 0.0 (flags = 0x41)
0  -O                                                                        (1 = 100.0%)
1  ... 

Histogram: Extensions.InjectStart_CssCount recorded 1 samples, mean = 0.0 (flags = 0x41)
0  -O                                                                        (1 = 100.0%)
1  ... 

Histogram: Extensions.InjectStart_ScriptCount recorded 1 samples, mean = 0.0 (flags = 0x41)
0  -O                                                                        (1 = 100.0%)
1  ... 

Histogram: Extensions.LoadAll recorded 1 samples, mean = 2.0 (flags = 0x41)
0  ... 
2  -O                                                                        (1 = 100.0%) {0.0%}
3  ... 

Histogram: Extensions.LoadAll2 recorded 1 samples, mean = 2.0 (flags = 0x41)
0  ... 
2  -O                                                                        (1 = 100.0%) {0.0%}
3  ... 

Histogram: Extensions.LoadAllComponentTime recorded 1 samples, mean = 0.0 (flags = 0x41)
0  -O                                                                        (1 = 100.0%)
1  ... 

Histogram: Extensions.LoadAllComponentTime.User recorded 1 samples, mean = 0.0 (flags = 0x41)
0  -O                                                                        (1 = 100.0%)
1  ... 

Histogram: Extensions.LoadAllTime2 recorded 1 samples, mean = 0.0 (flags = 0x41)
0  -O                                                                        (1 = 100.0%)
1  ... 

Histogram: Extensions.LoadAllTime2.User recorded 1 samples, mean = 0.0 (flags = 0x41)
0  -O                                                                        (1 = 100.0%)
1  ... 

Histogram: Extensions.LoadApp recorded 1 samples, mean = 0.0 (flags = 0x41)
0  -O                                                                        (1 = 100.0%)
1  ... 

Histogram: Extensions.LoadApp2 recorded 1 samples, mean = 0.0 (flags = 0x41)
0  -O                                                                        (1 = 100.0%)
1  ... 

Histogram: Extensions.LoadAppExternal recorded 1 samples, mean = 0.0 (flags = 0x41)
0  -O                                                                        (1 = 100.0%)
1  ... 

Histogram: Extensions.LoadAppExternal2 recorded 1 samples, mean = 0.0 (flags = 0x41)
0  -O                                                                        (1 = 100.0%)
1  ... 

Histogram: Extensions.LoadAppUser recorded 1 samples, mean = 0.0 (flags = 0x41)
0  -O                                                                        (1 = 100.0%)
1  ... 

Histogram: Extensions.LoadAppUser2 recorded 1 samples, mean = 0.0 (flags = 0x41)
0  -O                                                                        (1 = 100.0%)
1  ... 

Histogram: Extensions.LoadBrowserAction recorded 1 samples, mean = 0.0 (flags = 0x41)
0  -O                                                                        (1 = 100.0%)
1  ... 

Histogram: Extensions.LoadBrowserAction2 recorded 1 samples, mean = 0.0 (flags = 0x41)
0  -O                                                                        (1 = 100.0%)
1  ... 

Histogram: Extensions.LoadExtension recorded 1 samples, mean = 0.0 (flags = 0x41)
0  -O                                                                        (1 = 100.0%)
1  ... 

Histogram: Extensions.LoadExtension2 recorded 1 samples, mean = 0.0 (flags = 0x41)
0  -O                                                                        (1 = 100.0%)
1  ... 

Histogram: Extensions.LoadExtensionExternal recorded 1 samples, mean = 0.0 (flags = 0x41)
0  -O                                                                        (1 = 100.0%)
1  ... 

Histogram: Extensions.LoadExtensionExternal2 recorded 1 samples, mean = 0.0 (flags = 0x41)
0  -O                                                                        (1 = 100.0%)
1  ... 

Histogram: Extensions.LoadExtensionUser2 recorded 1 samples, mean = 0.0 (flags = 0x41)
0  -O                                                                        (1 = 100.0%)
1  ... 

Histogram: Extensions.LoadHostedApp recorded 1 samples, mean = 0.0 (flags = 0x41)
0  -O                                                                        (1 = 100.0%)
1  ... 

Histogram: Extensions.LoadHostedApp2 recorded 1 samples, mean = 0.0 (flags = 0x41)
0  -O                                                                        (1 = 100.0%)
1  ... 

Histogram: Extensions.LoadNoExtensionAction recorded 1 samples, mean = 0.0 (flags = 0x41)
0  -O                                                                        (1 = 100.0%)
1  ... 

Histogram: Extensions.LoadNoExtensionAction2 recorded 1 samples, mean = 0.0 (flags = 0x41)
0  -O                                                                        (1 = 100.0%)
1  ... 

Histogram: Extensions.LoadOffStoreItems recorded 1 samples, mean = 0.0 (flags = 0x41)
0  -O                                                                        (1 = 100.0%)
1  ... 

Histogram: Extensions.LoadOffStoreItems2 recorded 1 samples, mean = 0.0 (flags = 0x41)
0  -O                                                                        (1 = 100.0%)
1  ... 

Histogram: Extensions.LoadPackagedApp recorded 1 samples, mean = 0.0 (flags = 0x41)
0  -O                                                                        (1 = 100.0%)
1  ... 

Histogram: Extensions.LoadPackagedApp2 recorded 1 samples, mean = 0.0 (flags = 0x41)
0  -O                                                                        (1 = 100.0%)
1  ... 

Histogram: Extensions.LoadPlatformApp recorded 1 samples, mean = 0.0 (flags = 0x41)
0  -O                                                                        (1 = 100.0%)
1  ... 

Histogram: Extensions.LoadPlatformApp2 recorded 1 samples, mean = 0.0 (flags = 0x41)
0  -O                                                                        (1 = 100.0%)
1  ... 

Histogram: Extensions.LoadTheme recorded 1 samples, mean = 0.0 (flags = 0x41)
0  -O                                                                        (1 = 100.0%)
1  ... 

Histogram: Extensions.LoadTheme2 recorded 1 samples, mean = 0.0 (flags = 0x41)
0  -O                                                                        (1 = 100.0%)
1  ... 

Histogram: Extensions.LoadUserScript recorded 1 samples, mean = 0.0 (flags = 0x41)
0  -O                                                                        (1 = 100.0%)
1  ... 

Histogram: Extensions.LoadUserScript2 recorded 1 samples, mean = 0.0 (flags = 0x41)
0  -O                                                                        (1 = 100.0%)
1  ... 

Histogram: Extensions.Management_Refresh recorded 1 samples, mean = 0.0 (flags = 0x41)
0  -O                                                                        (1 = 100.0%)
1  ... 

Histogram: Extensions.ManifestVersion2Count.Component recorded 1 samples, mean = 1.0 (flags = 0x41)
0  O                                                                         (0 = 0.0%)
1  -O                                                                        (1 = 100.0%) {0.0%}
2  ... 

Histogram: Extensions.ManifestVersion2Count.External recorded 1 samples, mean = 0.0 (flags = 0x41)
0  -O                                                                        (1 = 100.0%)
1  ... 

Histogram: Extensions.ManifestVersion2Count.Internal recorded 1 samples, mean = 0.0 (flags = 0x41)
0  -O                                                                        (1 = 100.0%)
1  ... 

Histogram: Extensions.ManifestVersion2Count.Policy recorded 1 samples, mean = 0.0 (flags = 0x41)
0  -O                                                                        (1 = 100.0%)
1  ... 

Histogram: Extensions.ManifestVersion2Count.Unpacked recorded 1 samples, mean = 0.0 (flags = 0x41)
0  -O                                                                        (1 = 100.0%)
1  ... 

Histogram: Extensions.ManifestVersion3Count.Component recorded 1 samples, mean = 0.0 (flags = 0x41)
0  -O                                                                        (1 = 100.0%)
1  ... 

Histogram: Extensions.ManifestVersion3Count.External recorded 1 samples, mean = 0.0 (flags = 0x41)
0  -O                                                                        (1 = 100.0%)
1  ... 

Histogram: Extensions.ManifestVersion3Count.Internal recorded 1 samples, mean = 0.0 (flags = 0x41)
0  -O                                                                        (1 = 100.0%)
1  ... 

Histogram: Extensions.ManifestVersion3Count.Policy recorded 1 samples, mean = 0.0 (flags = 0x41)
0  -O                                                                        (1 = 100.0%)
1  ... 

Histogram: Extensions.ManifestVersion3Count.Unpacked recorded 1 samples, mean = 0.0 (flags = 0x41)
0  -O                                                                        (1 = 100.0%)
1  ... 

Histogram: Extensions.ManifestVersionByLocation.Component recorded 1 samples, mean = 2.0 (flags = 0x41)
0  ... 
2  -O                                                                        (1 = 100.0%) {0.0%}
3  ... 

Histogram: Extensions.ManifestVersionPopulationSplit.Component recorded 1 samples, mean = 1.0 (flags = 0x41)
0  O                                                                         (0 = 0.0%)
1  -O                                                                        (1 = 100.0%) {0.0%}
2  ... 

Histogram: Extensions.ManifestVersionPopulationSplit.External recorded 1 samples, mean = 0.0 (flags = 0x41)
0  -O                                                                        (1 = 100.0%)
1  ... 

Histogram: Extensions.ManifestVersionPopulationSplit.Internal recorded 1 samples, mean = 0.0 (flags = 0x41)
0  -O                                                                        (1 = 100.0%)
1  ... 

Histogram: Extensions.ManifestVersionPopulationSplit.InternalAndExternal recorded 1 samples, mean = 0.0 (flags = 0x41)
0  -O                                                                        (1 = 100.0%)
1  ... 

Histogram: Extensions.ManifestVersionPopulationSplit.Unpacked recorded 1 samples, mean = 0.0 (flags = 0x41)
0  -O                                                                        (1 = 100.0%)
1  ... 

Histogram: Extensions.NewTabPageOverrides recorded 1 samples, mean = 0.0 (flags = 0x41)
0  -O                                                                        (1 = 100.0%)
1  ... 

Histogram: Extensions.NewTabPageOverrides2 recorded 1 samples, mean = 0.0 (flags = 0x41)
0  -O                                                                        (1 = 100.0%)
1  ... 

Histogram: Extensions.NonWebStoreNewTabPageOverrides recorded 1 samples, mean = 0.0 (flags = 0x41)
0  -O                                                                        (1 = 100.0%)
1  ... 

Histogram: Extensions.NonWebStoreNewTabPageOverrides2 recorded 1 samples, mean = 0.0 (flags = 0x41)
0  -O                                                                        (1 = 100.0%)
1  ... 

Histogram: Extensions.NonWebstoreLocation recorded 2 samples, mean = 5.0 (flags = 0x41)
0  ... 
5  --O                                                                       (2 = 100.0%) {0.0%}
6  ... 

Histogram: Extensions.NonWebstoreLocation2 recorded 2 samples, mean = 5.0 (flags = 0x41)
0  ... 
5  --O                                                                       (2 = 100.0%) {0.0%}
6  ... 

Histogram: Extensions.NonWebstoreLocationWithDeveloperModeOff.Enabled3 recorded 2 samples, mean = 5.0 (flags = 0x41)
0  ... 
5  --O                                                                       (2 = 100.0%) {0.0%}
6  ... 

Histogram: Extensions.NotAllowlistedDisabled recorded 1 samples, mean = 0.0 (flags = 0x41)
0  -O                                                                        (1 = 100.0%)
1  ... 

Histogram: Extensions.NotAllowlistedDisabled2 recorded 1 samples, mean = 0.0 (flags = 0x41)
0  -O                                                                        (1 = 100.0%)
1  ... 

Histogram: Extensions.NotAllowlistedEnabled recorded 1 samples, mean = 0.0 (flags = 0x41)
0  -O                                                                        (1 = 100.0%)
1  ... 

Histogram: Extensions.NotAllowlistedEnabled2 recorded 1 samples, mean = 0.0 (flags = 0x41)
0  -O                                                                        (1 = 100.0%)
1  ... 

Histogram: Extensions.ProcessManagerStartupHostsTime2 recorded 1 samples, mean = 0.0 (flags = 0x41)
0  -O                                                                        (1 = 100.0%)
1  ... 

Histogram: Extensions.SearchEngineOverrides recorded 1 samples, mean = 0.0 (flags = 0x41)
0  -O                                                                        (1 = 100.0%)
1  ... 

Histogram: Extensions.SearchEngineOverrides2 recorded 1 samples, mean = 0.0 (flags = 0x41)
0  -O                                                                        (1 = 100.0%)
1  ... 

Histogram: Extensions.StartupPagesOverrides recorded 1 samples, mean = 0.0 (flags = 0x41)
0  -O                                                                        (1 = 100.0%)
1  ... 

Histogram: Extensions.StartupPagesOverrides2 recorded 1 samples, mean = 0.0 (flags = 0x41)
0  -O                                                                        (1 = 100.0%)
1  ... 

Histogram: Extensions.WebRequestBlockingCount recorded 1 samples, mean = 0.0 (flags = 0x41)
0  -O                                                                        (1 = 100.0%)
1  ... 

Histogram: Extensions.WebRequestBlockingCount2 recorded 1 samples, mean = 0.0 (flags = 0x41)
0  -O                                                                        (1 = 100.0%)
1  ... 

Histogram: Extensions.WebRequestCount recorded 1 samples, mean = 0.0 (flags = 0x41)
0  -O                                                                        (1 = 100.0%)
1  ... 

Histogram: Extensions.WebRequestCount2 recorded 1 samples, mean = 0.0 (flags = 0x41)
0  -O                                                                        (1 = 100.0%)
1  ... 

Histogram: FetchKeepAlive.Renderer.Total.ReceivedResponse recorded 1 samples, mean = 1.0 (flags = 0x41)
0  O                                                                         (0 = 0.0%)
1  -O                                                                        (1 = 100.0%) {0.0%}
2  O                                                                         (0 = 0.0%) {100.0%}

Histogram: FetchKeepAlive.Renderer.Total.Started recorded 1 samples, mean = 1.0 (flags = 0x41)
0  O                                                                         (0 = 0.0%)
1  -O                                                                        (1 = 100.0%) {0.0%}
2  O                                                                         (0 = 0.0%) {100.0%}

Histogram: FetchKeepAlive.Requests2.Network recorded 2 samples, mean = 0.5 (flags = 0x41)
0  -O                                                                        (1 = 50.0%)
1  -O                                                                        (1 = 50.0%) {50.0%}
2  O                                                                         (0 = 0.0%) {100.0%}

Histogram: FetchKeepAlive.Requests2.SentToService.Renderer recorded 1 samples, mean = 2.0 (flags = 0x41)
0  ... 
2  -O                                                                        (1 = 100.0%) {0.0%}
3  ... 

Histogram: FetchKeepAlive.Requests2.Started.IsContextDetached.Renderer recorded 1 samples, mean = 0.0 (flags = 0x41)
0  -O                                                                        (1 = 100.0%)
1  ... 

Histogram: FetchKeepAlive.Requests2.Started.Renderer recorded 1 samples, mean = 1.0 (flags = 0x41)
0  O                                                                         (0 = 0.0%)
1  -O                                                                        (1 = 100.0%) {0.0%}
2  ... 

Histogram: FetchKeepAlive.Requests2.Succeeded.IsContextDetached.Renderer recorded 1 samples, mean = 0.0 (flags = 0x41)
0  -O                                                                        (1 = 100.0%)
1  ... 

Histogram: FetchKeepAlive.Requests2.Succeeded.Renderer recorded 1 samples, mean = 1.0 (flags = 0x41)
0  O                                                                         (0 = 0.0%)
1  -O                                                                        (1 = 100.0%) {0.0%}
2  ... 

Histogram: FetchKeepAlive.Requests2.Total.Renderer recorded 1 samples, mean = 1.0 (flags = 0x41)
0  O                                                                         (0 = 0.0%)
1  -O                                                                        (1 = 100.0%) {0.0%}
2  ... 

Histogram: FirstPartySets.Database.InitStatus recorded 1 samples, mean = 1.0 (flags = 0x41)
0  O                                                                         (0 = 0.0%)
1  -O                                                                        (1 = 100.0%) {0.0%}
2  ... 

Histogram: FirstPartySets.Database.TransactionFailed recorded 8 samples, mean = 0.0 (flags = 0x41)
0  --------O                                                                 (8 = 100.0%)
1  ... 

Histogram: FirstPartySets.Initialization.ClearSiteDataOutcome recorded 1 samples, mean = 1.0 (flags = 0x41)
0  O                                                                         (0 = 0.0%)
1  -O                                                                        (1 = 100.0%) {0.0%}
2  O                                                                         (0 = 0.0%) {100.0%}

Histogram: FirstPartySets.Initialization.SitesToClear.Count recorded 1 samples, mean = 0.0 (flags = 0x41)
0  -O                                                                        (1 = 100.0%)
1  ... 

Histogram: GCM.DelayedTaskControlledReadyTime recorded 1 samples, mean = 5286.0 (flags = 0x41)
0     ... 
4955  -O                                                                        (1 = 100.0%) {0.0%}
6296  ... 

Histogram: GPU.ANGLE.D3DShaderBlobSizeKB recorded 4 samples, mean = 0.5 (flags = 0x41)
0  ----O                                                                     (4 = 100.0%)
1000... 

Histogram: GPU.ANGLE.D3DShaderCompilationTimeUs recorded 4 samples, mean = 1937.5 (flags = 0x41)
0     ... 
1347  --O                                                                       (2 = 50.0%) {0.0%}
1774  -O                                                                        (1 = 25.0%) {50.0%}
2336  -O                                                                        (1 = 25.0%) {75.0%}
3077  ... 

Histogram: GPU.BlocklistFeatureTestResults.Accelerated2dCanvas recorded 1 samples, mean = 0.0 (flags = 0x41)
0  -O                                                                        (1 = 100.0%)
1  ... 

Histogram: GPU.BlocklistFeatureTestResults.GpuCompositing recorded 1 samples, mean = 0.0 (flags = 0x41)
0  -O                                                                        (1 = 100.0%)
1  ... 

Histogram: GPU.BlocklistFeatureTestResults.GpuRasterization recorded 1 samples, mean = 0.0 (flags = 0x41)
0  -O                                                                        (1 = 100.0%)
1  ... 

Histogram: GPU.BlocklistFeatureTestResults.Webgl recorded 1 samples, mean = 0.0 (flags = 0x41)
0  -O                                                                        (1 = 100.0%)
1  ... 

Histogram: GPU.BlocklistFeatureTestResults.Webgl2 recorded 1 samples, mean = 0.0 (flags = 0x41)
0  -O                                                                        (1 = 100.0%)
1  ... 

Histogram: GPU.BlocklistFeatureTestResults.Webgpu recorded 1 samples, mean = 2.0 (flags = 0x41)
0  ... 
2  -O                                                                        (1 = 100.0%) {0.0%}
3  ... 

Histogram: GPU.BlocklistTestResultsPerEntry recorded 1 samples, mean = 0.0 (flags = 0x41)
0  -O                                                                        (1 = 100.0%)
1  ... 

Histogram: GPU.CanvasOopRaster.OopRasterAndGpuAcceleration recorded 1 samples, mean = 0.0 (flags = 0x41)
0  -O                                                                        (1 = 100.0%)
1  ... 

Histogram: GPU.CompositingMode recorded 37 samples, mean = 1.0 (flags = 0x41)
0  O                                                                         (0 = 0.0%)
1  -------------------------------------O                                    (37 = 100.0%) {0.0%}
2  ... 

Histogram: GPU.D3D12FeatureLevel recorded 1 samples, mean = 5.0 (flags = 0x41)
0  ... 
5  -O                                                                        (1 = 100.0%) {0.0%}
6  O                                                                         (0 = 0.0%) {100.0%}

Histogram: GPU.D3D12HighestShaderModel2 recorded 1 samples, mean = 9.0 (flags = 0x41)
0  ... 
9  -O                                                                        (1 = 100.0%) {0.0%}
10 O                                                                         (0 = 0.0%) {100.0%}

Histogram: GPU.DriverBugTestResultsPerEntry recorded 10 samples (flags = 0x41)
0    -O                                                                        (1 = 10.0%)
17   -O                                                                        (1 = 10.0%)
165  -O                                                                        (1 = 10.0%)
206  -O                                                                        (1 = 10.0%)
256  -O                                                                        (1 = 10.0%)
315  -O                                                                        (1 = 10.0%)
364  -O                                                                        (1 = 10.0%)
403  -O                                                                        (1 = 10.0%)
426  -O                                                                        (1 = 10.0%)
430  -O                                                                        (1 = 10.0%)

Histogram: GPU.EstablishGpuChannelSyncTime recorded 2 samples, mean = 121.0 (flags = 0x41)
0    ... 
4    -O                                                                        (1 = 50.0%) {0.0%}
5    ... 
226  -O                                                                        (1 = 50.0%) {50.0%}
268  ... 

Histogram: GPU.EstablishGpuChannelSyncTime.FirstRun recorded 2 samples, mean = 121.0 (flags = 0x41)
0    ... 
4    -O                                                                        (1 = 50.0%) {0.0%}
5    ... 
226  -O                                                                        (1 = 50.0%) {50.0%}
268  ... 

Histogram: GPU.GPUProcessLaunchTime recorded 2 samples, mean = 1031.5 (flags = 0x41)
0     ... 
318   -O                                                                        (1 = 50.0%) {0.0%}
378   ... 
1500  -O                                                                        (1 = 50.0%) {50.0%}
1782  ... 

Histogram: GPU.GPUProcessTerminationStatus2 recorded 1 samples, mean = 4.0 (flags = 0x41)
0  ... 
4  -O                                                                        (1 = 100.0%) {0.0%}
5  ... 

Histogram: GPU.HardwareAccelerationModeEnabled recorded 1 samples, mean = 1.0 (flags = 0x41)
0  O                                                                         (0 = 0.0%)
1  -O                                                                        (1 = 100.0%) {0.0%}
2  O                                                                         (0 = 0.0%) {100.0%}

Histogram: GPU.MultiGpu.AMD recorded 1 samples (flags = 0x41)
5056  -O                                                                        (1 = 100.0%)

Histogram: GPU.MultiGpu.Nvidia recorded 2 samples (flags = 0x41)
11141  --O                                                                       (2 = 100.0%)

Histogram: GPU.ProcessLifetimeEvents.HardwareAccelerated recorded 1 samples, mean = 0.0 (flags = 0x41)
0  -O                                                                        (1 = 100.0%)
1  ... 

Histogram: GPU.RasterDecoder.TimeToFlush recorded 3 samples, mean = 353.7 (flags = 0x41)
0    ... 
88   -O                                                                        (1 = 33.3%) {0.0%}
100  ... 
364  -O                                                                        (1 = 33.3%) {33.3%}
414  ... 
536  -O                                                                        (1 = 33.3%) {66.7%}
610  ... 

Histogram: GPU.SharedImage.BackingType recorded 5 samples, mean = 8.0 (flags = 0x41)
0   ... 
2   --O                                                                       (2 = 40.0%) {0.0%}
3   ... 
12  ---O                                                                      (3 = 60.0%) {40.0%}
13  ... 

Histogram: GPU.SharedImage.ContentConsumed recorded 15 samples, mean = 0.5 (flags = 0x41)
0  --------O                                                                 (8 = 53.3%)
1  -------O                                                                  (7 = 46.7%) {53.3%}
2  O                                                                         (0 = 0.0%) {100.0%}

Histogram: GPU.SkiaBackendType recorded 1 samples, mean = 2.0 (flags = 0x41)
0  ... 
2  -O                                                                        (1 = 100.0%) {0.0%}
3  ... 

Histogram: GPU.SupportsDX12 recorded 1 samples, mean = 1.0 (flags = 0x41)
0  O                                                                         (0 = 0.0%)
1  -O                                                                        (1 = 100.0%) {0.0%}
2  O                                                                         (0 = 0.0%) {100.0%}

Histogram: GPU.WatchdogThread.Event recorded 1 samples, mean = 0.0 (flags = 0x41)
0  -O                                                                        (1 = 100.0%)
1  ... 

Histogram: GPU.WatchdogThread.Event.main recorded 1 samples, mean = 0.0 (flags = 0x41)
0  -O                                                                        (1 = 100.0%)
1  ... 

Histogram: GPU.WatchdogThread.Timeout recorded 563 samples, mean = 0.0 (flags = 0x41)
0  ------------------------------------------------------------------------O (563 = 100.0%)
1  ... 

Histogram: GPU.WatchdogThread.Timeout.Normal recorded 563 samples, mean = 0.0 (flags = 0x41)
0  ------------------------------------------------------------------------O (563 = 100.0%)
1  ... 

Histogram: GPU.WatchdogThread.Timeout.Normal.main recorded 563 samples, mean = 0.0 (flags = 0x41)
0  ------------------------------------------------------------------------O (563 = 100.0%)
1  ... 

Histogram: GPU.WatchdogThread.Timeout.main recorded 563 samples, mean = 0.0 (flags = 0x41)
0  ------------------------------------------------------------------------O (563 = 100.0%)
1  ... 

Histogram: Gaia.AuthFetcher.ListAccounts.NetErrorCodes recorded 1 samples (flags = 0x41)
0  -O                                                                        (1 = 100.0%)

Histogram: Gpu.FenceHandle.CloneCountsPerSubmit recorded 7 samples, mean = 0.0 (flags = 0x41)
0  -------O                                                                  (7 = 100.0%)
1  ... 

Histogram: Gpu.GrCompileShaderUs recorded 4 samples, mean = 354.0 (flags = 0x41)
0    ... 
196  -O                                                                        (1 = 25.0%) {0.0%}
258  -O                                                                        (1 = 25.0%) {25.0%}
340  -O                                                                        (1 = 25.0%) {50.0%}
448  -O                                                                        (1 = 25.0%) {75.0%}
590  ... 

Histogram: Gpu.GrLinkProgramUs recorded 2 samples, mean = 3066.5 (flags = 0x41)
0     ... 
2336  -O                                                                        (1 = 50.0%) {0.0%}
3077  -O                                                                        (1 = 50.0%) {50.0%}
4053  ... 

Histogram: Gpu.PassthroughProgramCacheLoadHitInCache recorded 2 samples, mean = 0.0 (flags = 0x41)
0  --O                                                                       (2 = 100.0%)
1  ... 

Histogram: Gpu.Rasterization.Raster.MSAASampleCountLog2 recorded 3 samples, mean = 0.0 (flags = 0x41)
0  ---O                                                                      (3 = 100.0%)
1  ... 

Histogram: HangWatcher.IsThreadHung.BrowserProcess.IOThread.Normal recorded 1129 samples, mean = 0.0 (flags = 0x41)
0  ------------------------------------------------------------------------O (1129 = 100.0%)
1  ... 

Histogram: HangWatcher.IsThreadHung.BrowserProcess.UIThread.Normal recorded 1129 samples, mean = 0.0 (flags = 0x41)
0  ------------------------------------------------------------------------O (1129 = 100.0%)
1  ... 

Histogram: HangWatcher.IsThreadHung.RendererProcess.IOThread recorded 1128 samples, mean = 0.0 (flags = 0x41)
0  ------------------------------------------------------------------------O (1128 = 100.0%)
1  ... 

Histogram: HangWatcher.IsThreadHung.RendererProcess.IOThread.BestEffort recorded 1129 samples, mean = 0.0 (flags = 0x41)
0  ------------------------------------------------------------------------O (1129 = 100.0%)
1  ... 

Histogram: HangWatcher.IsThreadHung.RendererProcess.MainThread recorded 1128 samples, mean = 0.0 (flags = 0x41)
0  ------------------------------------------------------------------------O (1128 = 100.0%)
1  ... 

Histogram: HangWatcher.IsThreadHung.RendererProcess.MainThread.BestEffort recorded 1129 samples, mean = 0.0 (flags = 0x41)
0  ------------------------------------------------------------------------O (1129 = 100.0%)
1  ... 

Histogram: HangWatcher.IsThreadHung.UtilityProcess.IOThread recorded 2258 samples, mean = 0.0 (flags = 0x41)
0  ------------------------------------------------------------------------O (2258 = 100.0%)
1  ... 

Histogram: HangWatcher.IsThreadHung.UtilityProcess.MainThread recorded 2258 samples, mean = 0.0 (flags = 0x41)
0  ------------------------------------------------------------------------O (2258 = 100.0%)
1  ... 

Histogram: HangWatcher.SleepDrift.BrowserProcess recorded 5644 samples, mean = 4.6 (flags = 0x41)
0   ------------------------------------------------------------------------O (1405 = 24.9%)
1   -------------------------O                                                (485 = 8.6%) {24.9%}
2   --------------------------------------O                                   (737 = 13.1%) {33.5%}
3   ------------------------------O                                           (577 = 10.2%) {46.5%}
4   ------------O                                                             (241 = 4.3%) {56.8%}
5   --------------O                                                           (272 = 4.8%) {61.0%}
6   ----------O                                                               (190 = 3.4%) {65.9%}
7   -----------O                                                              (205 = 3.6%) {69.2%}
8   --------------------O                                                     (399 = 7.1%) {72.9%}
10  --------------------O                                                     (397 = 7.0%) {79.9%}
12  -----------------------O                                                  (447 = 7.9%) {87.0%}
14  ---------------O                                                          (289 = 5.1%) {94.9%}
17  ... 

Histogram: Hardware.Display.Count.OnStartup recorded 1 samples, mean = 2.0 (flags = 0x41)
0  ... 
2  -O                                                                        (1 = 100.0%) {0.0%}
3  ... 

Histogram: Hardware.Display.SupportsHDR recorded 2 samples, mean = 0.0 (flags = 0x41)
0  --O                                                                       (2 = 100.0%)
1  ... 

Histogram: HeapProfiling.InProcess.Enabled recorded 1 samples, mean = 0.0 (flags = 0x41)
0  -O                                                                        (1 = 100.0%)
1  ... 

Histogram: HeapProfiling.InProcess.Enabled.Browser recorded 1 samples, mean = 0.0 (flags = 0x41)
0  -O                                                                        (1 = 100.0%)
1  ... 

Histogram: Histogram.TooManyBuckets.1000 recorded 4 samples (flags = 0x41)
-2140283801 --O                                                                       (2 = 50.0%)
1721222685  --O                                                                       (2 = 50.0%)

Histogram: History.Backend.TransactionCommitSuccess recorded 2 samples, mean = 1.0 (flags = 0x41)
0  O                                                                         (0 = 0.0%)
1  --O                                                                       (2 = 100.0%) {0.0%}
2  O                                                                         (0 = 0.0%) {100.0%}

Histogram: History.ClearBrowsingData.TaskQueueAtShutdown recorded 1 samples, mean = 0.0 (flags = 0x41)
0  -O                                                                        (1 = 100.0%)
1  ... 

Histogram: History.Clusters.ContextClusterer.VisitProcessingLatency.CleanUpTimer recorded 18 samples, mean = 0.0 (flags = 0x41)
0  ------------------O                                                       (18 = 100.0%)
1  ... 

Histogram: History.Clusters.ContextClusterer.VisitProcessingLatency.UrlVisited recorded 4 samples, mean = 0.0 (flags = 0x41)
0  ----O                                                                     (4 = 100.0%)
1  ... 

Histogram: History.Clusters.JourneysEligibleAndEnabledAtSessionStart recorded 1 samples, mean = 1.0 (flags = 0x41)
0  O                                                                         (0 = 0.0%)
1  -O                                                                        (1 = 100.0%) {0.0%}
2  O                                                                         (0 = 0.0%) {100.0%}

Histogram: History.Clusters.KeywordCache.LoadCachesFromPrefs.Latency recorded 1 samples, mean = 0.0 (flags = 0x41)
0  -O                                                                        (1 = 100.0%)
1  ... 

Histogram: History.InMemoryDBItemCount recorded 1 samples, mean = 2.0 (flags = 0x41)
0  ... 
2  -O                                                                        (1 = 100.0%) {0.0%}
3  ... 

Histogram: History.TopSites.QueryFromHistoryTime recorded 1 samples, mean = 8.0 (flags = 0x41)
0  ... 
8  -O                                                                        (1 = 100.0%) {0.0%}
10 ... 

Histogram: History.VisitedLinks.HashTableLengthOnReaderInit recorded 3 samples, mean = 16381.0 (flags = 0x41)
0      ... 
14319  ---O                                                                      (3 = 100.0%) {0.0%}
19866  ... 

Histogram: History.VisitedLinks.HashTableSizeOnTableCreate recorded 2 samples, mean = 0.0 (flags = 0x41)
0  --O                                                                       (2 = 100.0%)
1  ... 

Histogram: History.VisitedLinks.HashTableUsageOnLinkAdded recorded 4 samples, mean = 8.2 (flags = 0x41)
0   -O                                                                        (1 = 25.0%)
1   ... 
11  ---O                                                                      (3 = 75.0%) {25.0%}
15  ... 

Histogram: History.VisitedLinks.TryToAddFingerprint recorded 5 samples, mean = 0.8 (flags = 0x41)
0  -O                                                                        (1 = 20.0%)
1  ----O                                                                     (4 = 80.0%) {20.0%}
2  ... 

Histogram: History.VisitedLinks.VisitLoggedFromMainFrame recorded 3 samples, mean = 1.0 (flags = 0x41)
0  O                                                                         (0 = 0.0%)
1  ---O                                                                      (3 = 100.0%) {0.0%}
2  O                                                                         (0 = 0.0%) {100.0%}

Histogram: History.VisitedLinks.VisitLoggedFromTransition recorded 3 samples, mean = 1.7 (flags = 0x41)
0  O                                                                         (0 = 0.0%)
1  -O                                                                        (1 = 33.3%) {0.0%}
2  --O                                                                       (2 = 66.7%) {33.3%}
3  ... 

Histogram: HttpCache.AccessToDone2 recorded 47 samples, mean = 68.0 (flags = 0x41)
0     -O                                                                        (1 = 2.1%)
1     ---O                                                                      (3 = 6.4%) {2.1%}
2     -------O                                                                  (7 = 14.9%) {8.5%}
3     -----O                                                                    (5 = 10.6%) {23.4%}
4     ---O                                                                      (3 = 6.4%) {34.0%}
5     ----O                                                                     (4 = 8.5%) {40.4%}
6     O                                                                         (0 = 0.0%) {48.9%}
7     ------O                                                                   (6 = 12.8%) {48.9%}
8     -----O                                                                    (5 = 10.6%) {61.7%}
9     -O                                                                        (1 = 2.1%) {72.3%}
10    --O                                                                       (2 = 4.3%) {74.5%}
11    ... 
37    -O                                                                        (1 = 2.1%) {78.7%}
41    ... 
85    -O                                                                        (1 = 2.1%) {80.9%}
93    ... 
123   --O                                                                       (2 = 4.3%) {83.0%}
135   ... 
162   -O                                                                        (1 = 2.1%) {87.2%}
177   ... 
254   -O                                                                        (1 = 2.1%) {89.4%}
278   -O                                                                        (1 = 2.1%) {91.5%}
304   O                                                                         (0 = 0.0%) {93.6%}
333   -O                                                                        (1 = 2.1%) {93.6%}
364   O                                                                         (0 = 0.0%) {95.7%}
398   -O                                                                        (1 = 2.1%) {95.7%}
436   ... 
1071  -O                                                                        (1 = 2.1%) {97.9%}
1172  ... 

Histogram: HttpCache.AccessToDone2.SentRequest recorded 9 samples, mean = 331.2 (flags = 0x41)
0     ... 
85    -O                                                                        (1 = 11.1%) {0.0%}
93    ... 
123   --O                                                                       (2 = 22.2%) {11.1%}
135   ... 
162   -O                                                                        (1 = 11.1%) {33.3%}
177   ... 
254   -O                                                                        (1 = 11.1%) {44.4%}
278   -O                                                                        (1 = 11.1%) {55.6%}
304   O                                                                         (0 = 0.0%) {66.7%}
333   -O                                                                        (1 = 11.1%) {66.7%}
364   O                                                                         (0 = 0.0%) {77.8%}
398   -O                                                                        (1 = 11.1%) {77.8%}
436   ... 
1071  -O                                                                        (1 = 11.1%) {88.9%}
1172  ... 

Histogram: HttpCache.AccessToDone2.Used recorded 38 samples, mean = 5.6 (flags = 0x41)
0   -O                                                                        (1 = 2.6%)
1   ---O                                                                      (3 = 7.9%) {2.6%}
2   -------O                                                                  (7 = 18.4%) {10.5%}
3   -----O                                                                    (5 = 13.2%) {28.9%}
4   ---O                                                                      (3 = 7.9%) {42.1%}
5   ----O                                                                     (4 = 10.5%) {50.0%}
6   O                                                                         (0 = 0.0%) {60.5%}
7   ------O                                                                   (6 = 15.8%) {60.5%}
8   -----O                                                                    (5 = 13.2%) {76.3%}
9   -O                                                                        (1 = 2.6%) {89.5%}
10  --O                                                                       (2 = 5.3%) {92.1%}
11  ... 
39  -O                                                                        (1 = 2.6%) {97.4%}
42  ... 

Histogram: HttpCache.AddTransactionToEntry recorded 47 samples, mean = 0.0 (flags = 0x41)
0  -----------------------------------------------O                          (47 = 100.0%)
1  ... 

Histogram: HttpCache.BeforeSend recorded 9 samples, mean = 0.3 (flags = 0x41)
0  -------O                                                                  (7 = 77.8%)
1  -O                                                                        (1 = 11.1%) {77.8%}
2  -O                                                                        (1 = 11.1%) {88.9%}
3  ... 

Histogram: HttpCache.BeforeSend.CantConditionalize recorded 2 samples, mean = 0.0 (flags = 0x41)
0  --O                                                                       (2 = 100.0%)
1  ... 

Histogram: HttpCache.BeforeSend.NotCached recorded 4 samples, mean = 0.0 (flags = 0x41)
0  ----O                                                                     (4 = 100.0%)
1  ... 

Histogram: HttpCache.BeforeSend.Updated recorded 1 samples, mean = 2.0 (flags = 0x41)
0  ... 
2  -O                                                                        (1 = 100.0%) {0.0%}
3  ... 

Histogram: HttpCache.BeforeSend.Validated recorded 2 samples, mean = 0.5 (flags = 0x41)
0  -O                                                                        (1 = 50.0%)
1  -O                                                                        (1 = 50.0%) {50.0%}
2  ... 

Histogram: HttpCache.CreateDiskEntry recorded 4 samples, mean = 0.0 (flags = 0x41)
0  ----O                                                                     (4 = 100.0%)
1  ... 

Histogram: HttpCache.HardReset recorded 1 samples, mean = 0.0 (flags = 0x40)
0  -O                                                                        (1 = 100.0%)
1  ... 

Histogram: HttpCache.IsNoStore recorded 47 samples, mean = 0.1 (flags = 0x41)
0  -------------------------------------------O                              (43 = 91.5%)
1  ----O                                                                     (4 = 8.5%) {91.5%}
2  O                                                                         (0 = 0.0%) {100.0%}

Histogram: HttpCache.IsNoStore.MainFrameHTML recorded 1 samples, mean = 1.0 (flags = 0x41)
0  O                                                                         (0 = 0.0%)
1  -O                                                                        (1 = 100.0%) {0.0%}
2  O                                                                         (0 = 0.0%) {100.0%}

Histogram: HttpCache.MaxFileSizeOnInit recorded 1 samples, mean = 40960.0 (flags = 0x41)
0      ... 
37526  -O                                                                        (1 = 100.0%) {0.0%}
42713  ... 

Histogram: HttpCache.OpenDiskEntry recorded 43 samples, mean = 0.0 (flags = 0x41)
0  -------------------------------------------O                              (43 = 100.0%)
1  ... 

Histogram: HttpCache.Pattern recorded 47 samples, mean = 3.1 (flags = 0x41)
0  ... 
2  ----O                                                                     (4 = 8.5%) {0.0%}
3  --------------------------------------O                                   (38 = 80.9%) {8.5%}
4  --O                                                                       (2 = 4.3%) {89.4%}
5  -O                                                                        (1 = 2.1%) {93.6%}
6  --O                                                                       (2 = 4.3%) {95.7%}
7  O                                                                         (0 = 0.0%) {100.0%}

Histogram: HttpCache.Pattern.CSS recorded 9 samples, mean = 3.1 (flags = 0x41)
0  ... 
3  --------O                                                                 (8 = 88.9%) {0.0%}
4  -O                                                                        (1 = 11.1%) {88.9%}
5  ... 

Histogram: HttpCache.Pattern.CSSThirdParty recorded 9 samples, mean = 3.1 (flags = 0x41)
0  ... 
3  --------O                                                                 (8 = 88.9%) {0.0%}
4  -O                                                                        (1 = 11.1%) {88.9%}
5  ... 

Histogram: HttpCache.Pattern.Font recorded 5 samples, mean = 3.0 (flags = 0x41)
0  ... 
3  -----O                                                                    (5 = 100.0%) {0.0%}
4  ... 

Histogram: HttpCache.Pattern.FontThirdParty recorded 5 samples, mean = 3.0 (flags = 0x41)
0  ... 
3  -----O                                                                    (5 = 100.0%) {0.0%}
4  ... 

Histogram: HttpCache.Pattern.JavaScript recorded 25 samples, mean = 3.1 (flags = 0x41)
0  ... 
3  ------------------------O                                                 (24 = 96.0%) {0.0%}
4  O                                                                         (0 = 0.0%) {96.0%}
5  -O                                                                        (1 = 4.0%) {96.0%}
6  ... 

Histogram: HttpCache.Pattern.JavaScriptThirdParty recorded 25 samples, mean = 3.1 (flags = 0x41)
0  ... 
3  ------------------------O                                                 (24 = 96.0%) {0.0%}
4  O                                                                         (0 = 0.0%) {96.0%}
5  -O                                                                        (1 = 4.0%) {96.0%}
6  ... 

Histogram: HttpCache.Pattern.MainFrameHTML recorded 1 samples, mean = 2.0 (flags = 0x41)
0  ... 
2  -O                                                                        (1 = 100.0%) {0.0%}
3  ... 

Histogram: HttpCache.TotalDiskCacheTimePerTransaction.Read recorded 5 samples, mean = 0.2 (flags = 0x41)
0  ----O                                                                     (4 = 80.0%)
1  -O                                                                        (1 = 20.0%) {80.0%}
2  ... 

Histogram: HttpCache.TotalDiskCacheTimePerTransaction.Write recorded 5 samples, mean = 0.0 (flags = 0x41)
0  -----O                                                                    (5 = 100.0%)
1  ... 

Histogram: ImageDecoder.Png.UiGfxIntoSkBitmap recorded 1 samples, mean = 71.0 (flags = 0x41)
0   ... 
65  -O                                                                        (1 = 100.0%) {0.0%}
86  ... 

Histogram: ImportantFile.FileReplaceRetryCount recorded 13 samples, mean = 0.0 (flags = 0x41)
0  -------------O                                                            (13 = 100.0%)
1  ... 

Histogram: ImportantFile.SerializationDuration recorded 2 samples, mean = 0.0 (flags = 0x41)
0  --O                                                                       (2 = 100.0%)
1  ... 

Histogram: ImportantFile.SerializationDuration.Local_State recorded 5 samples, mean = 0.0 (flags = 0x41)
0  -----O                                                                    (5 = 100.0%)
1  ... 

Histogram: ImportantFile.SerializationDuration.Preferences recorded 2 samples, mean = 0.0 (flags = 0x41)
0  --O                                                                       (2 = 100.0%)
1  ... 

Histogram: ImportantFile.SerializationDuration.TransportSecurityPersister recorded 1 samples, mean = 0.0 (flags = 0x41)
0  -O                                                                        (1 = 100.0%)
1  ... 

Histogram: ImportantFile.WriteDuration recorded 2 samples, mean = 10.0 (flags = 0x41)
0   ... 
10  --O                                                                       (2 = 100.0%) {0.0%}
12  ... 

Histogram: ImportantFile.WriteDuration.Local_State recorded 5 samples, mean = 8.4 (flags = 0x41)
0  ... 
7  -O                                                                        (1 = 20.0%) {0.0%}
8  ----O                                                                     (4 = 80.0%) {20.0%}
10 ... 

Histogram: ImportantFile.WriteDuration.Preferences recorded 2 samples, mean = 7.5 (flags = 0x41)
0  ... 
7  -O                                                                        (1 = 50.0%) {0.0%}
8  -O                                                                        (1 = 50.0%) {50.0%}
10 ... 

Histogram: ImportantFile.WriteDuration.SCTAuditing recorded 2 samples, mean = 3.0 (flags = 0x41)
0  ... 
3  --O                                                                       (2 = 100.0%) {0.0%}
4  ... 

Histogram: ImportantFile.WriteDuration.TransportSecurityPersister recorded 1 samples, mean = 9.0 (flags = 0x41)
0  ... 
8  -O                                                                        (1 = 100.0%) {0.0%}
10 ... 

Histogram: ImportantFile.WriteDuration.TrustedVault recorded 1 samples, mean = 3.0 (flags = 0x41)
0  ... 
3  -O                                                                        (1 = 100.0%) {0.0%}
4  ... 

Histogram: InProductHelp.Config.ParsingEvent recorded 68 samples, mean = 6.4 (flags = 0x41)
0   -----------------------------O                                            (29 = 42.6%)
1   O                                                                         (0 = 0.0%) {42.6%}
2   ---------O                                                                (9 = 13.2%) {42.6%}
3   ... 
14  ------------------------------O                                           (30 = 44.1%) {55.9%}
15  ... 

Histogram: InProductHelp.Db.Init.AvailabilityStore recorded 1 samples, mean = 0.0 (flags = 0x41)
0  -O                                                                        (1 = 100.0%)
1  ... 

Histogram: InProductHelp.Db.Init.EventStore recorded 1 samples, mean = 0.0 (flags = 0x41)
0  -O                                                                        (1 = 100.0%)
1  ... 

Histogram: IndexedDB.ContextShutdownDuration recorded 1 samples, mean = 0.0 (flags = 0x41)
0  -O                                                                        (1 = 100.0%)
1  ... 

Histogram: Input.Digitizer.MaxTouchPoints.Touch recorded 1 samples, mean = 2.0 (flags = 0x41)
0  ... 
2  -O                                                                        (1 = 100.0%) {0.0%}
3  ... 

Histogram: Input.Digitizer.MaxTouchPointsSupportedBySystemAtStartup recorded 1 samples, mean = 2.0 (flags = 0x41)
0  ... 
2  -O                                                                        (1 = 100.0%) {0.0%}
3  ... 

Histogram: Input.Digitizer.OnStartup recorded 1 samples, mean = 3.0 (flags = 0x41)
0  ... 
3  -O                                                                        (1 = 100.0%) {0.0%}
4  ... 

Histogram: Input.PointerTypePrimary recorded 1 samples, mean = 2.0 (flags = 0x41)
0  ... 
2  -O                                                                        (1 = 100.0%) {0.0%}
3  O                                                                         (0 = 0.0%) {100.0%}

Histogram: Input.PointerTypesAll recorded 1 samples, mean = 3.0 (flags = 0x41)
0  ... 
3  -O                                                                        (1 = 100.0%) {0.0%}
4  O                                                                         (0 = 0.0%) {100.0%}

Histogram: LanguageDetection.TFLiteModel.WasModelAvailableForDetection recorded 1 samples, mean = 0.0 (flags = 0x41)
0  -O                                                                        (1 = 100.0%)
1  ... 

Histogram: LanguageDetection.TFLiteModel.WasModelRequestDeferred recorded 2 samples, mean = 1.0 (flags = 0x41)
0  O                                                                         (0 = 0.0%)
1  --O                                                                       (2 = 100.0%) {0.0%}
2  O                                                                         (0 = 0.0%) {100.0%}

Histogram: LanguageDetection.TFLiteModel.WasModelUnavailableDueToDeferredLoad recorded 1 samples, mean = 0.0 (flags = 0x41)
0  -O                                                                        (1 = 100.0%)
1  ... 

Histogram: LanguageUsage.AcceptLanguage recorded 1 samples (flags = 0x41)
25966  -O                                                                        (1 = 100.0%)

Histogram: LanguageUsage.AcceptLanguage.Count recorded 1 samples, mean = 1.0 (flags = 0x41)
0  O                                                                         (0 = 0.0%)
1  -O                                                                        (1 = 100.0%) {0.0%}
2  ... 

Histogram: LanguageUsage.AcceptLanguageAndContentLanguageUsage recorded 1 samples, mean = 0.0 (flags = 0x41)
0  -O                                                                        (1 = 100.0%)
1  ... 

Histogram: LanguageUsage.AcceptLanguageAndXmlHtmlLangUsage recorded 1 samples, mean = 7.0 (flags = 0x41)
0  ... 
7  -O                                                                        (1 = 100.0%) {0.0%}
8  O                                                                         (0 = 0.0%) {100.0%}

Histogram: LevelDB.ApproximateMemTableMemoryUse.BudgetManager recorded 0 samples (flags = 0x41)
0 ... 

Histogram: LevelDB.ApproximateMemTableMemoryUse.CartDatabase recorded 0 samples (flags = 0x41)
0 ... 

Histogram: LevelDB.ApproximateMemTableMemoryUse.ClientCertificatesDatabase recorded 0 samples (flags = 0x41)
0 ... 

Histogram: LevelDB.ApproximateMemTableMemoryUse.CommerceParcelTrackingDatabase recorded 0 samples (flags = 0x41)
0 ... 

Histogram: LevelDB.ApproximateMemTableMemoryUse.CommerceSubscriptionDatabase recorded 0 samples (flags = 0x41)
0 ... 

Histogram: LevelDB.ApproximateMemTableMemoryUse.CouponDatabase recorded 0 samples (flags = 0x41)
0 ... 

Histogram: LevelDB.ApproximateMemTableMemoryUse.DiscountsDatabase recorded 0 samples (flags = 0x41)
0 ... 

Histogram: LevelDB.ApproximateMemTableMemoryUse.DownloadDB recorded 0 samples (flags = 0x41)
0 ... 

Histogram: LevelDB.ApproximateMemTableMemoryUse.DownloadService recorded 0 samples (flags = 0x41)
0 ... 

Histogram: LevelDB.ApproximateMemTableMemoryUse.FeatureEngagementTrackerAvailabilityStore recorded 0 samples (flags = 0x41)
0 ... 

Histogram: LevelDB.ApproximateMemTableMemoryUse.FeatureEngagementTrackerEventStore recorded 0 samples (flags = 0x41)
0 ... 

Histogram: LevelDB.ApproximateMemTableMemoryUse.GCMKeyStore recorded 0 samples (flags = 0x41)
0 ... 

Histogram: LevelDB.ApproximateMemTableMemoryUse.Metadata recorded 0 samples (flags = 0x41)
0 ... 

Histogram: LevelDB.ApproximateMemTableMemoryUse.PersistentOriginTrials recorded 0 samples (flags = 0x41)
0 ... 

Histogram: LevelDB.ApproximateMemTableMemoryUse.PreviewsHintCacheStore recorded 0 samples (flags = 0x41)
0 ... 

Histogram: LevelDB.ApproximateMemTableMemoryUse.SegmentInfoDatabase recorded 0 samples (flags = 0x41)
0 ... 

Histogram: LevelDB.ApproximateMemTableMemoryUse.SharedProtoDB recorded 0 samples (flags = 0x41)
0 ... 

Histogram: LevelDB.ApproximateMemTableMemoryUse.SignalDatabase recorded 0 samples (flags = 0x41)
0 ... 

Histogram: LevelDB.ApproximateMemTableMemoryUse.SignalStorageConfigDatabase recorded 0 samples (flags = 0x41)
0 ... 

Histogram: LevelDB.ApproximateMemTableMemoryUse.StrikeService recorded 0 samples (flags = 0x41)
0 ... 

Histogram: LevelDBEnv.DeleteTableBackupFile recorded 0 samples (flags = 0x41)
0 ... 

Histogram: LevelDBWrapper.CommitDelay recorded 2 samples, mean = 5000.0 (flags = 0x41)
0     ... 
4516  --O                                                                       (2 = 100.0%) {0.0%}
6118  ... 

Histogram: LoadingPredictor.PreconnectCount recorded 1 samples, mean = 1.0 (flags = 0x41)
0  O                                                                         (0 = 0.0%)
1  -O                                                                        (1 = 100.0%) {0.0%}
2  ... 

Histogram: LoadingPredictor.PreconnectHitsPercentage recorded 1 samples, mean = 100.0 (flags = 0x41)
0    ... 
100  -O                                                                        (1 = 100.0%) {0.0%}
101  O                                                                         (0 = 0.0%) {100.0%}

Histogram: LoadingPredictor.PredictorDatabaseFileSize recorded 1 samples, mean = 44.0 (flags = 0x41)
0   ... 
37  -O                                                                        (1 = 100.0%) {0.0%}
49  ... 

Histogram: LoadingPredictor.PreresolveCount recorded 1 samples, mean = 1.0 (flags = 0x41)
0  O                                                                         (0 = 0.0%)
1  -O                                                                        (1 = 100.0%) {0.0%}
2  ... 

Histogram: LoadingPredictor.PreresolveHitsPercentage recorded 1 samples, mean = 100.0 (flags = 0x41)
0    ... 
100  -O                                                                        (1 = 100.0%) {0.0%}
101  O                                                                         (0 = 0.0%) {100.0%}

Histogram: LocalStorage.MojoSizeInKB recorded 1 samples, mean = 33.0 (flags = 0x41)
0   ... 
29  -O                                                                        (1 = 100.0%) {0.0%}
34  ... 

Histogram: LocalStorage.MojoTimeToPrime recorded 1 samples, mean = 0.0 (flags = 0x41)
0  -O                                                                        (1 = 100.0%)
1  ... 

Histogram: LocalStorage.MojoTimeToPrimeForUnder100KB recorded 1 samples, mean = 0.0 (flags = 0x41)
0  -O                                                                        (1 = 100.0%)
1  ... 

Histogram: LocalStorage.RendererAreaCacheHit recorded 1 samples, mean = 0.0 (flags = 0x41)
0  -O                                                                        (1 = 100.0%)
1  ... 

Histogram: LocalStorageContext.ShutDown.MaybeDroppedChanges recorded 1 samples, mean = 0.0 (flags = 0x40)
0  -O                                                                        (1 = 100.0%)
1  ... 

Histogram: MPArch.ChildProcessLaunchFirst recorded 1 samples, mean = 3.0 (flags = 0x41)
0  ... 
3  -O                                                                        (1 = 100.0%) {0.0%}
4  ... 

Histogram: MPArch.ChildProcessLaunchSubsequent recorded 7 samples, mean = 2.4 (flags = 0x41)
0  ... 
2  ----O                                                                     (4 = 57.1%) {0.0%}
3  ---O                                                                      (3 = 42.9%) {57.1%}
4  ... 

Histogram: ManagedUsers.BlockedIframeCount recorded 1 samples, mean = 0.0 (flags = 0x41)
0  -O                                                                        (1 = 100.0%)
1  ... 

Histogram: Manifest.HasProperty.description recorded 1 samples, mean = 0.0 (flags = 0x41)
0  -O                                                                        (1 = 100.0%)
1  ... 

Histogram: Manifest.HasProperty.display recorded 1 samples, mean = 1.0 (flags = 0x41)
0  O                                                                         (0 = 0.0%)
1  -O                                                                        (1 = 100.0%) {0.0%}
2  O                                                                         (0 = 0.0%) {100.0%}

Histogram: Manifest.HasProperty.gcm_sender_id recorded 1 samples, mean = 0.0 (flags = 0x41)
0  -O                                                                        (1 = 100.0%)
1  ... 

Histogram: Manifest.HasProperty.icons recorded 1 samples, mean = 1.0 (flags = 0x41)
0  O                                                                         (0 = 0.0%)
1  -O                                                                        (1 = 100.0%) {0.0%}
2  O                                                                         (0 = 0.0%) {100.0%}

Histogram: Manifest.HasProperty.name recorded 1 samples, mean = 1.0 (flags = 0x41)
0  O                                                                         (0 = 0.0%)
1  -O                                                                        (1 = 100.0%) {0.0%}
2  O                                                                         (0 = 0.0%) {100.0%}

Histogram: Manifest.HasProperty.orientation recorded 1 samples, mean = 0.0 (flags = 0x41)
0  -O                                                                        (1 = 100.0%)
1  ... 

Histogram: Manifest.HasProperty.protocol_handlers recorded 1 samples, mean = 0.0 (flags = 0x41)
0  -O                                                                        (1 = 100.0%)
1  ... 

Histogram: Manifest.HasProperty.screenshots recorded 1 samples, mean = 0.0 (flags = 0x41)
0  -O                                                                        (1 = 100.0%)
1  ... 

Histogram: Manifest.HasProperty.share_target recorded 1 samples, mean = 0.0 (flags = 0x41)
0  -O                                                                        (1 = 100.0%)
1  ... 

Histogram: Manifest.HasProperty.short_name recorded 1 samples, mean = 1.0 (flags = 0x41)
0  O                                                                         (0 = 0.0%)
1  -O                                                                        (1 = 100.0%) {0.0%}
2  O                                                                         (0 = 0.0%) {100.0%}

Histogram: Manifest.HasProperty.start_url recorded 1 samples, mean = 1.0 (flags = 0x41)
0  O                                                                         (0 = 0.0%)
1  -O                                                                        (1 = 100.0%) {0.0%}
2  O                                                                         (0 = 0.0%) {100.0%}

Histogram: Manifest.ParseIdResult recorded 1 samples, mean = 1.0 (flags = 0x41)
0  O                                                                         (0 = 0.0%)
1  -O                                                                        (1 = 100.0%) {0.0%}
2  ... 

Histogram: Media.GPU.VideoDecoderType recorded 1 samples, mean = 11.0 (flags = 0x41)
0   ... 
11  -O                                                                        (1 = 100.0%) {0.0%}
12  ... 

Histogram: Media.MediaHistory.DatabaseExists recorded 1 samples, mean = 0.0 (flags = 0x41)
0  -O                                                                        (1 = 100.0%)
1  ... 

Histogram: MediaRouter.Cast.Discovery.ConnectedDevicesCount recorded 1 samples, mean = 0.0 (flags = 0x41)
0  -O                                                                        (1 = 100.0%)
1  ... 

Histogram: MediaRouter.Cast.Discovery.KnownDevicesCount recorded 1 samples, mean = 0.0 (flags = 0x41)
0  -O                                                                        (1 = 100.0%)
1  ... 

Histogram: MediaRouter.Dial.AvailableDevicesCount recorded 1 samples, mean = 0.0 (flags = 0x41)
0  -O                                                                        (1 = 100.0%)
1  ... 

Histogram: MediaRouter.Dial.KnownDevicesCount recorded 1 samples, mean = 0.0 (flags = 0x41)
0  -O                                                                        (1 = 100.0%)
1  ... 

Histogram: Memory.Discardable.FreelistSize.Foreground recorded 4 samples, mean = 0.0 (flags = 0x41)
0  ----O                                                                     (4 = 100.0%)
1  ... 

Histogram: Memory.Discardable.Size.Foreground recorded 4 samples, mean = 0.0 (flags = 0x41)
0  ----O                                                                     (4 = 100.0%)
1  ... 

Histogram: Memory.Discardable.VirtualSize.Foreground recorded 4 samples, mean = 0.0 (flags = 0x41)
0  ----O                                                                     (4 = 100.0%)
1  ... 

Histogram: Memory.Experimental.AvailableMemoryMB recorded 94 samples, mean = 32532.4 (flags = 0x41)
0      ... 
28971  -----------------------O                                                  (23 = 24.5%) {0.0%}
31988  -----------------------------------------------------------------------O  (71 = 75.5%) {24.5%}
35320  ... 

Histogram: Memory.Experimental.AvailableMemoryPercent recorded 94 samples, mean = 50.9 (flags = 0x41)
0   ... 
47  -O                                                                        (1 = 1.1%) {0.0%}
48  ---O                                                                      (3 = 3.2%) {1.1%}
49  -----O                                                                    (5 = 5.3%) {4.3%}
50  ---------------------------O                                              (27 = 28.7%) {9.6%}
51  ---------------------------O                                              (27 = 28.7%) {38.3%}
52  -------------------O                                                      (19 = 20.2%) {67.0%}
53  ----------O                                                               (10 = 10.6%) {87.2%}
54  --O                                                                       (2 = 2.1%) {97.9%}
55  ... 

Histogram: Memory.Experimental.Renderer.HighestPrivateMemoryFootprint.0to2min recorded 1 samples, mean = 81.0 (flags = 0x41)
0   ... 
75  -O                                                                        (1 = 100.0%) {0.0%}
84  ... 

Histogram: Memory.Experimental.Renderer.HighestPrivateMemoryFootprint.2to4min recorded 1 samples, mean = 64.0 (flags = 0x41)
0   ... 
60  -O                                                                        (1 = 100.0%) {0.0%}
67  ... 

Histogram: Memory.Experimental.Renderer.HighestPrivateMemoryFootprint.4to8min recorded 1 samples, mean = 64.0 (flags = 0x41)
0   ... 
60  -O                                                                        (1 = 100.0%) {0.0%}
67  ... 

Histogram: Memory.Experimental.Renderer.HighestPrivateMemoryFootprint.8to16min recorded 1 samples, mean = 64.0 (flags = 0x41)
0   ... 
60  -O                                                                        (1 = 100.0%) {0.0%}
67  ... 

Histogram: Memory.GPU.PeakMemoryAllocationSource2.PageLoad.SharedContextState recorded 1 samples, mean = 0.0 (flags = 0x41)
0  -O                                                                        (1 = 100.0%)
1  ... 

Histogram: Memory.GPU.PeakMemoryAllocationSource2.PageLoad.SharedImageStub recorded 1 samples, mean = 0.0 (flags = 0x41)
0  -O                                                                        (1 = 100.0%)
1  ... 

Histogram: Memory.GPU.PeakMemoryAllocationSource2.PageLoad.Skia recorded 1 samples, mean = 0.0 (flags = 0x41)
0  -O                                                                        (1 = 100.0%)
1  ... 

Histogram: Memory.GPU.PeakMemoryUsage2.PageLoad recorded 1 samples, mean = 0.0 (flags = 0x41)
0  -O                                                                        (1 = 100.0%)
1  ... 

Histogram: Memory.ParkableString.Compression.Latency recorded 17 samples, mean = 4006.6 (flags = 0x41)
0      --O                                                                       (2 = 11.8%)
500    ... 
584    -O                                                                        (1 = 5.9%) {11.8%}
631    ... 
737    -O                                                                        (1 = 5.9%) {17.6%}
796    -O                                                                        (1 = 5.9%) {23.5%}
860    ... 
1173   -O                                                                        (1 = 5.9%) {29.4%}
1268   ... 
1867   -O                                                                        (1 = 5.9%) {35.3%}
2018   ---O                                                                      (3 = 17.6%) {41.2%}
2181   ... 
2752   -O                                                                        (1 = 5.9%) {58.8%}
2974   -O                                                                        (1 = 5.9%) {64.7%}
3214   ... 
4383   -O                                                                        (1 = 5.9%) {70.6%}
4737   ... 
10289  --O                                                                       (2 = 11.8%) {76.5%}
11119  -O                                                                        (1 = 5.9%) {88.2%}
12016  -O                                                                        (1 = 5.9%) {94.1%}
12985  ... 

Histogram: Memory.ParkableString.Compression.SizeKb recorded 17 samples, mean = 276.3 (flags = 0x41)
0    ... 
14   -O                                                                        (1 = 5.9%) {0.0%}
16   ... 
26   -O                                                                        (1 = 5.9%) {5.9%}
29   -O                                                                        (1 = 5.9%) {11.8%}
33   O                                                                         (0 = 0.0%) {17.6%}
37   -O                                                                        (1 = 5.9%) {17.6%}
42   ... 
75   -O                                                                        (1 = 5.9%) {23.5%}
84   -O                                                                        (1 = 5.9%) {29.4%}
95   O                                                                         (0 = 0.0%) {35.3%}
107  -O                                                                        (1 = 5.9%) {35.3%}
120  O                                                                         (0 = 0.0%) {41.2%}
135  -O                                                                        (1 = 5.9%) {41.2%}
152  O                                                                         (0 = 0.0%) {47.1%}
171  --O                                                                       (2 = 11.8%) {47.1%}
192  -O                                                                        (1 = 5.9%) {58.8%}
216  ... 
307  -O                                                                        (1 = 5.9%) {64.7%}
345  -O                                                                        (1 = 5.9%) {70.6%}
388  ... 
554  -O                                                                        (1 = 5.9%) {76.5%}
623  O                                                                         (0 = 0.0%) {82.4%}
701  --O                                                                       (2 = 11.8%) {82.4%}
789  -O                                                                        (1 = 5.9%) {94.1%}
888  ... 

Histogram: Memory.ParkableString.Decompression.Latency recorded 3 samples, mean = 199.3 (flags = 0x41)
0  ---O                                                                      (3 = 100.0%)
500... 

Histogram: Memory.ParkableString.Decompression.ThroughputMBps recorded 3 samples, mean = 517.0 (flags = 0x41)
0    ... 
388  -O                                                                        (1 = 33.3%) {0.0%}
437  O                                                                         (0 = 0.0%) {33.3%}
492  -O                                                                        (1 = 33.3%) {33.3%}
554  O                                                                         (0 = 0.0%) {66.7%}
623  -O                                                                        (1 = 33.3%) {66.7%}
701  ... 

Histogram: Memory.ParkableString.DiskReadTime.5min recorded 1 samples, mean = 0.0 (flags = 0x41)
0  -O                                                                        (1 = 100.0%)
1  ... 

Histogram: Memory.ParkableString.DiskWriteTime.5min recorded 1 samples, mean = 9.0 (flags = 0x41)
0  ... 
8  -O                                                                        (1 = 100.0%) {0.0%}
10 ... 

Histogram: Memory.ParkableString.OnDiskSizeKb.5min recorded 1 samples, mean = 922.0 (flags = 0x41)
0    ... 
896  -O                                                                        (1 = 100.0%) {0.0%}
1122 ... 

Histogram: Memory.ParkableString.Read.Latency recorded 3 samples, mean = 26.3 (flags = 0x41)
0  ---O                                                                      (3 = 100.0%)
500... 

Histogram: Memory.ParkableString.TotalParkingThreadTime.5min recorded 1 samples, mean = 67.0 (flags = 0x41)
0   ... 
57  -O                                                                        (1 = 100.0%) {0.0%}
68  ... 

Histogram: Memory.ParkableString.TotalUnparkingTime.5min recorded 1 samples, mean = 0.0 (flags = 0x41)
0  -O                                                                        (1 = 100.0%)
1  ... 

Histogram: Memory.PartitionAlloc.MemoryReclaim recorded 11206 samples, mean = 332.3 (flags = 0x41)
0     ... 
65    O                                                                         (11 = 0.1%) {0.0%}
86    -------------------------O                                                (1170 = 10.4%) {0.1%}
113   ------------------------------------------------------------------------O (3391 = 30.3%) {10.5%}
149   ---------------------O                                                    (967 = 8.6%) {40.8%}
196   -O                                                                        (67 = 0.6%) {49.4%}
258   -----------------------O                                                  (1102 = 9.8%) {50.0%}
340   -----------------------------------O                                      (1663 = 14.8%) {59.9%}
448   -O                                                                        (34 = 0.3%) {74.7%}
590   --------------------------------------------------------O                 (2617 = 23.4%) {75.0%}
777   ----O                                                                     (179 = 1.6%) {98.4%}
1023  O                                                                         (3 = 0.0%) {100.0%}
1347  O                                                                         (2 = 0.0%) {100.0%}
1774  ... 

Histogram: Memory.PartitionAlloc.PartitionRoot.ExtrasSize recorded 1 samples, mean = 4.0 (flags = 0x41)
0  ... 
4  -O                                                                        (1 = 100.0%) {0.0%}
5  ... 

Histogram: Memory.PartitionAlloc.PeriodicPurge recorded 1169 samples, mean = 25.2 (flags = 0x41)
0    ... 
4    O                                                                         (2 = 0.2%) {0.0%}
5    ---O                                                                      (16 = 1.4%) {0.2%}
7    ----O                                                                     (21 = 1.8%) {1.5%}
9    ------O                                                                   (30 = 2.6%) {3.3%}
12   ------------O                                                             (61 = 5.2%) {5.9%}
16   ------------------------------------------------------O                   (276 = 23.6%) {11.1%}
21   ------------------------------------------------------------------------O (370 = 31.7%) {34.7%}
28   ------------------------------------------------------------O             (308 = 26.3%) {66.4%}
37   ------------O                                                             (63 = 5.4%) {92.7%}
49   --O                                                                       (10 = 0.9%) {98.1%}
65   -O                                                                        (5 = 0.4%) {99.0%}
86   O                                                                         (2 = 0.2%) {99.4%}
113  O                                                                         (1 = 0.1%) {99.6%}
149  O                                                                         (2 = 0.2%) {99.7%}
196  O                                                                         (1 = 0.1%) {99.8%}
258  O                                                                         (1 = 0.1%) {99.9%}
340  ... 

Histogram: Memory.PressureLevel2 recorded 11297 samples, mean = 0.0 (flags = 0x41)
0  ------------------------------------------------------------------------O (11297 = 100.0%)
1  ... 

Histogram: Mojo.Channel.WriteReceiveMessageProcessType recorded 6 samples, mean = 4.2 (flags = 0x41)
0   -O                                                                        (1 = 16.7%)
1   O                                                                         (0 = 0.0%) {16.7%}
2   ---O                                                                      (3 = 50.0%) {16.7%}
3   ... 
9   -O                                                                        (1 = 16.7%) {66.7%}
10  -O                                                                        (1 = 16.7%) {83.3%}
11  ... 

Histogram: NQE.ContentObserver.NetworkQualityMeaningfullyChanged recorded 5 samples, mean = 1.0 (flags = 0x40)
0  O                                                                         (0 = 0.0%)
1  -----O                                                                    (5 = 100.0%) {0.0%}
2  O                                                                         (0 = 0.0%) {100.0%}

Histogram: NQE.RTT.Error.Absolute recorded 9 samples, mean = 32.6 (flags = 0x41)
0   -O                                                                        (1 = 11.1%)
1   O                                                                         (0 = 0.0%) {11.1%}
2   -O                                                                        (1 = 11.1%) {11.1%}
3   -O                                                                        (1 = 11.1%) {22.2%}
4   ... 
7   -O                                                                        (1 = 11.1%) {33.3%}
8   -O                                                                        (1 = 11.1%) {44.4%}
10  ... 
14  -O                                                                        (1 = 11.1%) {55.6%}
17  ... 
57  -O                                                                        (1 = 11.1%) {66.7%}
68  ... 
96  --O                                                                       (2 = 22.2%) {77.8%}
114 ... 

Histogram: NQE.RTT.Error.IsZero recorded 9 samples, mean = 0.0 (flags = 0x41)
0  ---------O                                                                (9 = 100.0%)
1  ... 

Histogram: NQE.RTT.Error.Negative recorded 2 samples, mean = 11.0 (flags = 0x41)
0   ... 
8   -O                                                                        (1 = 50.0%) {0.0%}
10  ... 
14  -O                                                                        (1 = 50.0%) {50.0%}
17  ... 

Histogram: NQE.RTT.Error.Positive recorded 7 samples, mean = 38.7 (flags = 0x41)
0   -O                                                                        (1 = 14.3%)
1   O                                                                         (0 = 0.0%) {14.3%}
2   -O                                                                        (1 = 14.3%) {14.3%}
3   -O                                                                        (1 = 14.3%) {28.6%}
4   ... 
7   -O                                                                        (1 = 14.3%) {42.9%}
8   ... 
57  -O                                                                        (1 = 14.3%) {57.1%}
68  ... 
96  --O                                                                       (2 = 28.6%) {71.4%}
114 ... 

Histogram: NQE.RenderThreadNotified recorded 13 samples, mean = 1.0 (flags = 0x40)
0  O                                                                         (0 = 0.0%)
1  -------------O                                                            (13 = 100.0%) {0.0%}
2  O                                                                         (0 = 0.0%) {100.0%}

Histogram: Navigation.BeginNavigationImpl.MainFrame recorded 2 samples, mean = 0.0 (flags = 0x41)
0  --O                                                                       (2 = 100.0%)
1  ... 

Histogram: Navigation.BrowserInitiatedSessionHistoryCount recorded 1 samples, mean = 0.0 (flags = 0x41)
0  -O                                                                        (1 = 100.0%)
1  ... 

Histogram: Navigation.CommitRenderFrame recorded 1 samples, mean = 5.0 (flags = 0x41)
0  ... 
5  -O                                                                        (1 = 100.0%) {0.0%}
6  ... 

Histogram: Navigation.CommitToCompositorCreation recorded 1 samples, mean = 335.0 (flags = 0x41)
0    ... 
288  -O                                                                        (1 = 100.0%) {0.0%}
375  ... 

Histogram: Navigation.CompositorRequestedBeforeCommit2 recorded 1 samples, mean = 0.0 (flags = 0x41)
0  -O                                                                        (1 = 100.0%)
1  ... 

Histogram: Navigation.CompositorRequestedBeforeSwapRFH2 recorded 1 samples, mean = 0.0 (flags = 0x41)
0  -O                                                                        (1 = 100.0%)
1  ... 

Histogram: Navigation.CreateSpeculativeRFH recorded 1 samples, mean = 3.0 (flags = 0x41)
0  ... 
3  -O                                                                        (1 = 100.0%) {0.0%}
4  ... 

Histogram: Navigation.DidCommitSameDocumentNavigation.Duration recorded 1 samples, mean = 0.0 (flags = 0x41)
0  -O                                                                        (1 = 100.0%)
1  ... 

Histogram: Navigation.DidStartLoading.MainFrame recorded 3 samples, mean = 0.0 (flags = 0x41)
0  ---O                                                                      (3 = 100.0%)
1  ... 

Histogram: Navigation.EarlyRenderFrameHostSwapType recorded 4 samples, mean = 0.0 (flags = 0x41)
0  ----O                                                                     (4 = 100.0%)
1  ... 

Histogram: Navigation.EngagementTime.HTTPS recorded 1 samples, mean = 11295835.0 (flags = 0x41)
0        ... 
3600000  -O                                                                        (1 = 100.0%) {0.0%}

Histogram: Navigation.GetFrameHostForNavigation recorded 4 samples, mean = 2.2 (flags = 0x41)
0  --O                                                                       (2 = 50.0%)
1  ... 
4  -O                                                                        (1 = 25.0%) {50.0%}
5  -O                                                                        (1 = 25.0%) {75.0%}
6  ... 

Histogram: Navigation.GetFrameHostForNavigationTime.InDidCreateNavigationRequest.IsHTTPOrHTTPS recorded 3 samples, mean = 1860.0 (flags = 0x41)
0     ... 
55    -O                                                                        (1 = 33.3%) {0.0%}
76    -O                                                                        (1 = 33.3%) {33.3%}
105   ... 
5362  -O                                                                        (1 = 33.3%) {66.7%}
7439  ... 

Histogram: Navigation.IsGuest recorded 1 samples, mean = 0.0 (flags = 0x41)
0  -O                                                                        (1 = 100.0%)
1  ... 

Histogram: Navigation.IsLockedProcess recorded 1 samples, mean = 1.0 (flags = 0x41)
0  O                                                                         (0 = 0.0%)
1  -O                                                                        (1 = 100.0%) {0.0%}
2  O                                                                         (0 = 0.0%) {100.0%}

Histogram: Navigation.IsLockedProcess.HTTPOrHTTPS recorded 1 samples, mean = 1.0 (flags = 0x41)
0  O                                                                         (0 = 0.0%)
1  -O                                                                        (1 = 100.0%) {0.0%}
2  O                                                                         (0 = 0.0%) {100.0%}

Histogram: Navigation.IsProcessBackgrounded.OnCommit recorded 1 samples, mean = 0.0 (flags = 0x41)
0  -O                                                                        (1 = 100.0%)
1  ... 

Histogram: Navigation.IsProcessBackgrounded.OnDOMContentLoaded recorded 1 samples, mean = 0.0 (flags = 0x41)
0  -O                                                                        (1 = 100.0%)
1  ... 

Histogram: Navigation.IsSameBrowsingInstance recorded 1 samples, mean = 0.0 (flags = 0x41)
0  -O                                                                        (1 = 100.0%)
1  ... 

Histogram: Navigation.IsSameSiteInstance recorded 1 samples, mean = 0.0 (flags = 0x41)
0  -O                                                                        (1 = 100.0%)
1  ... 

Histogram: Navigation.IsSameSiteInstance.MainFrame recorded 1 samples, mean = 0.0 (flags = 0x41)
0  -O                                                                        (1 = 100.0%)
1  ... 

Histogram: Navigation.LoaderCreateToRequestStart.MainFrame recorded 1 samples, mean = 0.0 (flags = 0x41)
0  -O                                                                        (1 = 100.0%)
1  ... 

Histogram: Navigation.MainFrame.FrameCount recorded 1 samples, mean = 1.0 (flags = 0x41)
0  O                                                                         (0 = 0.0%)
1  -O                                                                        (1 = 100.0%) {0.0%}
2  ... 

Histogram: Navigation.MainFrame.MaxFrameCount recorded 3 samples, mean = 1.0 (flags = 0x41)
0  O                                                                         (0 = 0.0%)
1  ---O                                                                      (3 = 100.0%) {0.0%}
2  ... 

Histogram: Navigation.MainFrame.NewNavigation.IgnoreRestore.IsHTTPOrHTTPS.BeginNavigationToLoaderStart.Time2 recorded 1 samples, mean = 1.0 (flags = 0x41)
0  O                                                                         (0 = 0.0%)
1  -O                                                                        (1 = 100.0%) {0.0%}
2  ... 

Histogram: Navigation.MainFrame.NewNavigation.IgnoreRestore.IsHTTPOrHTTPS.FetchStart.Time2 recorded 1 samples, mean = 12.0 (flags = 0x41)
0   ... 
12  -O                                                                        (1 = 100.0%) {0.0%}
14  ... 

Histogram: Navigation.MainFrame.NewNavigation.IgnoreRestore.IsHTTPOrHTTPS.LoaderStartToFetchStart.Time2 recorded 1 samples, mean = 250.0 (flags = 0x41)
0    ... 
226  -O                                                                        (1 = 100.0%) {0.0%}
268  ... 

Histogram: Navigation.MainFrame.NewNavigation.IgnoreRestore.IsHTTPOrHTTPS.LoaderStartToReceiveResponse.Time2 recorded 1 samples, mean = 671.0 (flags = 0x41)
0    ... 
633  -O                                                                        (1 = 100.0%) {0.0%}
752  ... 

Histogram: Navigation.MainFrame.NewNavigation.IgnoreRestore.IsHTTPOrHTTPS.NavigationStartToBeginNavigation.Time2 recorded 1 samples, mean = 1652.0 (flags = 0x41)
0     ... 
1500  -O                                                                        (1 = 100.0%) {0.0%}
1782  ... 

Histogram: Navigation.MainFrame.NewNavigation.IgnoreRestore.IsHTTPOrHTTPS.ReceiveHeaders.Time2 recorded 1 samples, mean = 230.0 (flags = 0x41)
0    ... 
226  -O                                                                        (1 = 100.0%) {0.0%}
268  ... 

Histogram: Navigation.MainFrame.NewNavigation.IgnoreRestore.IsHTTPOrHTTPS.ReceiveHeadersToReceiveResponse.Time2 recorded 1 samples, mean = 177.0 (flags = 0x41)
0    ... 
160  -O                                                                        (1 = 100.0%) {0.0%}
190  ... 

Histogram: Navigation.MainFrame.NewNavigation.IgnoreRestore.IsHTTPOrHTTPS.ReceiveResponseToCommitNavigation.Time2 recorded 1 samples, mean = 5.0 (flags = 0x41)
0  ... 
5  -O                                                                        (1 = 100.0%) {0.0%}
6  ... 

Histogram: Navigation.MainFrame.RendererInitiated.InitiatorFramePresentAtStart recorded 1 samples, mean = 0.0 (flags = 0x41)
0  -O                                                                        (1 = 100.0%)
1  ... 

Histogram: Navigation.MainFrame.SiteEngagementLevel recorded 1 samples, mean = 3.0 (flags = 0x41)
0  ... 
3  -O                                                                        (1 = 100.0%) {0.0%}
4  ... 

Histogram: Navigation.MainFrame.ThirdPartyCookieBlockingEnabled recorded 2 samples, mean = 0.0 (flags = 0x41)
0  --O                                                                       (2 = 100.0%)
1  ... 

Histogram: Navigation.MainFrameHasRTLDomain2 recorded 2 samples, mean = 0.0 (flags = 0x41)
0  --O                                                                       (2 = 100.0%)
1  ... 

Histogram: Navigation.MainFrameHasRTLDomainDifferentPage2 recorded 1 samples, mean = 0.0 (flags = 0x41)
0  -O                                                                        (1 = 100.0%)
1  ... 

Histogram: Navigation.MainFrameProfileType2 recorded 2 samples, mean = 0.0 (flags = 0x41)
0  --O                                                                       (2 = 100.0%)
1  ... 

Histogram: Navigation.MainFrameScheme2 recorded 2 samples, mean = 2.0 (flags = 0x41)
0  ... 
2  --O                                                                       (2 = 100.0%) {0.0%}
3  ... 

Histogram: Navigation.MainFrameSchemeDifferentPage2 recorded 1 samples, mean = 2.0 (flags = 0x41)
0  ... 
2  -O                                                                        (1 = 100.0%) {0.0%}
3  ... 

Histogram: Navigation.OnBeforeUnloadOverheadTime recorded 2 samples, mean = 831.0 (flags = 0x41)
0     ... 
10    -O                                                                        (1 = 50.0%) {0.0%}
12    ... 
1500  -O                                                                        (1 = 50.0%) {50.0%}
1782  ... 

Histogram: Navigation.OriginAgentCluster.Result recorded 1 samples, mean = 9.0 (flags = 0x41)
0  ... 
9  -O                                                                        (1 = 100.0%) {0.0%}
10 O                                                                         (0 = 0.0%) {100.0%}

Histogram: Navigation.PendingCommit.DidBlockGetFrameHostForNavigation.Regular recorded 1 samples, mean = 0.0 (flags = 0x41)
0  -O                                                                        (1 = 100.0%)
1  ... 

Histogram: Navigation.PendingCommit.Duration.Regular recorded 1 samples, mean = 331.0 (flags = 0x41)
0    ... 
318  -O                                                                        (1 = 100.0%) {0.0%}
378  ... 

Histogram: Navigation.Preconnect.PreresolveJobQueueLength recorded 14 samples, mean = 0.5 (flags = 0x41)
0  -------O                                                                  (7 = 50.0%)
1  -------O                                                                  (7 = 50.0%) {50.0%}
2  ... 

Histogram: Navigation.Preconnect.PreresolveJobQueueingTime recorded 7 samples, mean = 0.0 (flags = 0x41)
0  -------O                                                                  (7 = 100.0%)
1  ... 

Histogram: Navigation.Preconnect.ProxyLookupCallbackQueueingTime recorded 7 samples, mean = 161.1 (flags = 0x41)
0    --O                                                                       (2 = 28.6%)
1    ... 
8    -O                                                                        (1 = 14.3%) {28.6%}
10   ... 
226  --O                                                                       (2 = 28.6%) {42.9%}
268  O                                                                         (0 = 0.0%) {71.4%}
318  --O                                                                       (2 = 28.6%) {71.4%}
378  ... 

Histogram: Navigation.Preconnect.ProxyLookupLatency recorded 7 samples, mean = 405.3 (flags = 0x41)
0     --O                                                                       (2 = 28.6%)
1     ... 
8     -O                                                                        (1 = 14.3%) {28.6%}
10    ... 
226   -O                                                                        (1 = 14.3%) {42.9%}
268   O                                                                         (0 = 0.0%) {57.1%}
318   --O                                                                       (2 = 28.6%) {57.1%}
378   ... 
1782  -O                                                                        (1 = 14.3%) {85.7%}
2117  ... 

Histogram: Navigation.Preconnect.ResolveHostCallbackQueueingTime recorded 7 samples, mean = 87.4 (flags = 0x41)
0    O                                                                         (0 = 0.0%)
1    ----O                                                                     (4 = 57.1%) {0.0%}
2    -O                                                                        (1 = 14.3%) {57.1%}
3    ... 
268  -O                                                                        (1 = 14.3%) {71.4%}
318  -O                                                                        (1 = 14.3%) {85.7%}
378  ... 

Histogram: Navigation.Preconnect.ResolveHostLatency recorded 7 samples, mean = 97.1 (flags = 0x41)
0    O                                                                         (0 = 0.0%)
1    --O                                                                       (2 = 28.6%) {0.0%}
2    --O                                                                       (2 = 28.6%) {28.6%}
3    ... 
14   -O                                                                        (1 = 14.3%) {57.1%}
17   ... 
318  --O                                                                       (2 = 28.6%) {71.4%}
378  ... 

Histogram: Navigation.ProcessNavigationThrottlesTime.WillStartRequest.MainFrame recorded 2 samples, mean = 0.0 (flags = 0x41)
0  --O                                                                       (2 = 100.0%)
1  ... 

Histogram: Navigation.QueueTime.OnReceiveRedirect.MainFrame recorded 1 samples, mean = 37.0 (flags = 0x41)
0   ... 
34  -O                                                                        (1 = 100.0%) {0.0%}
40  ... 

Histogram: Navigation.QueueTime.OnReceiveResponse.MainFrame recorded 1 samples, mean = 177.0 (flags = 0x41)
0    ... 
160  -O                                                                        (1 = 100.0%) {0.0%}
190  ... 

Histogram: Navigation.ReadyToCommitUntilCommit2 recorded 1 samples, mean = 331.0 (flags = 0x41)
0    ... 
280  -O                                                                        (1 = 100.0%) {0.0%}
356  ... 

Histogram: Navigation.ReadyToCommitUntilCommit2.ForegroundProcessPriority recorded 1 samples, mean = 331.0 (flags = 0x41)
0    ... 
280  -O                                                                        (1 = 100.0%) {0.0%}
356  ... 

Histogram: Navigation.ReadyToCommitUntilCommit2.NewNavigation recorded 1 samples, mean = 331.0 (flags = 0x41)
0    ... 
280  -O                                                                        (1 = 100.0%) {0.0%}
356  ... 

Histogram: Navigation.RegisterNavigationThrottlesTime.MainFrame recorded 2 samples, mean = 0.0 (flags = 0x41)
0  --O                                                                       (2 = 100.0%)
1  ... 

Histogram: Navigation.RenderFrameHostConstructor recorded 2 samples, mean = 0.0 (flags = 0x41)
0  --O                                                                       (2 = 100.0%)
1  ... 

Histogram: Navigation.RenderFrameHostDestructor recorded 2 samples, mean = 0.0 (flags = 0x41)
0  --O                                                                       (2 = 100.0%)
1  ... 

Histogram: Navigation.RenderViewHostConstructor recorded 2 samples, mean = 0.0 (flags = 0x41)
0  --O                                                                       (2 = 100.0%)
1  ... 

Histogram: Navigation.RenderViewHostDestructor recorded 2 samples, mean = 0.0 (flags = 0x41)
0  --O                                                                       (2 = 100.0%)
1  ... 

Histogram: Navigation.RenderWidgetHostConstructor recorded 2 samples, mean = 0.0 (flags = 0x41)
0  --O                                                                       (2 = 100.0%)
1  ... 

Histogram: Navigation.RenderWidgetHostDestructor recorded 2 samples, mean = 0.0 (flags = 0x41)
0  --O                                                                       (2 = 100.0%)
1  ... 

Histogram: Navigation.RendererCommitDelay.MainFrame recorded 1 samples, mean = 2.0 (flags = 0x41)
0  ... 
2  -O                                                                        (1 = 100.0%) {0.0%}
3  ... 

Histogram: Navigation.RendererCommitQueueTime.MainFrame recorded 1 samples, mean = 2.0 (flags = 0x41)
0  ... 
2  -O                                                                        (1 = 100.0%) {0.0%}
3  ... 

Histogram: Navigation.RendererDidNavigateTime.MainFrame recorded 1 samples, mean = 0.0 (flags = 0x41)
0  -O                                                                        (1 = 100.0%)
1  ... 

Histogram: Navigation.RequiresDedicatedProcess recorded 1 samples, mean = 1.0 (flags = 0x41)
0  O                                                                         (0 = 0.0%)
1  -O                                                                        (1 = 100.0%) {0.0%}
2  O                                                                         (0 = 0.0%) {100.0%}

Histogram: Navigation.RequiresDedicatedProcess.HTTPOrHTTPS recorded 1 samples, mean = 1.0 (flags = 0x41)
0  O                                                                         (0 = 0.0%)
1  -O                                                                        (1 = 100.0%) {0.0%}
2  O                                                                         (0 = 0.0%) {100.0%}

Histogram: Navigation.SameDocumentNavigationWithScreenshot recorded 1 samples, mean = 0.0 (flags = 0x41)
0  -O                                                                        (1 = 100.0%)
1  ... 

Histogram: Navigation.SendCommitNavigationTime.MainFrame recorded 1 samples, mean = 0.0 (flags = 0x41)
0  -O                                                                        (1 = 100.0%)
1  ... 

Histogram: Navigation.StartToCommit recorded 1 samples, mean = 2661.0 (flags = 0x41)
0     ... 
2415  -O                                                                        (1 = 100.0%) {0.0%}
3069  ... 

Histogram: Navigation.StartToCommit.CrossProcess recorded 1 samples, mean = 2661.0 (flags = 0x41)
0     ... 
2415  -O                                                                        (1 = 100.0%) {0.0%}
3069  ... 

Histogram: Navigation.StartToCommit.CrossProcess.ForegroundProcessPriority recorded 1 samples, mean = 2661.0 (flags = 0x41)
0     ... 
2415  -O                                                                        (1 = 100.0%) {0.0%}
3069  ... 

Histogram: Navigation.StartToCommit.CrossProcess.MainFrame recorded 1 samples, mean = 2661.0 (flags = 0x41)
0     ... 
2415  -O                                                                        (1 = 100.0%) {0.0%}
3069  ... 

Histogram: Navigation.StartToCommit.CrossProcess.MainFrame.ForegroundProcessPriority recorded 1 samples, mean = 2661.0 (flags = 0x41)
0     ... 
2415  -O                                                                        (1 = 100.0%) {0.0%}
3069  ... 

Histogram: Navigation.StartToCommit.CrossProcess.MainFrame.NewNavigation recorded 1 samples, mean = 2661.0 (flags = 0x41)
0     ... 
2415  -O                                                                        (1 = 100.0%) {0.0%}
3069  ... 

Histogram: Navigation.StartToCommit.CrossProcess.NewNavigation recorded 1 samples, mean = 2661.0 (flags = 0x41)
0     ... 
2415  -O                                                                        (1 = 100.0%) {0.0%}
3069  ... 

Histogram: Navigation.StartToCommit.ForegroundProcessPriority recorded 1 samples, mean = 2661.0 (flags = 0x41)
0     ... 
2415  -O                                                                        (1 = 100.0%) {0.0%}
3069  ... 

Histogram: Navigation.StartToCommit.MainFrame recorded 1 samples, mean = 2661.0 (flags = 0x41)
0     ... 
2415  -O                                                                        (1 = 100.0%) {0.0%}
3069  ... 

Histogram: Navigation.StartToCommit.MainFrame.ForegroundProcessPriority recorded 1 samples, mean = 2661.0 (flags = 0x41)
0     ... 
2415  -O                                                                        (1 = 100.0%) {0.0%}
3069  ... 

Histogram: Navigation.StartToCommit.MainFrame.NewNavigation recorded 1 samples, mean = 2661.0 (flags = 0x41)
0     ... 
2415  -O                                                                        (1 = 100.0%) {0.0%}
3069  ... 

Histogram: Navigation.StartToCommit.NewNavigation recorded 1 samples, mean = 2661.0 (flags = 0x41)
0     ... 
2415  -O                                                                        (1 = 100.0%) {0.0%}
3069  ... 

Histogram: Navigation.SuddenTerminationDisabler.AllOrigins recorded 1 samples, mean = 13.0 (flags = 0x41)
0   ... 
13  -O                                                                        (1 = 100.0%) {0.0%}
14  ... 

Histogram: Navigation.SuddenTerminationDisabler.SameOrigin recorded 1 samples, mean = 13.0 (flags = 0x41)
0   ... 
13  -O                                                                        (1 = 100.0%) {0.0%}
14  ... 

Histogram: Navigation.SwapRFHToCompositorCreation recorded 1 samples, mean = 6.0 (flags = 0x41)
0  ... 
5  -O                                                                        (1 = 100.0%) {0.0%}
7  ... 

Histogram: Navigation.ThrottleCount recorded 2 samples, mean = 20.0 (flags = 0x41)
0   ... 
20  --O                                                                       (2 = 100.0%) {0.0%}
21  ... 

Histogram: Navigation.ThrottleEventDurationTime.WillProcessResponse recorded 1 samples, mean = 0.0 (flags = 0x41)
0  -O                                                                        (1 = 100.0%)
1  ... 

Histogram: Navigation.ThrottleEventDurationTime.WillRedirectRequest recorded 1 samples, mean = 0.0 (flags = 0x41)
0  -O                                                                        (1 = 100.0%)
1  ... 

Histogram: Navigation.ThrottleEventDurationTime.WillStartRequest recorded 2 samples, mean = 0.0 (flags = 0x41)
0  --O                                                                       (2 = 100.0%)
1  ... 

Histogram: Navigation.ThrottleEventExecutionTime.WillProcessResponse recorded 1 samples, mean = 0.0 (flags = 0x41)
0  -O                                                                        (1 = 100.0%)
1  ... 

Histogram: Navigation.ThrottleEventExecutionTime.WillRedirectRequest recorded 1 samples, mean = 0.0 (flags = 0x41)
0  -O                                                                        (1 = 100.0%)
1  ... 

Histogram: Navigation.ThrottleEventExecutionTime.WillStartRequest recorded 2 samples, mean = 0.0 (flags = 0x41)
0  --O                                                                       (2 = 100.0%)
1  ... 

Histogram: Navigation.ThrottleExecutionTime.WillProcessResponse recorded 20 samples, mean = 0.0 (flags = 0x41)
0  --------------------O                                                     (20 = 100.0%)
1  ... 

Histogram: Navigation.ThrottleExecutionTime.WillRedirectRequest recorded 20 samples, mean = 0.0 (flags = 0x41)
0  --------------------O                                                     (20 = 100.0%)
1  ... 

Histogram: Navigation.ThrottleExecutionTime.WillStartRequest recorded 40 samples, mean = 0.0 (flags = 0x41)
0  ----------------------------------------O                                 (40 = 100.0%)
1  ... 

Histogram: Navigation.ThrottleTotalDeferCount recorded 3 samples, mean = 0.0 (flags = 0x41)
0  ---O                                                                      (3 = 100.0%)
1  ... 

Histogram: Navigation.ThrottleTotalDeferCount.Request recorded 3 samples, mean = 0.0 (flags = 0x41)
0  ---O                                                                      (3 = 100.0%)
1  ... 

Histogram: Navigation.ThrottleTotalDeferTime recorded 3 samples, mean = 0.0 (flags = 0x41)
0  ---O                                                                      (3 = 100.0%)
1  ... 

Histogram: Navigation.ThrottleTotalDeferTime.Request recorded 3 samples, mean = 0.0 (flags = 0x41)
0  ---O                                                                      (3 = 100.0%)
1  ... 

Histogram: Navigation.Throttles.PolicyBlocklist.DeferDurationTime recorded 2 samples, mean = 0.0 (flags = 0x41)
0  --O                                                                       (2 = 100.0%)
1  ... 

Histogram: Navigation.Throttles.PolicyBlocklist.RequestThrottleAction recorded 2 samples, mean = 2.5 (flags = 0x41)
0  O                                                                         (0 = 0.0%)
1  -O                                                                        (1 = 50.0%) {0.0%}
2  ... 
4  -O                                                                        (1 = 50.0%) {50.0%}
5  ... 

Histogram: Navigation.Throttles.PolicyBlocklist.RequestToResponseTime recorded 1 samples, mean = 0.0 (flags = 0x41)
0  -O                                                                        (1 = 100.0%)
1  ... 

Histogram: Navigation.TimeToReadyToCommit2 recorded 1 samples, mean = 2329.0 (flags = 0x41)
0     ... 
1901  -O                                                                        (1 = 100.0%) {0.0%}
2415  ... 

Histogram: Navigation.TimeToReadyToCommit2.CrossProcess recorded 1 samples, mean = 2329.0 (flags = 0x41)
0     ... 
1901  -O                                                                        (1 = 100.0%) {0.0%}
2415  ... 

Histogram: Navigation.TimeToReadyToCommit2.CrossProcess.NewNavigation recorded 1 samples, mean = 2329.0 (flags = 0x41)
0     ... 
1901  -O                                                                        (1 = 100.0%) {0.0%}
2415  ... 

Histogram: Navigation.TimeToReadyToCommit2.MainFrame recorded 1 samples, mean = 2329.0 (flags = 0x41)
0     ... 
1901  -O                                                                        (1 = 100.0%) {0.0%}
2415  ... 

Histogram: Navigation.TimeToReadyToCommit2.MainFrame.NewNavigation recorded 1 samples, mean = 2329.0 (flags = 0x41)
0     ... 
1901  -O                                                                        (1 = 100.0%) {0.0%}
2415  ... 

Histogram: Navigation.TimeToReadyToCommit2.NewNavigation recorded 1 samples, mean = 2329.0 (flags = 0x41)
0     ... 
1901  -O                                                                        (1 = 100.0%) {0.0%}
2415  ... 

Histogram: Navigation.TpcdMitigations.MetadataInstallationResult recorded 1 samples, mean = 0.0 (flags = 0x41)
0  -O                                                                        (1 = 100.0%)
1  ... 

Histogram: Navigation.Unload recorded 1 samples, mean = 0.0 (flags = 0x41)
0  -O                                                                        (1 = 100.0%)
1  ... 

Histogram: Navigation.UserAgentStringType recorded 4 samples, mean = 1.0 (flags = 0x41)
0  O                                                                         (0 = 0.0%)
1  ----O                                                                     (4 = 100.0%) {0.0%}
2  ... 

Histogram: Navigation.WillStartRequestToLoaderStart.MainFrame recorded 2 samples, mean = 0.0 (flags = 0x41)
0  --O                                                                       (2 = 100.0%)
1  ... 

Histogram: NavigationPredictor.SearchEnginePreconnector.IsBrowserAppLikelyInForeground recorded 188 samples, mean = 0.0 (flags = 0x41)
0  ------------------------------------------------------------------------O (186 = 98.9%)
1  -O                                                                        (2 = 1.1%) {98.9%}
2  O                                                                         (0 = 0.0%) {100.0%}

Histogram: NavigationSuggestion.GetDomainInfoDelayBeforeAllowingNavigation recorded 1 samples, mean = 0.0 (flags = 0x41)
0  -O                                                                        (1 = 100.0%)
1  ... 

Histogram: NavigationSuggestion.IsLookalikeUrlDelayBeforeAllowingNavigation recorded 1 samples, mean = 0.0 (flags = 0x41)
0  -O                                                                        (1 = 100.0%)
1  ... 

Histogram: NavigationSuggestion.PerformChecksDelayBeforeAllowingNavigation recorded 1 samples, mean = 0.0 (flags = 0x41)
0  -O                                                                        (1 = 100.0%)
1  ... 

Histogram: Net.AlternateProtocolUsage recorded 18 samples, mean = 3.1 (flags = 0x41)
0  ---O                                                                      (3 = 16.7%)
1  -------O                                                                  (7 = 38.9%) {16.7%}
2  O                                                                         (0 = 0.0%) {55.6%}
3  --O                                                                       (2 = 11.1%) {55.6%}
4  ... 
7  ------O                                                                   (6 = 33.3%) {66.7%}
8  O                                                                         (0 = 0.0%) {100.0%}

Histogram: Net.AlternateProtocolUsageGoogle recorded 8 samples, mean = 3.0 (flags = 0x41)
0  O                                                                         (0 = 0.0%)
1  ----O                                                                     (4 = 50.0%) {0.0%}
2  O                                                                         (0 = 0.0%) {50.0%}
3  --O                                                                       (2 = 25.0%) {50.0%}
4  ... 
7  --O                                                                       (2 = 25.0%) {75.0%}
8  O                                                                         (0 = 0.0%) {100.0%}

Histogram: Net.AlternativeServiceTypeForRequest recorded 25 samples, mean = 0.6 (flags = 0x41)
0  ----------O                                                               (10 = 40.0%)
1  ---------------O                                                          (15 = 60.0%) {40.0%}
2  ... 

Histogram: Net.CertVerifier.PathBuilderIterationCount recorded 14 samples, mean = 2.0 (flags = 0x41)
0  ... 
2  --------------O                                                           (14 = 100.0%) {0.0%}
3  ... 

Histogram: Net.CertVerifier_First_Job_Latency recorded 2 samples, mean = 418.0 (flags = 0x41)
0    ... 
186  -O                                                                        (1 = 50.0%) {0.0%}
211  ... 
572  -O                                                                        (1 = 50.0%) {50.0%}
648  ... 

Histogram: Net.CertVerifier_Job_Latency recorded 14 samples, mean = 285.2 (flags = 0x41)
0    ... 
12   ---O                                                                      (3 = 21.4%) {0.0%}
14   -O                                                                        (1 = 7.1%) {21.4%}
16   ... 
29   -O                                                                        (1 = 7.1%) {28.6%}
33   ... 
42   -O                                                                        (1 = 7.1%) {35.7%}
48   ... 
128  -O                                                                        (1 = 7.1%) {42.9%}
145  ... 
186  -O                                                                        (1 = 7.1%) {50.0%}
211  ... 
307  -O                                                                        (1 = 7.1%) {57.1%}
348  ... 
572  ---O                                                                      (3 = 21.4%) {64.3%}
648  --O                                                                       (2 = 14.3%) {85.7%}
734  ... 

Histogram: Net.Certificate.TrustAnchor.Request recorded 16 samples (flags = 0x41)
210  ----O                                                                     (4 = 25.0%)
483  ------O                                                                   (6 = 37.5%)
486  ------O                                                                   (6 = 37.5%)

Histogram: Net.Certificate.TrustAnchor.Verify recorded 14 samples (flags = 0x41)
210  --O                                                                       (2 = 14.3%)
483  --------O                                                                 (8 = 57.1%)
486  ----O                                                                     (4 = 28.6%)

Histogram: Net.ConnectionInfo.MainFrame recorded 1 samples, mean = 40.0 (flags = 0x41)
0   ... 
40  -O                                                                        (1 = 100.0%) {0.0%}
41  ... 

Histogram: Net.ConnectionInfo.SubResource recorded 8 samples, mean = 26.5 (flags = 0x41)
0   ... 
4   ---O                                                                      (3 = 37.5%) {0.0%}
5   ... 
40  -----O                                                                    (5 = 62.5%) {37.5%}
41  ... 

Histogram: Net.ContentEncodingType recorded 52 samples, mean = 0.8 (flags = 0x41)
0  ---------------O                                                          (15 = 28.8%)
1  ---------------------------------O                                        (33 = 63.5%) {28.8%}
2  ----O                                                                     (4 = 7.7%) {92.3%}
3  ... 

Histogram: Net.Cors.AccessCheckResult recorded 8 samples, mean = 0.0 (flags = 0x41)
0  --------O                                                                 (8 = 100.0%)
1  ... 

Histogram: Net.CountOfQuicServerInfos recorded 1 samples, mean = 0.0 (flags = 0x41)
0  -O                                                                        (1 = 100.0%)
1  ... 

Histogram: Net.DNS.DnsConfig.DnsClientCapability recorded 36 samples, mean = 1.0 (flags = 0x41)
0  O                                                                         (0 = 0.0%)
1  ------------------------------------O                                     (36 = 100.0%) {0.0%}
2  ... 

Histogram: Net.DNS.DnsConfig.SecureDnsMode recorded 1 samples, mean = 4.0 (flags = 0x41)
0  ... 
4  -O                                                                        (1 = 100.0%) {0.0%}
5  ... 

Histogram: Net.DNS.DnsConfig.Windows.Compatibility recorded 4 samples, mean = 0.0 (flags = 0x41)
0  ----O                                                                     (4 = 100.0%)
1  ... 

Histogram: Net.DNS.DnsConfig.Windows.ReadSystemSettings0 recorded 4 samples, mean = 0.0 (flags = 0x41)
0  ----O                                                                     (4 = 100.0%)
1  ... 

Histogram: Net.DNS.DnsHosts.Count recorded 1 samples, mean = 0.0 (flags = 0x41)
0  -O                                                                        (1 = 100.0%)
1  ... 

Histogram: Net.DNS.DnsHosts.EstimateMemoryUsage recorded 1 samples, mean = 0.0 (flags = 0x41)
0  -O                                                                        (1 = 100.0%)
1000... 

Histogram: Net.DNS.DnsHosts.FileSize recorded 1 samples, mean = 804.0 (flags = 0x41)
0    ... 
737  -O                                                                        (1 = 100.0%) {0.0%}
1065 ... 

Histogram: Net.DNS.DnsTask.SuccessTime recorded 12 samples, mean = 100.2 (flags = 0x41)
0     ... 
10    -O                                                                        (1 = 8.3%) {0.0%}
12    ---O                                                                      (3 = 25.0%) {8.3%}
14    ---O                                                                      (3 = 25.0%) {33.3%}
16    -O                                                                        (1 = 8.3%) {58.3%}
18    --O                                                                       (2 = 16.7%) {66.7%}
21    ... 
32    -O                                                                        (1 = 8.3%) {83.3%}
37    ... 
1013  -O                                                                        (1 = 8.3%) {91.7%}
1169  ... 

Histogram: Net.DNS.DnsTask.SvcbHttpsTransactionError recorded 8 samples, mean = 0.0 (flags = 0x41)
0  --------O                                                                 (8 = 100.0%)
1  ... 

Histogram: Net.DNS.DnsTransaction.AttemptType recorded 39 samples, mean = 0.0 (flags = 0x41)
0  ---------------------------------------O                                  (39 = 100.0%)
1  ... 

Histogram: Net.DNS.DnsTransaction.Insecure.Other.SuccessTime recorded 32 samples, mean = 11.7 (flags = 0x41)
0   ... 
2   --O                                                                       (2 = 6.2%) {0.0%}
3   -O                                                                        (1 = 3.1%) {6.2%}
4   -O                                                                        (1 = 3.1%) {9.4%}
5   O                                                                         (0 = 0.0%) {12.5%}
6   --O                                                                       (2 = 6.2%) {12.5%}
8   -O                                                                        (1 = 3.1%) {18.8%}
10  -------------O                                                            (13 = 40.6%) {21.9%}
13  ------O                                                                   (6 = 18.8%) {62.5%}
16  ------O                                                                   (6 = 18.8%) {81.2%}
20  ... 

Histogram: Net.DNS.H3SupportedGoogleHost.TaskTypeMetadataAvailability2 recorded 2 samples, mean = 2.5 (flags = 0x41)
0  ... 
2  -O                                                                        (1 = 50.0%) {0.0%}
3  -O                                                                        (1 = 50.0%) {50.0%}
4  ... 

Histogram: Net.DNS.HTTPSSVC.RecordHttps.Insecure.ExpectNoerror.DnsRcode recorded 12 samples, mean = 2.0 (flags = 0x41)
0  ----O                                                                     (4 = 33.3%)
1  ... 
3  --------O                                                                 (8 = 66.7%) {33.3%}
4  ... 

Histogram: Net.DNS.HTTPSSVC.RecordHttps.Insecure.ExpectNoerror.Parsable recorded 2 samples, mean = 1.0 (flags = 0x41)
0  O                                                                         (0 = 0.0%)
1  --O                                                                       (2 = 100.0%) {0.0%}
2  O                                                                         (0 = 0.0%) {100.0%}

Histogram: Net.DNS.HTTPSSVC.RecordHttps.Insecure.ExpectNoerror.ResolveTimeAddress recorded 24 samples, mean = 95.8 (flags = 0x41)
0    ... 
2    -O                                                                        (1 = 4.2%) {0.0%}
3    -O                                                                        (1 = 4.2%) {4.2%}
4    --O                                                                       (2 = 8.3%) {8.3%}
5    O                                                                         (0 = 0.0%) {16.7%}
6    --O                                                                       (2 = 8.3%) {16.7%}
8    O                                                                         (0 = 0.0%) {25.0%}
10   -------O                                                                  (7 = 29.2%) {25.0%}
13   ----O                                                                     (4 = 16.7%) {54.2%}
16   -----O                                                                    (5 = 20.8%) {70.8%}
20   ... 
926  --O                                                                       (2 = 8.3%) {91.7%}
1177 ... 

Histogram: Net.DNS.HTTPSSVC.RecordHttps.Insecure.ExpectNoerror.ResolveTimeExperimental recorded 12 samples, mean = 99.3 (flags = 0x41)
0    ... 
10   -----O                                                                    (5 = 41.7%) {0.0%}
13   ---O                                                                      (3 = 25.0%) {41.7%}
16   --O                                                                       (2 = 16.7%) {66.7%}
20   ... 
32   -O                                                                        (1 = 8.3%) {83.3%}
41   ... 
926  -O                                                                        (1 = 8.3%) {91.7%}
1177 ... 

Histogram: Net.DNS.HTTPSSVC.RecordHttps.Insecure.ExpectNoerror.ResolveTimeRatio recorded 12 samples, mean = 14.9 (flags = 0x41)
0   ... 
7   --O                                                                       (2 = 16.7%) {0.0%}
8   -O                                                                        (1 = 8.3%) {16.7%}
9   ---O                                                                      (3 = 25.0%) {25.0%}
10  -O                                                                        (1 = 8.3%) {50.0%}
11  -O                                                                        (1 = 8.3%) {58.3%}
12  ... 
19  -O                                                                        (1 = 8.3%) {66.7%}
20  ---O                                                                      (3 = 25.0%) {75.0%}

Histogram: Net.DNS.JobQueueTime.PerTransaction recorded 36 samples, mean = 0.0 (flags = 0x41)
0  ------------------------------------O                                     (36 = 100.0%)
1  ... 

Histogram: Net.DNS.JobQueueTime.Success recorded 12 samples, mean = 0.0 (flags = 0x41)
0  ------------O                                                             (12 = 100.0%)
1  ... 

Histogram: Net.DNS.Request.TotalTime recorded 143 samples, mean = 8.0 (flags = 0x41)
0    ------------------------------------------------------------------------O (134 = 93.7%)
10   -O                                                                        (1 = 0.7%) {93.7%}
12   --O                                                                       (3 = 2.1%) {94.4%}
15   -O                                                                        (2 = 1.4%) {96.5%}
18   -O                                                                        (2 = 1.4%) {97.9%}
22   ... 
881  -O                                                                        (1 = 0.7%) {99.3%}
1081 ... 

Histogram: Net.DNS.Request.TotalTimeAsync recorded 18 samples, mean = 63.5 (flags = 0x41)
0    ---------O                                                                (9 = 50.0%)
10   -O                                                                        (1 = 5.6%) {50.0%}
12   ---O                                                                      (3 = 16.7%) {55.6%}
15   --O                                                                       (2 = 11.1%) {72.2%}
18   --O                                                                       (2 = 11.1%) {83.3%}
22   ... 
881  -O                                                                        (1 = 5.6%) {94.4%}
1081 ... 

Histogram: Net.DNS.ResolveCategory recorded 21 samples, mean = 0.7 (flags = 0x41)
0  ---------O                                                                (9 = 42.9%)
1  ---------O                                                                (9 = 42.9%) {42.9%}
2  ---O                                                                      (3 = 14.3%) {85.7%}
3  ... 

Histogram: Net.DNS.ResolveError.Fast recorded 9 samples (flags = 0x41)
105  ---------O                                                                (9 = 100.0%)

Histogram: Net.DNS.ResolveFailureTime recorded 9 samples, mean = 0.2 (flags = 0x41)
0  --------O                                                                 (8 = 88.9%)
1  O                                                                         (0 = 0.0%) {88.9%}
2  -O                                                                        (1 = 11.1%) {88.9%}
3  ... 

Histogram: Net.DNS.ResolveSuccessTime recorded 9 samples, mean = 126.7 (flags = 0x41)
0     ... 
10    -O                                                                        (1 = 11.1%) {0.0%}
12    --O                                                                       (2 = 22.2%) {11.1%}
14    --O                                                                       (2 = 22.2%) {33.3%}
16    -O                                                                        (1 = 11.1%) {55.6%}
18    --O                                                                       (2 = 22.2%) {66.7%}
21    ... 
1013  -O                                                                        (1 = 11.1%) {88.9%}
1169  ... 

Histogram: Net.DNS.SystemTask.FailureTime recorded 9 samples, mean = 0.2 (flags = 0x41)
0  --------O                                                                 (8 = 88.9%)
1  O                                                                         (0 = 0.0%) {88.9%}
2  -O                                                                        (1 = 11.1%) {88.9%}
3  ... 

Histogram: Net.DNS.UpgradeConfig.HasPublicInsecureNameserver recorded 1 samples, mean = 1.0 (flags = 0x41)
0  O                                                                         (0 = 0.0%)
1  -O                                                                        (1 = 100.0%) {0.0%}
2  O                                                                         (0 = 0.0%) {100.0%}

Histogram: Net.DNS.UpgradeConfig.Ineligible.DohSpecified recorded 1 samples, mean = 0.0 (flags = 0x41)
0  -O                                                                        (1 = 100.0%)
1  ... 

Histogram: Net.DNS.UpgradeConfig.Ineligible.UnhandledOptions recorded 1 samples, mean = 0.0 (flags = 0x41)
0  -O                                                                        (1 = 100.0%)
1  ... 

Histogram: Net.DNS.UpgradeConfig.InsecureUpgradeSucceeded recorded 1 samples, mean = 0.0 (flags = 0x41)
0  -O                                                                        (1 = 100.0%)
1  ... 

Histogram: Net.DNS_Resolution_And_TCP_Connection_Latency2 recorded 11 samples, mean = 23.5 (flags = 0x41)
0   ... 
8   ---O                                                                      (3 = 27.3%) {0.0%}
9   -O                                                                        (1 = 9.1%) {27.3%}
10  --O                                                                       (2 = 18.2%) {36.4%}
11  ---O                                                                      (3 = 27.3%) {54.5%}
12  ... 
78  --O                                                                       (2 = 18.2%) {81.8%}
88  ... 

Histogram: Net.Dns.ResolveTimeDiff.AAAABeforeA.FirstRecord10msTo25ms recorded 2 samples, mean = 1.5 (flags = 0x41)
0  -O                                                                        (1 = 50.0%)
1  ... 
3  -O                                                                        (1 = 50.0%) {50.0%}
4  ... 

Histogram: Net.Dns.ResolveTimeDiff.AAAABeforeA.FirstRecordSlowerThan1s recorded 1 samples, mean = 2.0 (flags = 0x41)
0  ... 
2  -O                                                                        (1 = 100.0%) {0.0%}
3  ... 

Histogram: Net.Dns.ResolveTimeDiff.ABeforeAAAA.FirstRecord10msTo25ms recorded 6 samples, mean = 0.5 (flags = 0x41)
0  ----O                                                                     (4 = 66.7%)
1  -O                                                                        (1 = 16.7%) {66.7%}
2  -O                                                                        (1 = 16.7%) {83.3%}
3  ... 

Histogram: Net.Dns.ResolveTimeDiff.ABeforeAAAA.FirstRecordFasterThan10ms recorded 3 samples, mean = 0.0 (flags = 0x41)
0  ---O                                                                      (3 = 100.0%)
1  ... 

Histogram: Net.Dns.ResolveTimeDiff.AddressRecordBeforeHTTPS.FirstRecord10msTo25ms recorded 2 samples, mean = 1.0 (flags = 0x41)
0  -O                                                                        (1 = 50.0%)
1  O                                                                         (0 = 0.0%) {50.0%}
2  -O                                                                        (1 = 50.0%) {50.0%}
3  ... 

Histogram: Net.ErrorCodesForMainFrame4 recorded 2 samples (flags = 0x41)
0  -O                                                                        (1 = 50.0%)
3  -O                                                                        (1 = 50.0%)

Histogram: Net.ErrorCodesForSubresources3 recorded 45 samples (flags = 0x41)
0  ---------------------------------------------O                            (45 = 100.0%)

Histogram: Net.HttpJob.BytesReceived2 recorded 16 samples, mean = 7928.9 (flags = 0x41)
0      ... 
56     -O                                                                        (1 = 6.2%) {0.0%}
80     ... 
237    ---O                                                                      (3 = 18.8%) {6.2%}
340    ---O                                                                      (3 = 18.8%) {25.0%}
488    ---O                                                                      (3 = 18.8%) {43.8%}
700    ... 
1440   -O                                                                        (1 = 6.2%) {62.5%}
2065   O                                                                         (0 = 0.0%) {68.8%}
2961   ---O                                                                      (3 = 18.8%) {68.8%}
4246   ... 
17959  -O                                                                        (1 = 6.2%) {87.5%}
25755  ... 
75961  -O                                                                        (1 = 6.2%) {93.8%}
108935 ... 

Histogram: Net.HttpJob.BytesSent2 recorded 16 samples, mean = 1028.6 (flags = 0x41)
0     ... 
13    ---O                                                                      (3 = 18.8%) {0.0%}
19    -O                                                                        (1 = 6.2%) {18.8%}
27    ... 
165   -O                                                                        (1 = 6.2%) {25.0%}
237   O                                                                         (0 = 0.0%) {31.2%}
340   --O                                                                       (2 = 12.5%) {31.2%}
488   ---O                                                                      (3 = 18.8%) {43.8%}
700   --O                                                                       (2 = 12.5%) {62.5%}
1004  ---O                                                                      (3 = 18.8%) {75.0%}
1440  ... 
6089  -O                                                                        (1 = 6.2%) {93.8%}
8732  ... 

Histogram: Net.HttpJob.MainJobWaitTimeWithoutAvailableSpdySession recorded 10 samples, mean = 40.7 (flags = 0x41)
0    ---O                                                                      (3 = 30.0%)
1    ... 
12   -O                                                                        (1 = 10.0%) {30.0%}
14   --O                                                                       (2 = 20.0%) {40.0%}
17   -O                                                                        (1 = 10.0%) {60.0%}
20   -O                                                                        (1 = 10.0%) {70.0%}
24   -O                                                                        (1 = 10.0%) {80.0%}
29   ... 
268  -O                                                                        (1 = 10.0%) {90.0%}
318  ... 

Histogram: Net.HttpJob.PrefilterBytesRead recorded 54 samples, mean = 24824.3 (flags = 0x41)
0       ---O                                                                      (3 = 5.6%)
1       ... 
13      -O                                                                        (1 = 1.9%) {5.6%}
19      -O                                                                        (1 = 1.9%) {7.4%}
27      O                                                                         (0 = 0.0%) {9.3%}
39      -O                                                                        (1 = 1.9%) {9.3%}
56      -O                                                                        (1 = 1.9%) {11.1%}
80      -O                                                                        (1 = 1.9%) {13.0%}
115     O                                                                         (0 = 0.0%) {14.8%}
165     -O                                                                        (1 = 1.9%) {14.8%}
237     ----O                                                                     (4 = 7.4%) {16.7%}
340     --O                                                                       (2 = 3.7%) {24.1%}
488     ----O                                                                     (4 = 7.4%) {27.8%}
700     -----O                                                                    (5 = 9.3%) {35.2%}
1004    -O                                                                        (1 = 1.9%) {44.4%}
1440    --O                                                                       (2 = 3.7%) {46.3%}
2065    -O                                                                        (1 = 1.9%) {50.0%}
2961    --O                                                                       (2 = 3.7%) {51.9%}
4246    -O                                                                        (1 = 1.9%) {55.6%}
6089    -O                                                                        (1 = 1.9%) {57.4%}
8732    ---O                                                                      (3 = 5.6%) {59.3%}
12523   -O                                                                        (1 = 1.9%) {64.8%}
17959   ----O                                                                     (4 = 7.4%) {66.7%}
25755   --O                                                                       (2 = 3.7%) {74.1%}
36935   ----O                                                                     (4 = 7.4%) {77.8%}
52968   O                                                                         (0 = 0.0%) {85.2%}
75961   -----O                                                                    (5 = 9.3%) {85.2%}
108935  --O                                                                       (2 = 3.7%) {94.4%}
156223  -O                                                                        (1 = 1.9%) {98.1%}
224038  ... 

Histogram: Net.HttpJob.PrefilterBytesRead.Cache recorded 40 samples, mean = 30789.3 (flags = 0x41)
0       -O                                                                        (1 = 2.5%)
1       ... 
165     -O                                                                        (1 = 2.5%) {2.5%}
237     O                                                                         (0 = 0.0%) {5.0%}
340     --O                                                                       (2 = 5.0%) {5.0%}
488     ----O                                                                     (4 = 10.0%) {10.0%}
700     ----O                                                                     (4 = 10.0%) {20.0%}
1004    -O                                                                        (1 = 2.5%) {30.0%}
1440    --O                                                                       (2 = 5.0%) {32.5%}
2065    -O                                                                        (1 = 2.5%) {37.5%}
2961    --O                                                                       (2 = 5.0%) {40.0%}
4246    -O                                                                        (1 = 2.5%) {45.0%}
6089    -O                                                                        (1 = 2.5%) {47.5%}
8732    ---O                                                                      (3 = 7.5%) {50.0%}
12523   O                                                                         (0 = 0.0%) {57.5%}
17959   ----O                                                                     (4 = 10.0%) {57.5%}
25755   --O                                                                       (2 = 5.0%) {67.5%}
36935   ----O                                                                     (4 = 10.0%) {72.5%}
52968   O                                                                         (0 = 0.0%) {82.5%}
75961   ----O                                                                     (4 = 10.0%) {82.5%}
108935  --O                                                                       (2 = 5.0%) {92.5%}
156223  -O                                                                        (1 = 2.5%) {97.5%}
224038  ... 

Histogram: Net.HttpJob.PrefilterBytesRead.Net recorded 14 samples, mean = 7781.4 (flags = 0x41)
0      --O                                                                       (2 = 14.3%)
1      ... 
13     -O                                                                        (1 = 7.1%) {14.3%}
19     -O                                                                        (1 = 7.1%) {21.4%}
27     O                                                                         (0 = 0.0%) {28.6%}
39     -O                                                                        (1 = 7.1%) {28.6%}
56     -O                                                                        (1 = 7.1%) {35.7%}
80     -O                                                                        (1 = 7.1%) {42.9%}
115    ... 
237    ----O                                                                     (4 = 28.6%) {50.0%}
340    ... 
700    -O                                                                        (1 = 7.1%) {78.6%}
1004   ... 
12523  -O                                                                        (1 = 7.1%) {85.7%}
17959  ... 
75961  -O                                                                        (1 = 7.1%) {92.9%}
108935 ... 

Histogram: Net.HttpJob.ProxyTypeSuccess recorded 16 samples, mean = 1.0 (flags = 0x41)
0  O                                                                         (0 = 0.0%)
1  ----------------O                                                         (16 = 100.0%) {0.0%}
2  ... 

Histogram: Net.HttpJob.TotalTime recorded 54 samples, mean = 116.6 (flags = 0x41)
0     --O                                                                       (2 = 3.7%)
1     --O                                                                       (2 = 3.7%) {3.7%}
2     --------O                                                                 (8 = 14.8%) {7.4%}
3     ----O                                                                     (4 = 7.4%) {22.2%}
4     ---O                                                                      (3 = 5.6%) {29.6%}
5     ----O                                                                     (4 = 7.4%) {35.2%}
6     O                                                                         (0 = 0.0%) {42.6%}
7     -------O                                                                  (7 = 13.0%) {42.6%}
8     -----O                                                                    (5 = 9.3%) {55.6%}
10    --O                                                                       (2 = 3.7%) {64.8%}
12    -O                                                                        (1 = 1.9%) {68.5%}
14    ... 
48    -O                                                                        (1 = 1.9%) {70.4%}
57    ... 
81    -O                                                                        (1 = 1.9%) {72.2%}
96    O                                                                         (0 = 0.0%) {74.1%}
114   --O                                                                       (2 = 3.7%) {74.1%}
135   --O                                                                       (2 = 3.7%) {77.8%}
160   -O                                                                        (1 = 1.9%) {81.5%}
190   O                                                                         (0 = 0.0%) {83.3%}
226   -O                                                                        (1 = 1.9%) {83.3%}
268   -O                                                                        (1 = 1.9%) {85.2%}
318   -O                                                                        (1 = 1.9%) {87.0%}
378   -O                                                                        (1 = 1.9%) {88.9%}
449   ... 
633   ----O                                                                     (4 = 7.4%) {90.7%}
752   ... 
1062  -O                                                                        (1 = 1.9%) {98.1%}
1262  ... 

Histogram: Net.HttpJob.TotalTime.Secure.Quic recorded 4 samples, mean = 396.8 (flags = 0x41)
0    ... 
52   -O                                                                        (1 = 25.0%) {0.0%}
66   ... 
136  -O                                                                        (1 = 25.0%) {25.0%}
173  ... 
574  --O                                                                       (2 = 50.0%) {50.0%}
729  ... 

Histogram: Net.HttpJob.TotalTime.TLS13.Google recorded 2 samples, mean = 697.0 (flags = 0x41)
0    ... 
633  --O                                                                       (2 = 100.0%) {0.0%}
752  ... 

Histogram: Net.HttpJob.TotalTimeCached recorded 40 samples, mean = 20.9 (flags = 0x41)
0    --O                                                                       (2 = 5.0%)
1    --O                                                                       (2 = 5.0%) {5.0%}
2    --------O                                                                 (8 = 20.0%) {10.0%}
3    ----O                                                                     (4 = 10.0%) {30.0%}
4    ---O                                                                      (3 = 7.5%) {40.0%}
5    ----O                                                                     (4 = 10.0%) {47.5%}
6    O                                                                         (0 = 0.0%) {57.5%}
7    -------O                                                                  (7 = 17.5%) {57.5%}
8    -----O                                                                    (5 = 12.5%) {75.0%}
10   --O                                                                       (2 = 5.0%) {87.5%}
12   -O                                                                        (1 = 2.5%) {92.5%}
14   ... 
268  -O                                                                        (1 = 2.5%) {95.0%}
318  -O                                                                        (1 = 2.5%) {97.5%}
378  ... 

Histogram: Net.HttpJob.TotalTimeNotCached recorded 14 samples, mean = 390.1 (flags = 0x41)
0     ... 
48    -O                                                                        (1 = 7.1%) {0.0%}
57    ... 
81    -O                                                                        (1 = 7.1%) {7.1%}
96    O                                                                         (0 = 0.0%) {14.3%}
114   --O                                                                       (2 = 14.3%) {14.3%}
135   --O                                                                       (2 = 14.3%) {28.6%}
160   -O                                                                        (1 = 7.1%) {42.9%}
190   O                                                                         (0 = 0.0%) {50.0%}
226   -O                                                                        (1 = 7.1%) {50.0%}
268   ... 
378   -O                                                                        (1 = 7.1%) {57.1%}
449   ... 
633   ----O                                                                     (4 = 28.6%) {64.3%}
752   ... 
1062  -O                                                                        (1 = 7.1%) {92.9%}
1262  ... 

Histogram: Net.HttpJob.TotalTimeNotCached.Secure.Quic recorded 4 samples, mean = 396.8 (flags = 0x41)
0    ... 
52   -O                                                                        (1 = 25.0%) {0.0%}
66   ... 
136  -O                                                                        (1 = 25.0%) {25.0%}
173  ... 
574  --O                                                                       (2 = 50.0%) {50.0%}
729  ... 

Histogram: Net.HttpJob.TotalTimeSuccess recorded 54 samples, mean = 116.6 (flags = 0x41)
0     --O                                                                       (2 = 3.7%)
1     --O                                                                       (2 = 3.7%) {3.7%}
2     --------O                                                                 (8 = 14.8%) {7.4%}
3     ----O                                                                     (4 = 7.4%) {22.2%}
4     ---O                                                                      (3 = 5.6%) {29.6%}
5     ----O                                                                     (4 = 7.4%) {35.2%}
6     O                                                                         (0 = 0.0%) {42.6%}
7     -------O                                                                  (7 = 13.0%) {42.6%}
8     -----O                                                                    (5 = 9.3%) {55.6%}
10    --O                                                                       (2 = 3.7%) {64.8%}
12    -O                                                                        (1 = 1.9%) {68.5%}
14    ... 
48    -O                                                                        (1 = 1.9%) {70.4%}
57    ... 
81    -O                                                                        (1 = 1.9%) {72.2%}
96    O                                                                         (0 = 0.0%) {74.1%}
114   --O                                                                       (2 = 3.7%) {74.1%}
135   --O                                                                       (2 = 3.7%) {77.8%}
160   -O                                                                        (1 = 1.9%) {81.5%}
190   O                                                                         (0 = 0.0%) {83.3%}
226   -O                                                                        (1 = 1.9%) {83.3%}
268   -O                                                                        (1 = 1.9%) {85.2%}
318   -O                                                                        (1 = 1.9%) {87.0%}
378   -O                                                                        (1 = 1.9%) {88.9%}
449   ... 
633   ----O                                                                     (4 = 7.4%) {90.7%}
752   ... 
1062  -O                                                                        (1 = 1.9%) {98.1%}
1262  ... 

Histogram: Net.HttpJob.TotalTimeSuccess.Priority1 recorded 8 samples, mean = 435.2 (flags = 0x41)
0    ... 
48   -O                                                                        (1 = 12.5%) {0.0%}
57   ... 
135  --O                                                                       (2 = 25.0%) {12.5%}
160  ... 
318  -O                                                                        (1 = 12.5%) {37.5%}
378  ... 
633  ----O                                                                     (4 = 50.0%) {50.0%}
752  ... 

Histogram: Net.HttpJob.TotalTimeSuccess.Priority2 recorded 27 samples, mean = 65.6 (flags = 0x41)
0     -O                                                                        (1 = 3.7%)
1     --O                                                                       (2 = 7.4%) {3.7%}
2     O                                                                         (0 = 0.0%) {11.1%}
3     --O                                                                       (2 = 7.4%) {11.1%}
4     --O                                                                       (2 = 7.4%) {18.5%}
5     ----O                                                                     (4 = 14.8%) {25.9%}
6     O                                                                         (0 = 0.0%) {40.7%}
7     -------O                                                                  (7 = 25.9%) {40.7%}
8     ----O                                                                     (4 = 14.8%) {66.7%}
10    --O                                                                       (2 = 7.4%) {81.5%}
12    ... 
81    -O                                                                        (1 = 3.7%) {88.9%}
96    ... 
378   -O                                                                        (1 = 3.7%) {92.6%}
449   ... 
1062  -O                                                                        (1 = 3.7%) {96.3%}
1262  ... 

Histogram: Net.HttpJob.TotalTimeSuccess.Priority3 recorded 1 samples, mean = 302.0 (flags = 0x41)
0    ... 
268  -O                                                                        (1 = 100.0%) {0.0%}
318  ... 

Histogram: Net.HttpJob.TotalTimeSuccess.Priority4 recorded 4 samples, mean = 130.0 (flags = 0x41)
0    -O                                                                        (1 = 25.0%)
1    ... 
114  --O                                                                       (2 = 50.0%) {25.0%}
135  ... 
226  -O                                                                        (1 = 25.0%) {75.0%}
268  ... 

Histogram: Net.HttpJob.TotalTimeSuccess.Priority5 recorded 14 samples, mean = 15.8 (flags = 0x41)
0    ... 
2    --------O                                                                 (8 = 57.1%) {0.0%}
3    --O                                                                       (2 = 14.3%) {57.1%}
4    -O                                                                        (1 = 7.1%) {71.4%}
5    ... 
8    -O                                                                        (1 = 7.1%) {78.6%}
10   O                                                                         (0 = 0.0%) {85.7%}
12   -O                                                                        (1 = 7.1%) {85.7%}
14   ... 
160  -O                                                                        (1 = 7.1%) {92.9%}
190  ... 

Histogram: Net.HttpRequestSSLUpgradeDecision recorded 2 samples, mean = 5.0 (flags = 0x41)
0  ... 
5  --O                                                                       (2 = 100.0%) {0.0%}
6  O                                                                         (0 = 0.0%) {100.0%}

Histogram: Net.HttpRequestStsState recorded 2 samples, mean = 2.0 (flags = 0x41)
0  ... 
2  --O                                                                       (2 = 100.0%) {0.0%}
3  ... 

Histogram: Net.HttpResponseCode recorded 64 samples, mean = 220.8 (flags = 0x41)
0    ... 
200  -----------------------------------------------------O                    (53 = 82.8%) {0.0%}
201  ... 
204  --O                                                                       (2 = 3.1%) {82.8%}
205  ... 
302  --O                                                                       (2 = 3.1%) {85.9%}
303  O                                                                         (0 = 0.0%) {89.1%}
304  --O                                                                       (2 = 3.1%) {89.1%}
305  ... 
308  -O                                                                        (1 = 1.6%) {92.2%}
309  ... 
400  ----O                                                                     (4 = 6.2%) {93.8%}
401  ... 

Histogram: Net.HttpTimeToFirstByte recorded 54 samples, mean = 118.4 (flags = 0x41)
0     -------------------------------------O                                    (37 = 68.5%)
10    O                                                                         (0 = 0.0%) {68.5%}
12    -O                                                                        (1 = 1.9%) {68.5%}
15    ... 
50    -O                                                                        (1 = 1.9%) {70.4%}
61    O                                                                         (0 = 0.0%) {72.2%}
75    -O                                                                        (1 = 1.9%) {72.2%}
92    O                                                                         (0 = 0.0%) {74.1%}
113   --O                                                                       (2 = 3.7%) {74.1%}
139   --O                                                                       (2 = 3.7%) {77.8%}
171   ... 
258   --O                                                                       (2 = 3.7%) {81.5%}
317   -O                                                                        (1 = 1.9%) {85.2%}
389   --O                                                                       (2 = 3.7%) {87.0%}
477   O                                                                         (0 = 0.0%) {90.7%}
585   ----O                                                                     (4 = 7.4%) {90.7%}
718   ... 
1081  -O                                                                        (1 = 1.9%) {98.1%}
1326  ... 

Histogram: Net.HttpTimeToFirstByte.TLS13.Google recorded 2 samples, mean = 698.0 (flags = 0x41)
0    ... 
574  --O                                                                       (2 = 100.0%) {0.0%}
729  ... 

Histogram: Net.NetworkChangeNotifier.NewConnectionCost recorded 2 samples, mean = 1.0 (flags = 0x41)
0  O                                                                         (0 = 0.0%)
1  --O                                                                       (2 = 100.0%) {0.0%}
2  ... 

Histogram: Net.NumQuicSessionsAtShutdown recorded 3 samples, mean = 0.0 (flags = 0x41)
0  ---O                                                                      (3 = 100.0%)
1  ... 

Histogram: Net.OnTransferSizeUpdated.Experimental.OverridenBy recorded 35 samples, mean = 10.8 (flags = 0x41)
0   O                                                                         (0 = 0.0%)
1   ----------------O                                                         (16 = 45.7%) {0.0%}
2   ... 
11  -------O                                                                  (7 = 20.0%) {45.7%}
12  ---O                                                                      (3 = 8.6%) {65.7%}
13  ... 
26  --O                                                                       (2 = 5.7%) {74.3%}
27  O                                                                         (0 = 0.0%) {80.0%}
28  -------O                                                                  (7 = 20.0%) {80.0%}
29  ... 

Histogram: Net.QuicActiveSessionCount.CertVerifierChanged recorded 6 samples, mean = 0.7 (flags = 0x41)
0  -----O                                                                    (5 = 83.3%)
1  ... 
4  -O                                                                        (1 = 16.7%) {83.3%}
5  ... 

Histogram: Net.QuicActiveSessions recorded 9 samples, mean = 0.7 (flags = 0x41)
0  ------O                                                                   (6 = 66.7%)
1  -O                                                                        (1 = 11.1%) {66.7%}
2  -O                                                                        (1 = 11.1%) {77.8%}
3  -O                                                                        (1 = 11.1%) {88.9%}
4  ... 

Histogram: Net.QuicChromiumClientStream.HandleOnCloseConnectionError recorded 10 samples (flags = 0x41)
0  ----------O                                                               (10 = 100.0%)

Histogram: Net.QuicChromiumClientStream.HandleOnCloseNetError recorded 10 samples (flags = 0x41)
100  ----------O                                                               (10 = 100.0%)

Histogram: Net.QuicChromiumClientStream.HandleOnCloseStreamError recorded 10 samples (flags = 0x41)
0  ----------O                                                               (10 = 100.0%)

Histogram: Net.QuicChromiumClientStream.HeaderDecodingDelay recorded 10 samples, mean = 0.0 (flags = 0x41)
0  ----------O                                                               (10 = 100.0%)
1  ... 

Histogram: Net.QuicChromiumClientStream.HeaderDecodingDelayGoogle recorded 4 samples, mean = 0.0 (flags = 0x41)
0  ----O                                                                     (4 = 100.0%)
1  ... 

Histogram: Net.QuicConnection.WritePacketStatus recorded 209 samples, mean = 0.0 (flags = 0x41)
0  ------------------------------------------------------------------------O (209 = 100.0%)
1  ... 

Histogram: Net.QuicCryptoClientConfig.PopulatedFromCanonicalConfig recorded 6 samples, mean = 0.0 (flags = 0x41)
0  ------O                                                                   (6 = 100.0%)
1  ... 

Histogram: Net.QuicDroppedPacketReason recorded 31 samples, mean = 6.0 (flags = 0x41)
0  ... 
6  -------------------------------O                                          (31 = 100.0%) {0.0%}
7  O                                                                         (0 = 0.0%) {100.0%}

Histogram: Net.QuicHandshakeState recorded 27 samples, mean = 1.0 (flags = 0x41)
0  ---------O                                                                (9 = 33.3%)
1  ---------O                                                                (9 = 33.3%) {33.3%}
2  ---------O                                                                (9 = 33.3%) {66.7%}
3  ... 

Histogram: Net.QuicHttpStream.ProcessResponseHeaderSuccess recorded 10 samples, mean = 1.0 (flags = 0x41)
0  O                                                                         (0 = 0.0%)
1  ----------O                                                               (10 = 100.0%) {0.0%}
2  O                                                                         (0 = 0.0%) {100.0%}

Histogram: Net.QuicSession.AbortedPendingStreamRequests recorded 9 samples, mean = 0.0 (flags = 0x41)
0  ---------O                                                                (9 = 100.0%)
1  ... 

Histogram: Net.QuicSession.AcceptChForOrigin recorded 10 samples, mean = 0.2 (flags = 0x41)
0  --------O                                                                 (8 = 80.0%)
1  --O                                                                       (2 = 20.0%) {80.0%}
2  O                                                                         (0 = 0.0%) {100.0%}

Histogram: Net.QuicSession.AcceptChFrameReceivedViaAlps recorded 5 samples, mean = 1.0 (flags = 0x41)
0  O                                                                         (0 = 0.0%)
1  -----O                                                                    (5 = 100.0%) {0.0%}
2  ... 

Histogram: Net.QuicSession.AsyncRead recorded 286 samples, mean = 0.5 (flags = 0x41)
0  ------------------------------------------------------------------------O (157 = 54.9%)
1  -----------------------------------------------------------O              (129 = 45.1%) {54.9%}
2  O                                                                         (0 = 0.0%) {100.0%}

Histogram: Net.QuicSession.BlockedFrames.Received recorded 9 samples, mean = 0.0 (flags = 0x41)
0  ---------O                                                                (9 = 100.0%)
1  ... 

Histogram: Net.QuicSession.BlockedFrames.Sent recorded 9 samples, mean = 0.0 (flags = 0x41)
0  ---------O                                                                (9 = 100.0%)
1  ... 

Histogram: Net.QuicSession.CertVerificationResult recorded 9 samples (flags = 0x41)
0  ---------O                                                                (9 = 100.0%)

Histogram: Net.QuicSession.ClientSideMtu recorded 9 samples (flags = 0x41)
1230  -----O                                                                    (5 = 55.6%)
1250  ----O                                                                     (4 = 44.4%)

Histogram: Net.QuicSession.CloseAllSessionsError recorded 3 samples (flags = 0x41)
3  ---O                                                                      (3 = 100.0%)

Histogram: Net.QuicSession.ClosedDuringInitializeSession recorded 9 samples, mean = 0.0 (flags = 0x41)
0  ---------O                                                                (9 = 100.0%)
1  ... 

Histogram: Net.QuicSession.CoalesceStreamFrameStatus recorded 48 samples, mean = 0.2 (flags = 0x41)
0  -------------------------------------O                                    (37 = 77.1%)
1  -----------O                                                              (11 = 22.9%) {77.1%}
2  O                                                                         (0 = 0.0%) {100.0%}

Histogram: Net.QuicSession.ConnectRandomPortForHTTPS recorded 9 samples, mean = 0.0 (flags = 0x41)
0  ---------O                                                                (9 = 100.0%)
1  ... 

Histogram: Net.QuicSession.ConnectRandomPortRequiringConfirmationForHTTPS recorded 1 samples, mean = 0.0 (flags = 0x41)
0  -O                                                                        (1 = 100.0%)
1  ... 

Histogram: Net.QuicSession.ConnectionClose.NumOpenStreams.TimedOut recorded 9 samples, mean = 0.0 (flags = 0x41)
0  ---------O                                                                (9 = 100.0%)
1  ... 

Histogram: Net.QuicSession.ConnectionCloseErrorCodeClient recorded 9 samples (flags = 0x41)
25  ---------O                                                                (9 = 100.0%)

Histogram: Net.QuicSession.ConnectionCloseErrorCodeClient.HandshakeConfirmed recorded 9 samples (flags = 0x41)
25  ---------O                                                                (9 = 100.0%)

Histogram: Net.QuicSession.ConnectionCloseErrorCodeClientGoogle recorded 5 samples (flags = 0x41)
25  -----O                                                                    (5 = 100.0%)

Histogram: Net.QuicSession.ConnectionCloseErrorCodeClientGoogle.HandshakeConfirmed recorded 5 samples (flags = 0x41)
25  -----O                                                                    (5 = 100.0%)

Histogram: Net.QuicSession.ConnectionDuration recorded 9 samples, mean = 29268.1 (flags = 0x41)
0      ... 
27425  ---------O                                                                (9 = 100.0%) {0.0%}
31655  ... 

Histogram: Net.QuicSession.ConnectionFlowControlBlocked recorded 86 samples, mean = 1.0 (flags = 0x41)
0  O                                                                         (0 = 0.0%)
1  ------------------------------------------------------------------------O (86 = 100.0%) {0.0%}
2  O                                                                         (0 = 0.0%) {100.0%}

Histogram: Net.QuicSession.ConnectionIpPooled recorded 9 samples, mean = 0.0 (flags = 0x41)
0  ---------O                                                                (9 = 100.0%)
1  ... 

Histogram: Net.QuicSession.ConnectionTypeFromSelf recorded 9 samples, mean = 1.6 (flags = 0x41)
0  O                                                                         (0 = 0.0%)
1  ----O                                                                     (4 = 44.4%) {0.0%}
2  -----O                                                                    (5 = 55.6%) {44.4%}

Histogram: Net.QuicSession.CryptoRetransmitCount.HandshakeConfirmed recorded 9 samples, mean = 5.1 (flags = 0x41)
0   ---O                                                                      (3 = 33.3%)
1   ----O                                                                     (4 = 44.4%) {33.3%}
2   ... 
21  --O                                                                       (2 = 22.2%) {77.8%}
22  ... 

Histogram: Net.QuicSession.DuplicatePacketsReceived recorded 9 samples, mean = 0.0 (flags = 0x41)
0  ---------O                                                                (9 = 100.0%)
1  ... 

Histogram: Net.QuicSession.EcnMarksObserved recorded 9 samples, mean = 1.0 (flags = 0x41)
0  O                                                                         (0 = 0.0%)
1  ---------O                                                                (9 = 100.0%) {0.0%}
2  ... 

Histogram: Net.QuicSession.EncryptionEstablishedTime recorded 9 samples, mean = 257.1 (flags = 0x41)
0    ... 
10   -O                                                                        (1 = 11.1%) {0.0%}
12   O                                                                         (0 = 0.0%) {11.1%}
14   --O                                                                       (2 = 22.2%) {11.1%}
17   ... 
29   -O                                                                        (1 = 11.1%) {33.3%}
34   ... 
57   -O                                                                        (1 = 11.1%) {44.4%}
68   ... 
190  -O                                                                        (1 = 11.1%) {55.6%}
226  ... 
633  ---O                                                                      (3 = 33.3%) {66.7%}
752  ... 

Histogram: Net.QuicSession.FinchConfigIsValid recorded 3 samples, mean = 1.0 (flags = 0x41)
0  O                                                                         (0 = 0.0%)
1  ---O                                                                      (3 = 100.0%) {0.0%}
2  O                                                                         (0 = 0.0%) {100.0%}

Histogram: Net.QuicSession.FindMatchingIpSessionResult recorded 19 samples, mean = 2.0 (flags = 0x41)
0  ... 
2  -------------------O                                                      (19 = 100.0%) {0.0%}
3  O                                                                         (0 = 0.0%) {100.0%}

Histogram: Net.QuicSession.FindMatchingIpSessionResultGoogle recorded 10 samples, mean = 2.0 (flags = 0x41)
0  ... 
2  ----------O                                                               (10 = 100.0%) {0.0%}
3  O                                                                         (0 = 0.0%) {100.0%}

Histogram: Net.QuicSession.HandshakeConfirmedTime recorded 9 samples, mean = 258.0 (flags = 0x41)
0    ... 
10   -O                                                                        (1 = 11.1%) {0.0%}
12   O                                                                         (0 = 0.0%) {11.1%}
14   -O                                                                        (1 = 11.1%) {11.1%}
17   O                                                                         (0 = 0.0%) {22.2%}
20   -O                                                                        (1 = 11.1%) {22.2%}
24   O                                                                         (0 = 0.0%) {33.3%}
29   -O                                                                        (1 = 11.1%) {33.3%}
34   ... 
57   -O                                                                        (1 = 11.1%) {44.4%}
68   ... 
190  -O                                                                        (1 = 11.1%) {55.6%}
226  ... 
633  ---O                                                                      (3 = 33.3%) {66.7%}
752  ... 

Histogram: Net.QuicSession.HeaderCompressionRatioQpackReceived recorded 10 samples, mean = 41.3 (flags = 0x41)
0   O                                                                         (0 = 0.0%)
1   -O                                                                        (1 = 10.0%) {0.0%}
2   ... 
4   ---O                                                                      (3 = 30.0%) {10.0%}
5   ... 
54  -O                                                                        (1 = 10.0%) {40.0%}
55  ... 
69  ----O                                                                     (4 = 40.0%) {50.0%}
70  -O                                                                        (1 = 10.0%) {90.0%}
71  ... 

Histogram: Net.QuicSession.HeaderCompressionRatioQpackSent recorded 10 samples, mean = 73.1 (flags = 0x41)
0   ... 
63  -O                                                                        (1 = 10.0%) {0.0%}
64  ... 
72  --O                                                                       (2 = 20.0%) {10.0%}
73  -O                                                                        (1 = 10.0%) {30.0%}
74  -O                                                                        (1 = 10.0%) {40.0%}
75  ---O                                                                      (3 = 30.0%) {50.0%}
76  --O                                                                       (2 = 20.0%) {80.0%}
77  ... 

Histogram: Net.QuicSession.HostResolution.HandshakeConfirmedTime recorded 9 samples, mean = 258.4 (flags = 0x41)
0    ... 
10   -O                                                                        (1 = 11.1%) {0.0%}
12   O                                                                         (0 = 0.0%) {11.1%}
14   -O                                                                        (1 = 11.1%) {11.1%}
17   O                                                                         (0 = 0.0%) {22.2%}
20   -O                                                                        (1 = 11.1%) {22.2%}
24   O                                                                         (0 = 0.0%) {33.3%}
29   -O                                                                        (1 = 11.1%) {33.3%}
34   ... 
57   -O                                                                        (1 = 11.1%) {44.4%}
68   ... 
226  -O                                                                        (1 = 11.1%) {55.6%}
268  ... 
633  ---O                                                                      (3 = 33.3%) {66.7%}
752  ... 

Histogram: Net.QuicSession.IncorrectConnectionIDsReceived recorded 9 samples, mean = 0.0 (flags = 0x41)
0  ---------O                                                                (9 = 100.0%)
1  ... 

Histogram: Net.QuicSession.InitialRttEsitmateSource recorded 9 samples, mean = 0.9 (flags = 0x41)
0  -O                                                                        (1 = 11.1%)
1  --------O                                                                 (8 = 88.9%) {11.1%}
2  ... 

Histogram: Net.QuicSession.KeyUpdate.PerConnection2 recorded 9 samples, mean = 0.0 (flags = 0x41)
0  ---------O                                                                (9 = 100.0%)
1  ... 

Histogram: Net.QuicSession.KeyUpdate.PotentialPeerKeyUpdateAttemptCount recorded 9 samples, mean = 0.0 (flags = 0x41)
0  ---------O                                                                (9 = 100.0%)
1  ... 

Histogram: Net.QuicSession.MaxConsecutiveRtoWithForwardProgress recorded 9 samples, mean = 0.7 (flags = 0x41)
0  ---O                                                                      (3 = 33.3%)
1  ------O                                                                   (6 = 66.7%) {33.3%}
2  ... 

Histogram: Net.QuicSession.MinRTT recorded 9 samples, mean = 8.3 (flags = 0x41)
0   ... 
6   -O                                                                        (1 = 11.1%) {0.0%}
7   O                                                                         (0 = 0.0%) {11.1%}
8   -------O                                                                  (7 = 77.8%) {11.1%}
10  -O                                                                        (1 = 11.1%) {88.9%}
12  ... 

Histogram: Net.QuicSession.MtuProbesSent recorded 9 samples, mean = 0.0 (flags = 0x41)
0  ---------O                                                                (9 = 100.0%)
1  ... 

Histogram: Net.QuicSession.NumDefaultPathDegrading recorded 9 samples, mean = 0.0 (flags = 0x41)
0  ---------O                                                                (9 = 100.0%)
1  ... 

Histogram: Net.QuicSession.NumMigrations recorded 9 samples, mean = 0.0 (flags = 0x41)
0  ---------O                                                                (9 = 100.0%)
1  ... 

Histogram: Net.QuicSession.NumOpenStreams recorded 10 samples, mean = 1.0 (flags = 0x41)
0  O                                                                         (0 = 0.0%)
1  ----------O                                                               (10 = 100.0%) {0.0%}
2  ... 

Histogram: Net.QuicSession.NumPingsSent recorded 9 samples, mean = 5.0 (flags = 0x41)
0   ---O                                                                      (3 = 33.3%)
1   ----O                                                                     (4 = 44.4%) {33.3%}
2   ... 
20  --O                                                                       (2 = 22.2%) {77.8%}
23  ... 

Histogram: Net.QuicSession.NumQueuedPacketsBeforeWrite recorded 310 samples, mean = 0.0 (flags = 0x41)
0  ------------------------------------------------------------------------O (310 = 100.0%)
1  ... 

Histogram: Net.QuicSession.NumTotalStreams recorded 9 samples, mean = 1.1 (flags = 0x41)
0  -O                                                                        (1 = 11.1%)
1  -------O                                                                  (7 = 77.8%) {11.1%}
2  O                                                                         (0 = 0.0%) {88.9%}
3  -O                                                                        (1 = 11.1%) {88.9%}
4  ... 

Histogram: Net.QuicSession.OutOfOrderGapReceived recorded 4 samples, mean = 18.0 (flags = 0x41)
0   O                                                                         (0 = 0.0%)
1   --O                                                                       (2 = 50.0%) {0.0%}
2   ... 
28  --O                                                                       (2 = 50.0%) {50.0%}
37  ... 

Histogram: Net.QuicSession.OutOfOrderLargePacketsReceived recorded 9 samples, mean = 0.2 (flags = 0x41)
0  -------O                                                                  (7 = 77.8%)
1  --O                                                                       (2 = 22.2%) {77.8%}
2  ... 

Histogram: Net.QuicSession.OutOfOrderPacketsReceived recorded 9 samples, mean = 0.4 (flags = 0x41)
0  -----O                                                                    (5 = 55.6%)
1  ----O                                                                     (4 = 44.4%) {55.6%}
2  ... 

Histogram: Net.QuicSession.PacketGapReceived recorded 17 samples, mean = 2.3 (flags = 0x41)
0  O                                                                         (0 = 0.0%)
1  -------O                                                                  (7 = 41.2%) {0.0%}
2  O                                                                         (0 = 0.0%) {41.2%}
3  --------O                                                                 (8 = 47.1%) {41.2%}
4  --O                                                                       (2 = 11.8%) {88.2%}
5  ... 

Histogram: Net.QuicSession.PacketGapReceivedNearPing recorded 45 samples, mean = 1.8 (flags = 0x41)
0  O                                                                         (0 = 0.0%)
1  ---------------------------------O                                        (33 = 73.3%) {0.0%}
2  --O                                                                       (2 = 4.4%) {73.3%}
3  O                                                                         (0 = 0.0%) {77.8%}
4  --------O                                                                 (8 = 17.8%) {77.8%}
5  --O                                                                       (2 = 4.4%) {95.6%}
7  ... 

Histogram: Net.QuicSession.PacketLossRate_CONNECTION_WIFI recorded 4 samples, mean = 56.2 (flags = 0x41)
0    ... 
10   -O                                                                        (1 = 25.0%) {0.0%}
11   ... 
20   -O                                                                        (1 = 25.0%) {25.0%}
22   ... 
82   -O                                                                        (1 = 25.0%) {50.0%}
88   ... 
102  -O                                                                        (1 = 25.0%) {75.0%}
110  ... 

Histogram: Net.QuicSession.PacketWriteTime.Synchronous recorded 203 samples, mean = 0.0 (flags = 0x41)
0  ------------------------------------------------------------------------O (203 = 100.0%)
1  ... 

Histogram: Net.QuicSession.PacketsBeforeEcnTransition recorded 9 samples, mean = 0.0 (flags = 0x41)
0  ---------O                                                                (9 = 100.0%)
1  ... 

Histogram: Net.QuicSession.PreferAesGcm recorded 2 samples, mean = 1.0 (flags = 0x41)
0  O                                                                         (0 = 0.0%)
1  --O                                                                       (2 = 100.0%) {0.0%}
2  O                                                                         (0 = 0.0%) {100.0%}

Histogram: Net.QuicSession.Qpack.HeaderListCountWhenBlockedStreamLimited recorded 6 samples, mean = 1.5 (flags = 0x41)
0  O                                                                         (0 = 0.0%)
1  ----O                                                                     (4 = 66.7%) {0.0%}
2  -O                                                                        (1 = 16.7%) {66.7%}
3  -O                                                                        (1 = 16.7%) {83.3%}
4  ... 

Histogram: Net.QuicSession.Qpack.HeaderListCountWhenInsertionNotBlocked recorded 10 samples, mean = 1.3 (flags = 0x41)
0  O                                                                         (0 = 0.0%)
1  --------O                                                                 (8 = 80.0%) {0.0%}
2  -O                                                                        (1 = 10.0%) {80.0%}
3  -O                                                                        (1 = 10.0%) {90.0%}
4  ... 

Histogram: Net.QuicSession.Qpack.HeaderListCountWhenNotBlockedStreamLimited recorded 4 samples, mean = 1.0 (flags = 0x41)
0  O                                                                         (0 = 0.0%)
1  ----O                                                                     (4 = 100.0%) {0.0%}
2  ... 

Histogram: Net.QuicSession.QuicVersion recorded 9 samples (flags = 0x41)
80  ---------O                                                                (9 = 100.0%)

Histogram: Net.QuicSession.ReceivedSettings.BlockedStreams recorded 5 samples, mean = 100.0 (flags = 0x41)
0   ... 
95  -----O                                                                    (5 = 100.0%) {0.0%}
107 ... 

Histogram: Net.QuicSession.ReceivedSettings.CountPlusOne recorded 9 samples, mean = 5.2 (flags = 0x41)
0  ... 
3  ----O                                                                     (4 = 44.4%) {0.0%}
4  ... 
7  -----O                                                                    (5 = 55.6%) {44.4%}
8  ... 

Histogram: Net.QuicSession.ReceivedSettings.MaxHeaderListSize2 recorded 9 samples, mean = 94663.1 (flags = 0x41)
0       ... 
63662   -----O                                                                    (5 = 55.6%) {0.0%}
83848   O                                                                         (0 = 0.0%) {55.6%}
110434  ----O                                                                     (4 = 44.4%) {55.6%}
145450  ... 

Histogram: Net.QuicSession.ReceivedSettings.MaxTableCapacity2 recorded 5 samples, mean = 65536.0 (flags = 0x41)
0      ... 
63662  -----O                                                                    (5 = 100.0%) {0.0%}
83848  ... 

Histogram: Net.QuicSession.ReceivedSettings.ReservedCountPlusOne recorded 9 samples, mean = 2.0 (flags = 0x41)
0  ... 
2  ---------O                                                                (9 = 100.0%) {0.0%}
3  ... 

Histogram: Net.QuicSession.RstStreamErrorCodeServer recorded 4 samples (flags = 0x41)
20  ----O                                                                     (4 = 100.0%)

Histogram: Net.QuicSession.SendPacketSize.0RTT recorded 5 samples, mean = 273.4 (flags = 0x41)
0    ... 
77   ---O                                                                      (3 = 60.0%) {0.0%}
87   ... 
524  --O                                                                       (2 = 40.0%) {60.0%}
595  ... 

Histogram: Net.QuicSession.SendPacketSize.ForwardSecure recorded 112 samples, mean = 103.7 (flags = 0x41)
0     ... 
32    --------------O                                                           (14 = 12.5%) {0.0%}
36    ---O                                                                      (3 = 2.7%) {12.5%}
41    ------------------------------------------------------------------------O (74 = 66.1%) {15.2%}
47    ------O                                                                   (6 = 5.4%) {81.2%}
53    ... 
68    --O                                                                       (2 = 1.8%) {86.6%}
77    ----O                                                                     (4 = 3.6%) {88.4%}
87    ... 
128   -O                                                                        (1 = 0.9%) {92.0%}
145   ... 
406   -O                                                                        (1 = 0.9%) {92.9%}
461   O                                                                         (0 = 0.0%) {93.7%}
524   -O                                                                        (1 = 0.9%) {93.7%}
595   -O                                                                        (1 = 0.9%) {94.6%}
676   -O                                                                        (1 = 0.9%) {95.5%}
768   ... 
991   -O                                                                        (1 = 0.9%) {96.4%}
1126  ---O                                                                      (3 = 2.7%) {97.3%}
1279  ... 

Histogram: Net.QuicSession.SendPacketSize.Handshake recorded 23 samples, mean = 59.2 (flags = 0x41)
0   ... 
36  -------O                                                                  (7 = 30.4%) {0.0%}
41  O                                                                         (0 = 0.0%) {30.4%}
47  -------O                                                                  (7 = 30.4%) {30.4%}
53  ... 
68  --O                                                                       (2 = 8.7%) {60.9%}
77  -----O                                                                    (5 = 21.7%) {69.6%}
87  --O                                                                       (2 = 8.7%) {91.3%}
99  ... 

Histogram: Net.QuicSession.SendPacketSize.Initial recorded 69 samples, mean = 345.5 (flags = 0x41)
0     ... 
41    --O                                                                       (2 = 2.9%) {0.0%}
47    ---O                                                                      (3 = 4.3%) {2.9%}
53    -O                                                                        (1 = 1.4%) {7.2%}
60    ... 
99    ----------------------O                                                   (22 = 31.9%) {8.7%}
113   ---------------------O                                                    (21 = 30.4%) {40.6%}
128   ... 
165   -O                                                                        (1 = 1.4%) {71.0%}
188   O                                                                         (0 = 0.0%) {72.5%}
214   -O                                                                        (1 = 1.4%) {72.5%}
243   ... 
524   -O                                                                        (1 = 1.4%) {73.9%}
595   -----O                                                                    (5 = 7.2%) {75.4%}
676   ... 
872   -O                                                                        (1 = 1.4%) {82.6%}
991   O                                                                         (0 = 0.0%) {84.1%}
1126  -----------O                                                              (11 = 15.9%) {84.1%}
1279  ... 

Histogram: Net.QuicSession.ServerSideMtu recorded 9 samples (flags = 0x41)
1200  ----O                                                                     (4 = 44.4%)
1230  -----O                                                                    (5 = 55.6%)

Histogram: Net.QuicSession.SmoothedRTT recorded 9 samples, mean = 11.0 (flags = 0x41)
0   ... 
8   ----O                                                                     (4 = 44.4%) {0.0%}
10  --O                                                                       (2 = 22.2%) {44.4%}
12  -O                                                                        (1 = 11.1%) {66.7%}
14  --O                                                                       (2 = 22.2%) {77.8%}
17  ... 

Histogram: Net.QuicSession.StopSendingErrorCodeClient recorded 4 samples (flags = 0x41)
20  ----O                                                                     (4 = 100.0%)

Histogram: Net.QuicSession.StreamFlowControlBlocked recorded 86 samples, mean = 1.0 (flags = 0x41)
0  O                                                                         (0 = 0.0%)
1  ------------------------------------------------------------------------O (86 = 100.0%) {0.0%}
2  O                                                                         (0 = 0.0%) {100.0%}

Histogram: Net.QuicSession.StreamFrameDuplicatedShortConnection recorded 8 samples, mean = 0.0 (flags = 0x41)
0  --------O                                                                 (8 = 100.0%)
1  ... 

Histogram: Net.QuicSession.TimeFromResolveHostToConfirmConnection recorded 9 samples, mean = 379.8 (flags = 0x41)
0    ... 
14   --O                                                                       (2 = 22.2%) {0.0%}
17   ... 
24   -O                                                                        (1 = 11.1%) {22.2%}
29   ... 
68   -O                                                                        (1 = 11.1%) {33.3%}
81   ... 
226  -O                                                                        (1 = 11.1%) {44.4%}
268  ... 
633  ---O                                                                      (3 = 33.3%) {55.6%}
752  O                                                                         (0 = 0.0%) {88.9%}
894  -O                                                                        (1 = 11.1%) {88.9%}
1062 ... 

Histogram: Net.QuicSession.TooManyOpenStreams recorded 10 samples, mean = 0.0 (flags = 0x41)
0  ----------O                                                               (10 = 100.0%)
1  ... 

Histogram: Net.QuicSession.TooSmallInitialSentPacket recorded 58 samples, mean = 1023.7 (flags = 0x41)
0     ... 
271   -O                                                                        (1 = 1.7%) {0.0%}
307   ... 
505   -O                                                                        (1 = 1.7%) {1.7%}
571   -----O                                                                    (5 = 8.6%) {3.4%}
646   ... 
936   --O                                                                       (2 = 3.4%) {12.1%}
1060  -------------------------------------------------O                        (49 = 84.5%) {15.5%}
1200  O                                                                         (0 = 0.0%) {100.0%}

Histogram: Net.QuicSession.UndecryptablePacketsReceived recorded 9 samples, mean = 3.4 (flags = 0x41)
0   -----O                                                                    (5 = 55.6%)
1   ... 
3   --O                                                                       (2 = 22.2%) {55.6%}
4   ... 
12  --O                                                                       (2 = 22.2%) {77.8%}
16  ... 

Histogram: Net.QuicSession.UndecryptablePacketsReceivedWithDecrypter recorded 9 samples, mean = 0.0 (flags = 0x41)
0  ---------O                                                                (9 = 100.0%)
1  ... 

Histogram: Net.QuicSession.VerifyProofTime recorded 9 samples, mean = 247.6 (flags = 0x41)
0    --O                                                                       (2 = 22.2%)
1    ... 
12   -O                                                                        (1 = 11.1%) {22.2%}
14   -O                                                                        (1 = 11.1%) {33.3%}
17   ... 
40   -O                                                                        (1 = 11.1%) {44.4%}
48   ... 
190  -O                                                                        (1 = 11.1%) {55.6%}
226  ... 
633  ---O                                                                      (3 = 33.3%) {66.7%}
752  ... 

Histogram: Net.QuicSession.VerifyProofTime.google recorded 1 samples, mean = 649.0 (flags = 0x41)
0    ... 
633  -O                                                                        (1 = 100.0%) {0.0%}
752  ... 

Histogram: Net.QuicSession.ZeroRttReason recorded 9 samples, mean = 4.0 (flags = 0x41)
0  ... 
2  ---O                                                                      (3 = 33.3%) {0.0%}
3  ... 
5  ------O                                                                   (6 = 66.7%) {33.3%}
6  ... 

Histogram: Net.QuicSession.ZeroRttReasonGoogle recorded 5 samples, mean = 3.8 (flags = 0x41)
0  ... 
2  --O                                                                       (2 = 40.0%) {0.0%}
3  ... 
5  ---O                                                                      (3 = 60.0%) {40.0%}
6  ... 

Histogram: Net.QuicSession.ZeroRttReasonNonGoogle recorded 4 samples, mean = 4.2 (flags = 0x41)
0  ... 
2  -O                                                                        (1 = 25.0%) {0.0%}
3  ... 
5  ---O                                                                      (3 = 75.0%) {25.0%}
6  ... 

Histogram: Net.QuicSession.ZeroRttState recorded 9 samples, mean = 1.3 (flags = 0x41)
0  ---O                                                                      (3 = 33.3%)
1  O                                                                         (0 = 0.0%) {33.3%}
2  ------O                                                                   (6 = 66.7%) {33.3%}
3  O                                                                         (0 = 0.0%) {100.0%}

Histogram: Net.RestrictedCookieManager.SiteForCookiesOK recorded 1 samples, mean = 1.0 (flags = 0x41)
0  O                                                                         (0 = 0.0%)
1  -O                                                                        (1 = 100.0%) {0.0%}
2  O                                                                         (0 = 0.0%) {100.0%}

Histogram: Net.RestrictedCookieManager.TopFrameOriginOK recorded 1 samples, mean = 1.0 (flags = 0x41)
0  O                                                                         (0 = 0.0%)
1  -O                                                                        (1 = 100.0%) {0.0%}
2  O                                                                         (0 = 0.0%) {100.0%}

Histogram: Net.SSLHandshakeDetails recorded 11 samples, mean = 6.3 (flags = 0x41)
0  ... 
6  --------O                                                                 (8 = 72.7%) {0.0%}
7  ---O                                                                      (3 = 27.3%) {72.7%}
8  ... 

Histogram: Net.SSLNegotiatedAlpnProtocol recorded 11 samples, mean = 2.0 (flags = 0x41)
0  ... 
2  -----------O                                                              (11 = 100.0%) {0.0%}
3  ... 

Histogram: Net.SSLRenegotiationInfoSupported recorded 11 samples, mean = 1.0 (flags = 0x41)
0  O                                                                         (0 = 0.0%)
1  -----------O                                                              (11 = 100.0%) {0.0%}
2  O                                                                         (0 = 0.0%) {100.0%}

Histogram: Net.SSLSignatureAlgorithm recorded 11 samples (flags = 0x41)
1027  --------O                                                                 (8 = 72.7%)
2052  ---O                                                                      (3 = 27.3%)

Histogram: Net.SSLVersion recorded 11 samples, mean = 6.0 (flags = 0x41)
0  ... 
6  -----------O                                                              (11 = 100.0%) {0.0%}
7  ... 

Histogram: Net.SSL_CipherSuite recorded 11 samples (flags = 0x41)
4865  ------O                                                                   (6 = 54.5%)
4866  -----O                                                                    (5 = 45.5%)

Histogram: Net.SSL_Connection_Error recorded 11 samples (flags = 0x41)
0  -----------O                                                              (11 = 100.0%)

Histogram: Net.SSL_Connection_Latency_2 recorded 11 samples, mean = 297.0 (flags = 0x41)
0    ... 
21   -O                                                                        (1 = 9.1%) {0.0%}
23   -O                                                                        (1 = 9.1%) {9.1%}
25   -O                                                                        (1 = 9.1%) {18.2%}
28   ... 
38   -O                                                                        (1 = 9.1%) {27.3%}
42   ... 
83   -O                                                                        (1 = 9.1%) {36.4%}
92   ... 
221  -O                                                                        (1 = 9.1%) {45.5%}
244  ... 
328  -O                                                                        (1 = 9.1%) {54.5%}
362  ... 
590  ----O                                                                     (4 = 36.4%) {63.6%}
651  ... 

Histogram: Net.SSL_KeyExchange.ECDHE recorded 11 samples (flags = 0x41)
29     ----------O                                                               (10 = 90.9%)
25497  -O                                                                        (1 = 9.1%)

Histogram: Net.SharedDictionaryStorageOnDisk.IsMetadataReadyOnFirstUse recorded 1 samples, mean = 1.0 (flags = 0x41)
0  O                                                                         (0 = 0.0%)
1  -O                                                                        (1 = 100.0%) {0.0%}
2  O                                                                         (0 = 0.0%) {100.0%}

Histogram: Net.SharedDictionaryStorageOnDisk.MetadataReadTime.Empty recorded 1 samples, mean = 0.0 (flags = 0x41)
0  -O                                                                        (1 = 100.0%)
1  ... 

Histogram: Net.SharedDictionaryStore.DeleteExpiredDictionaries.Error recorded 2 samples, mean = 0.0 (flags = 0x41)
0  --O                                                                       (2 = 100.0%)
1  ... 

Histogram: Net.SharedDictionaryStore.GetDictionaries.Error recorded 1 samples, mean = 0.0 (flags = 0x41)
0  -O                                                                        (1 = 100.0%)
1  ... 

Histogram: Net.SharedDictionaryStore.ProcessEviction.Error recorded 1 samples, mean = 0.0 (flags = 0x41)
0  -O                                                                        (1 = 100.0%)
1  ... 

Histogram: Net.SpdyFrameStreamAndSessionFlowControlState recorded 1 samples, mean = 0.0 (flags = 0x41)
0  -O                                                                        (1 = 100.0%)
1  ... 

Histogram: Net.SpdyHeadersCompressionPercentage recorded 6 samples, mean = 43.8 (flags = 0x41)
0   ... 
34  --O                                                                       (2 = 33.3%) {0.0%}
35  -O                                                                        (1 = 16.7%) {33.3%}
36  ... 
41  --O                                                                       (2 = 33.3%) {50.0%}
42  ... 
78  -O                                                                        (1 = 16.7%) {83.3%}
79  ... 

Histogram: Net.SpdyResponseCode recorded 6 samples (flags = 0x41)
200  --O                                                                       (2 = 33.3%)
204  -O                                                                        (1 = 16.7%)
302  -O                                                                        (1 = 16.7%)
304  -O                                                                        (1 = 16.7%)
400  -O                                                                        (1 = 16.7%)

Histogram: Net.SpdySession.AcceptChForOrigin recorded 6 samples, mean = 0.3 (flags = 0x41)
0  ----O                                                                     (4 = 66.7%)
1  --O                                                                       (2 = 33.3%) {66.7%}
2  O                                                                         (0 = 0.0%) {100.0%}

Histogram: Net.SpdySession.AlpsAcceptChEntries recorded 2 samples, mean = 1.0 (flags = 0x41)
0  O                                                                         (0 = 0.0%)
1  --O                                                                       (2 = 100.0%) {0.0%}
2  ... 

Histogram: Net.SpdySession.AlpsDecoderStatus recorded 2 samples, mean = 0.0 (flags = 0x41)
0  --O                                                                       (2 = 100.0%)
1  ... 

Histogram: Net.SpdySession.AlpsDecoderStatus.Bypassed recorded 2 samples, mean = 0.0 (flags = 0x41)
0  --O                                                                       (2 = 100.0%)
1  ... 

Histogram: Net.SpdySession.AlpsSettingParameterCount recorded 2 samples, mean = 0.0 (flags = 0x41)
0  --O                                                                       (2 = 100.0%)
1  ... 

Histogram: Net.SpdySession.ClosedOnError recorded 5 samples (flags = 0x41)
0  -----O                                                                    (5 = 100.0%)

Histogram: Net.SpdySession.CreateStreamWithSocketConnected recorded 6 samples, mean = 1.0 (flags = 0x41)
0  O                                                                         (0 = 0.0%)
1  ------O                                                                   (6 = 100.0%) {0.0%}
2  O                                                                         (0 = 0.0%) {100.0%}

Histogram: Net.SpdySession.GoAwayReceived recorded 2 samples (flags = 0x41)
0  --O                                                                       (2 = 100.0%)

Histogram: Net.SpdySession.OnSettings.ActiveStreamCount2 recorded 5 samples, mean = 1.0 (flags = 0x41)
0  O                                                                         (0 = 0.0%)
1  -----O                                                                    (5 = 100.0%) {0.0%}
2  ... 

Histogram: Net.SpdySession.OnSettings.CreatedAndActiveStreamCount2 recorded 5 samples, mean = 1.0 (flags = 0x41)
0  O                                                                         (0 = 0.0%)
1  -----O                                                                    (5 = 100.0%) {0.0%}
2  ... 

Histogram: Net.SpdySession.OnSettings.CreatedStreamCount2 recorded 5 samples, mean = 0.0 (flags = 0x41)
0  -----O                                                                    (5 = 100.0%)
1  ... 

Histogram: Net.SpdySession.OnSettings.PendingStreamCount2 recorded 5 samples, mean = 0.0 (flags = 0x41)
0  -----O                                                                    (5 = 100.0%)
1  ... 

Histogram: Net.SpdySession.ServerSupportsWebSocket recorded 5 samples, mean = 0.0 (flags = 0x41)
0  -----O                                                                    (5 = 100.0%)
1  ... 

Histogram: Net.SpdySessionGet recorded 6 samples, mean = 2.7 (flags = 0x41)
0  O                                                                         (0 = 0.0%)
1  -O                                                                        (1 = 16.7%) {0.0%}
2  O                                                                         (0 = 0.0%) {16.7%}
3  -----O                                                                    (5 = 83.3%) {16.7%}
4  O                                                                         (0 = 0.0%) {100.0%}

Histogram: Net.SpdyStreamsAbandonedPerSession recorded 5 samples, mean = 0.0 (flags = 0x41)
0  -----O                                                                    (5 = 100.0%)
1  ... 

Histogram: Net.SpdyStreamsPerSession recorded 5 samples, mean = 1.2 (flags = 0x41)
0  O                                                                         (0 = 0.0%)
1  ----O                                                                     (4 = 80.0%) {0.0%}
2  -O                                                                        (1 = 20.0%) {80.0%}
3  ... 

Histogram: Net.TCP_Connection_Latency recorded 11 samples, mean = 23.5 (flags = 0x41)
0   ... 
8   ---O                                                                      (3 = 27.3%) {0.0%}
9   -O                                                                        (1 = 9.1%) {27.3%}
10  --O                                                                       (2 = 18.2%) {36.4%}
11  ---O                                                                      (3 = 27.3%) {54.5%}
12  ... 
78  --O                                                                       (2 = 18.2%) {81.8%}
88  ... 

Histogram: Net.TcpConnectAttempt.Latency.Success recorded 11 samples, mean = 23.5 (flags = 0x41)
0   ----O                                                                     (4 = 36.4%)
10  -----O                                                                    (5 = 45.5%) {36.4%}
12  ... 
75  --O                                                                       (2 = 18.2%) {81.8%}
92  ... 

Histogram: Net.UDPSocketWinClose recorded 154 samples, mean = 0.0 (flags = 0x41)
0  ------------------------------------------------------------------------O (154 = 100.0%)
1  ... 

Histogram: Net.URLLoaderThrottle.OnReceiveResponseTime recorded 46 samples, mean = 0.1 (flags = 0x41)
0  ---------------------------------------------O                            (45 = 97.8%)
1  ... 
5  -O                                                                        (1 = 2.2%) {97.8%}
6  ... 

Histogram: Net.URLLoaderThrottleExecutionTime.BeforeWillProcessResponse recorded 233 samples, mean = 0.0 (flags = 0x41)
0  ------------------------------------------------------------------------O (233 = 100.0%)
1  ... 

Histogram: Net.URLLoaderThrottleExecutionTime.WillProcessResponse recorded 233 samples, mean = 0.0 (flags = 0x41)
0  ------------------------------------------------------------------------O (233 = 100.0%)
1  ... 

Histogram: Net.URLLoaderThrottleExecutionTime.WillRedirectRequest recorded 16 samples, mean = 0.0 (flags = 0x41)
0  ----------------O                                                         (16 = 100.0%)
1  ... 

Histogram: Net.URLLoaderThrottleExecutionTime.WillStartRequest recorded 233 samples, mean = 0.0 (flags = 0x41)
0  ------------------------------------------------------------------------O (233 = 100.0%)
1  ... 

Histogram: Net.URLRequest.ReferrerHasInformativePath.CrossOrigin recorded 46 samples, mean = 0.0 (flags = 0x41)
0  ----------------------------------------------O                           (46 = 100.0%)
1  ... 

Histogram: Net.URLRequest.ReferrerHasInformativePath.SameOrigin recorded 8 samples, mean = 1.0 (flags = 0x41)
0  O                                                                         (0 = 0.0%)
1  --------O                                                                 (8 = 100.0%) {0.0%}
2  O                                                                         (0 = 0.0%) {100.0%}

Histogram: Net.URLRequest.ReferrerPolicyForRequest.CrossOrigin recorded 46 samples, mean = 1.3 (flags = 0x41)
0  O                                                                         (0 = 0.0%)
1  ----------------------------------------O                                 (40 = 87.0%) {0.0%}
2  O                                                                         (0 = 0.0%) {87.0%}
3  ------O                                                                   (6 = 13.0%) {87.0%}
4  ... 

Histogram: Net.URLRequest.ReferrerPolicyForRequest.SameOrigin recorded 8 samples, mean = 1.0 (flags = 0x41)
0  O                                                                         (0 = 0.0%)
1  --------O                                                                 (8 = 100.0%) {0.0%}
2  ... 

Histogram: Network.Mdns.Googlecast recorded 3 samples, mean = 0.0 (flags = 0x41)
0  ---O                                                                      (3 = 100.0%)
1  ... 

Histogram: NetworkService.DeletedOldCacheData recorded 1 samples, mean = 0.0 (flags = 0x41)
0  -O                                                                        (1 = 100.0%)
1  ... 

Histogram: NetworkService.GrantSandboxResult recorded 3 samples, mean = 9.0 (flags = 0x41)
0   ... 
7   -O                                                                        (1 = 33.3%) {0.0%}
8   ... 
10  --O                                                                       (2 = 66.7%) {33.3%}
11  ... 

Histogram: NetworkService.NetworkLoaderCompletionTime2.DiskCache recorded 39 samples, mean = 22.7 (flags = 0x41)
0    O                                                                         (0 = 0.0%)
1    ---O                                                                      (3 = 7.7%) {0.0%}
2    -----O                                                                    (5 = 12.8%) {7.7%}
3    --O                                                                       (2 = 5.1%) {20.5%}
4    O                                                                         (0 = 0.0%) {25.6%}
5    ------O                                                                   (6 = 15.4%) {25.6%}
6    ---O                                                                      (3 = 7.7%) {41.0%}
7    ----O                                                                     (4 = 10.3%) {48.7%}
8    ------O                                                                   (6 = 15.4%) {59.0%}
10   ------O                                                                   (6 = 15.4%) {74.4%}
12   --O                                                                       (2 = 5.1%) {89.7%}
14   ... 
268  -O                                                                        (1 = 2.6%) {94.9%}
318  -O                                                                        (1 = 2.6%) {97.4%}
378  ... 

Histogram: NetworkService.NetworkLoaderCompletionTime2.Network recorded 13 samples, mean = 407.3 (flags = 0x41)
0     ... 
48    -O                                                                        (1 = 7.7%) {0.0%}
57    ... 
81    -O                                                                        (1 = 7.7%) {7.7%}
96    O                                                                         (0 = 0.0%) {15.4%}
114   --O                                                                       (2 = 15.4%) {15.4%}
135   -O                                                                        (1 = 7.7%) {30.8%}
160   -O                                                                        (1 = 7.7%) {38.5%}
190   O                                                                         (0 = 0.0%) {46.2%}
226   -O                                                                        (1 = 7.7%) {46.2%}
268   ... 
378   -O                                                                        (1 = 7.7%) {53.8%}
449   ... 
633   ----O                                                                     (4 = 30.8%) {61.5%}
752   ... 
1062  -O                                                                        (1 = 7.7%) {92.3%}
1262  ... 

Histogram: NetworkService.TimeToGrantCacheAccess recorded 1 samples, mean = 2.0 (flags = 0x41)
0  ... 
2  -O                                                                        (1 = 100.0%) {0.0%}
3  ... 

Histogram: NetworkService.TimeToGrantDataAccess recorded 2 samples, mean = 1.0 (flags = 0x41)
0  O                                                                         (0 = 0.0%)
1  --O                                                                       (2 = 100.0%) {0.0%}
2  ... 

Histogram: NetworkService.TimeToGrantSharedDictionaryAccess recorded 1 samples, mean = 1.0 (flags = 0x41)
0  O                                                                         (0 = 0.0%)
1  -O                                                                        (1 = 100.0%) {0.0%}
2  ... 

Histogram: NetworkedProfile.Check recorded 1 samples, mean = 4.0 (flags = 0x41)
0  ... 
4  -O                                                                        (1 = 100.0%) {0.0%}
5  ... 

Histogram: NewTabPage.MostVisited.DeciScore.0.Local recorded 1 samples, mean = 269.0 (flags = 0x41)
0    ... 
258  -O                                                                        (1 = 100.0%) {0.0%}
340  ... 

Histogram: NewTabPage.MostVisited.DeciScore.1.Local recorded 1 samples, mean = 269.0 (flags = 0x41)
0    ... 
258  -O                                                                        (1 = 100.0%) {0.0%}
340  ... 

Histogram: Notifications.UsingSystemNotificationCenter recorded 1 samples, mean = 0.0 (flags = 0x41)
0  -O                                                                        (1 = 100.0%)
1  ... 

Histogram: Notifications.Windows.GetDisplayedStatus recorded 1 samples, mean = 0.0 (flags = 0x41)
0  -O                                                                        (1 = 100.0%)
1  ... 

Histogram: Notifications.Windows.GetSettingStatusStartup recorded 1 samples, mean = 1.0 (flags = 0x41)
0  O                                                                         (0 = 0.0%)
1  -O                                                                        (1 = 100.0%) {0.0%}
2  O                                                                         (0 = 0.0%) {100.0%}

Histogram: Notifications.Windows.HistoryStatus recorded 1 samples, mean = 0.0 (flags = 0x41)
0  -O                                                                        (1 = 100.0%)
1  ... 

Histogram: Notifications.Windows.SetReadyCallbackStatus2 recorded 1 samples, mean = 3.0 (flags = 0x41)
0  ... 
3  -O                                                                        (1 = 100.0%) {0.0%}
4  ... 

Histogram: Notifications.Windows.StartMenuShortcutStatus recorded 1 samples, mean = 2.0 (flags = 0x41)
0  ... 
2  -O                                                                        (1 = 100.0%) {0.0%}
3  ... 

Histogram: OSCrypt.AppBoundEncryption.SupportLevel recorded 1 samples, mean = 4.0 (flags = 0x41)
0  ... 
4  -O                                                                        (1 = 100.0%) {0.0%}
5  ... 

Histogram: OSCrypt.AppBoundProvider.KeyRetrieval.Status recorded 1 samples, mean = 1.0 (flags = 0x41)
0  O                                                                         (0 = 0.0%)
1  -O                                                                        (1 = 100.0%) {0.0%}
2  ... 

Histogram: OSCrypt.AsyncInitialization.Result recorded 1 samples, mean = 1.0 (flags = 0x41)
0  O                                                                         (0 = 0.0%)
1  -O                                                                        (1 = 100.0%) {0.0%}
2  O                                                                         (0 = 0.0%) {100.0%}

Histogram: OSCrypt.AsyncInitialization.Time recorded 1 samples, mean = 0.0 (flags = 0x41)
0  -O                                                                        (1 = 100.0%)
1  ... 

Histogram: OSCrypt.DPAPIProvider.Status recorded 1 samples, mean = 0.0 (flags = 0x41)
0  -O                                                                        (1 = 100.0%)
1  ... 

Histogram: OSCrypt.Win.Decrypt.Result recorded 1 samples, mean = 1.0 (flags = 0x41)
0  O                                                                         (0 = 0.0%)
1  -O                                                                        (1 = 100.0%) {0.0%}
2  O                                                                         (0 = 0.0%) {100.0%}

Histogram: OSCrypt.Win.Decrypt.Time recorded 1 samples, mean = 0.0 (flags = 0x41)
0  -O                                                                        (1 = 100.0%)
1  ... 

Histogram: Omnibox.TemplateUrl.RlzPresent recorded 199 samples, mean = 0.0 (flags = 0x41)
0  ------------------------------------------------------------------------O (199 = 100.0%)
1  ... 

Histogram: Omnibox.TemplateUrl.SearchClientPresent recorded 199 samples, mean = 0.0 (flags = 0x41)
0  ------------------------------------------------------------------------O (199 = 100.0%)
1  ... 

Histogram: OptimizationGuide.ApplyDecision.AboutThisSite recorded 1 samples, mean = 8.0 (flags = 0x41)
0  ... 
8  -O                                                                        (1 = 100.0%) {0.0%}
9  ... 

Histogram: OptimizationGuide.ApplyDecision.HistoryClusters recorded 4 samples, mean = 3.0 (flags = 0x41)
0  ... 
3  ----O                                                                     (4 = 100.0%) {0.0%}
4  ... 

Histogram: OptimizationGuide.ApplyDecision.V8CompileHints recorded 1 samples, mean = 8.0 (flags = 0x41)
0  ... 
8  -O                                                                        (1 = 100.0%) {0.0%}
9  ... 

Histogram: OptimizationGuide.HintCacheLevelDBStore.Status recorded 3 samples, mean = 1.3 (flags = 0x41)
0  -O                                                                        (1 = 33.3%)
1  -O                                                                        (1 = 33.3%) {33.3%}
2  O                                                                         (0 = 0.0%) {66.7%}
3  -O                                                                        (1 = 33.3%) {66.7%}
4  O                                                                         (0 = 0.0%) {100.0%}

Histogram: OptimizationGuide.HintsManager.HintCacheInitialized recorded 1 samples, mean = 1.0 (flags = 0x40)
0  O                                                                         (0 = 0.0%)
1  -O                                                                        (1 = 100.0%) {0.0%}
2  O                                                                         (0 = 0.0%) {100.0%}

Histogram: OptimizationGuide.LoadedHint.Result recorded 4 samples, mean = 0.0 (flags = 0x40)
0  ----O                                                                     (4 = 100.0%)
1  ... 

Histogram: OptimizationGuide.ModelExecution.FeatureCurrentlyEnabledResult.Compose recorded 1 samples, mean = 1.0 (flags = 0x41)
0  O                                                                         (0 = 0.0%)
1  -O                                                                        (1 = 100.0%) {0.0%}
2  ... 

Histogram: OptimizationGuide.ModelExecution.FeatureCurrentlyEnabledResult.HistorySearch recorded 2 samples, mean = 3.0 (flags = 0x41)
0  ... 
3  --O                                                                       (2 = 100.0%) {0.0%}
4  ... 

Histogram: OptimizationGuide.ModelExecution.FeatureCurrentlyEnabledResult.TabOrganization recorded 1 samples, mean = 3.0 (flags = 0x41)
0  ... 
3  -O                                                                        (1 = 100.0%) {0.0%}
4  ... 

Histogram: OptimizationGuide.ModelExecution.FeatureCurrentlyEnabledResult.WallpaperSearch recorded 1 samples, mean = 1.0 (flags = 0x41)
0  O                                                                         (0 = 0.0%)
1  -O                                                                        (1 = 100.0%) {0.0%}
2  ... 

Histogram: OptimizationGuide.ModelExecution.FeatureEnabledAtStartup.Compose recorded 1 samples, mean = 0.0 (flags = 0x41)
0  -O                                                                        (1 = 100.0%)
1  ... 

Histogram: OptimizationGuide.ModelExecution.FeatureEnabledAtStartup.HistorySearch recorded 1 samples, mean = 0.0 (flags = 0x41)
0  -O                                                                        (1 = 100.0%)
1  ... 

Histogram: OptimizationGuide.ModelExecution.FeatureEnabledAtStartup.TabOrganization recorded 1 samples, mean = 0.0 (flags = 0x41)
0  -O                                                                        (1 = 100.0%)
1  ... 

Histogram: OptimizationGuide.ModelExecution.FeatureEnabledAtStartup.WallpaperSearch recorded 1 samples, mean = 0.0 (flags = 0x41)
0  -O                                                                        (1 = 100.0%)
1  ... 

Histogram: OptimizationGuide.ModelExecution.OnDeviceModelInstallCriteria.AtRegistration.All recorded 1 samples, mean = 0.0 (flags = 0x41)
0  -O                                                                        (1 = 100.0%)
1  ... 

Histogram: OptimizationGuide.ModelExecution.OnDeviceModelInstallCriteria.AtRegistration.DeviceCapability recorded 1 samples, mean = 0.0 (flags = 0x41)
0  -O                                                                        (1 = 100.0%)
1  ... 

Histogram: OptimizationGuide.ModelExecution.OnDeviceModelInstallCriteria.AtRegistration.DiskSpace recorded 1 samples, mean = 1.0 (flags = 0x41)
0  O                                                                         (0 = 0.0%)
1  -O                                                                        (1 = 100.0%) {0.0%}
2  O                                                                         (0 = 0.0%) {100.0%}

Histogram: OptimizationGuide.ModelExecution.OnDeviceModelInstallCriteria.AtRegistration.EnabledByEnterprisePolicy recorded 1 samples, mean = 1.0 (flags = 0x41)
0  O                                                                         (0 = 0.0%)
1  -O                                                                        (1 = 100.0%) {0.0%}
2  O                                                                         (0 = 0.0%) {100.0%}

Histogram: OptimizationGuide.ModelExecution.OnDeviceModelInstallCriteria.AtRegistration.EnabledByFeature recorded 1 samples, mean = 0.0 (flags = 0x41)
0  -O                                                                        (1 = 100.0%)
1  ... 

Histogram: OptimizationGuide.ModelExecution.OnDeviceModelInstallCriteria.AtRegistration.FeatureUse recorded 1 samples, mean = 0.0 (flags = 0x41)
0  -O                                                                        (1 = 100.0%)
1  ... 

Histogram: OptimizationGuide.ModelExecutor.ExecutionStatus.PageVisibility recorded 4 samples, mean = 3.0 (flags = 0x41)
0  ... 
3  ----O                                                                     (4 = 100.0%) {0.0%}
4  ... 

Histogram: OptimizationGuide.ModelExecutor.ModelAvailableToLoad.PageVisibility recorded 4 samples, mean = 0.0 (flags = 0x41)
0  ----O                                                                     (4 = 100.0%)
1  ... 

Histogram: OptimizationGuide.ModelExecutor.TaskExecutionLatency.PageVisibility recorded 4 samples, mean = 333.0 (flags = 0x41)
0    ... 
280  ----O                                                                     (4 = 100.0%) {0.0%}
356  ... 

Histogram: OptimizationGuide.ModelExecutor.TaskSchedulingLatency.PageVisibility recorded 4 samples, mean = 0.0 (flags = 0x41)
0  ----O                                                                     (4 = 100.0%)
1  ... 

Histogram: OptimizationGuide.ModelHandler.HandlerCreated.GeolocationPermissions recorded 1 samples, mean = 1.0 (flags = 0x41)
0  O                                                                         (0 = 0.0%)
1  -O                                                                        (1 = 100.0%) {0.0%}
2  O                                                                         (0 = 0.0%) {100.0%}

Histogram: OptimizationGuide.ModelHandler.HandlerCreated.NewTabPageHistoryClustersModuleRanking recorded 1 samples, mean = 1.0 (flags = 0x41)
0  O                                                                         (0 = 0.0%)
1  -O                                                                        (1 = 100.0%) {0.0%}
2  O                                                                         (0 = 0.0%) {100.0%}

Histogram: OptimizationGuide.ModelHandler.HandlerCreated.NotificationPermissions recorded 1 samples, mean = 1.0 (flags = 0x41)
0  O                                                                         (0 = 0.0%)
1  -O                                                                        (1 = 100.0%) {0.0%}
2  O                                                                         (0 = 0.0%) {100.0%}

Histogram: OptimizationGuide.ModelHandler.HandlerCreated.OmniboxUrlScoring recorded 1 samples, mean = 1.0 (flags = 0x41)
0  O                                                                         (0 = 0.0%)
1  -O                                                                        (1 = 100.0%) {0.0%}
2  O                                                                         (0 = 0.0%) {100.0%}

Histogram: OptimizationGuide.ModelHandler.HandlerCreated.PageTopicsV2 recorded 1 samples, mean = 1.0 (flags = 0x41)
0  O                                                                         (0 = 0.0%)
1  -O                                                                        (1 = 100.0%) {0.0%}
2  O                                                                         (0 = 0.0%) {100.0%}

Histogram: OptimizationGuide.ModelHandler.HandlerCreated.PageVisibility recorded 1 samples, mean = 1.0 (flags = 0x41)
0  O                                                                         (0 = 0.0%)
1  -O                                                                        (1 = 100.0%) {0.0%}
2  O                                                                         (0 = 0.0%) {100.0%}

Histogram: OptimizationGuide.OptimizationFilterStatus.HistoryClusters recorded 2 samples, mean = 0.5 (flags = 0x41)
0  -O                                                                        (1 = 50.0%)
1  -O                                                                        (1 = 50.0%) {50.0%}
2  ... 

Histogram: OptimizationGuide.OptimizationFilterStatus.ShoppingPagePredictor recorded 2 samples, mean = 0.5 (flags = 0x41)
0  -O                                                                        (1 = 50.0%)
1  -O                                                                        (1 = 50.0%) {50.0%}
2  ... 

Histogram: OptimizationGuide.OptimizationHintsComponent.MajorVersion2 recorded 1 samples (flags = 0x41)
671  -O                                                                        (1 = 100.0%)

Histogram: OptimizationGuide.PageContentAnnotations.AnnotateVisitResultCached recorded 4 samples, mean = 0.0 (flags = 0x41)
0  ----O                                                                     (4 = 100.0%)
1  ... 

Histogram: OptimizationGuide.PageContentAnnotations.BatchRequestedSize.ContentVisibility recorded 1 samples, mean = 4.0 (flags = 0x41)
0  ... 
4  -O                                                                        (1 = 100.0%) {0.0%}
5  ... 

Histogram: OptimizationGuide.PageContentAnnotations.BatchSuccess.ContentVisibility recorded 1 samples, mean = 0.0 (flags = 0x41)
0  -O                                                                        (1 = 100.0%)
1  ... 

Histogram: OptimizationGuide.PageContentAnnotations.JobExecutionTime.ContentVisibility recorded 1 samples, mean = 333.0 (flags = 0x41)
0    ... 
280  -O                                                                        (1 = 100.0%) {0.0%}
356  ... 

Histogram: OptimizationGuide.PageContentAnnotations.JobScheduleTime.ContentVisibility recorded 1 samples, mean = 0.0 (flags = 0x41)
0  -O                                                                        (1 = 100.0%)
1  ... 

Histogram: OptimizationGuide.PageContentAnnotationsService.ContentAnnotated recorded 4 samples, mean = 0.0 (flags = 0x41)
0  ----O                                                                     (4 = 100.0%)
1  ... 

Histogram: OptimizationGuide.PredictionManager.DownloadServiceAvailabilityBlockedFetch recorded 1 samples, mean = 1.0 (flags = 0x41)
0  O                                                                         (0 = 0.0%)
1  -O                                                                        (1 = 100.0%) {0.0%}
2  O                                                                         (0 = 0.0%) {100.0%}

Histogram: OptimizationGuide.PredictionManager.FirstModelFetchSinceServiceInit recorded 1 samples, mean = 9992.0 (flags = 0x41)
0     ... 
8000  -O                                                                        (1 = 100.0%) {0.0%}
10165 ... 

Histogram: OptimizationGuide.PredictionManager.ModelAvailableAtRegistration.ClientSidePhishing recorded 1 samples, mean = 0.0 (flags = 0x41)
0  -O                                                                        (1 = 100.0%)
1  ... 

Histogram: OptimizationGuide.PredictionManager.ModelAvailableAtRegistration.GeolocationPermissions recorded 1 samples, mean = 0.0 (flags = 0x41)
0  -O                                                                        (1 = 100.0%)
1  ... 

Histogram: OptimizationGuide.PredictionManager.ModelAvailableAtRegistration.LanguageDetection recorded 2 samples, mean = 0.0 (flags = 0x41)
0  --O                                                                       (2 = 100.0%)
1  ... 

Histogram: OptimizationGuide.PredictionManager.ModelAvailableAtRegistration.NewTabPageHistoryClustersModuleRanking recorded 1 samples, mean = 0.0 (flags = 0x41)
0  -O                                                                        (1 = 100.0%)
1  ... 

Histogram: OptimizationGuide.PredictionManager.ModelAvailableAtRegistration.NotificationPermissions recorded 1 samples, mean = 0.0 (flags = 0x41)
0  -O                                                                        (1 = 100.0%)
1  ... 

Histogram: OptimizationGuide.PredictionManager.ModelAvailableAtRegistration.OmniboxUrlScoring recorded 1 samples, mean = 0.0 (flags = 0x41)
0  -O                                                                        (1 = 100.0%)
1  ... 

Histogram: OptimizationGuide.PredictionManager.ModelAvailableAtRegistration.PageTopicsV2 recorded 1 samples, mean = 0.0 (flags = 0x41)
0  -O                                                                        (1 = 100.0%)
1  ... 

Histogram: OptimizationGuide.PredictionManager.ModelAvailableAtRegistration.PageVisibility recorded 1 samples, mean = 0.0 (flags = 0x41)
0  -O                                                                        (1 = 100.0%)
1  ... 

Histogram: OptimizationGuide.PredictionManager.ModelAvailableAtRegistration.TextSafety recorded 1 samples, mean = 0.0 (flags = 0x41)
0  -O                                                                        (1 = 100.0%)
1  ... 

Histogram: OptimizationGuide.PredictionManager.ModelAvailableAtRegistration.VisualSearchClassification recorded 1 samples, mean = 0.0 (flags = 0x41)
0  -O                                                                        (1 = 100.0%)
1  ... 

Histogram: OptimizationGuide.PredictionManager.ModelDeliveryEvents.ClientSidePhishing recorded 1 samples, mean = 7.0 (flags = 0x41)
0  ... 
7  -O                                                                        (1 = 100.0%) {0.0%}
8  ... 

Histogram: OptimizationGuide.PredictionManager.ModelDeliveryEvents.GeolocationPermissions recorded 1 samples, mean = 7.0 (flags = 0x41)
0  ... 
7  -O                                                                        (1 = 100.0%) {0.0%}
8  ... 

Histogram: OptimizationGuide.PredictionManager.ModelDeliveryEvents.LanguageDetection recorded 1 samples, mean = 7.0 (flags = 0x41)
0  ... 
7  -O                                                                        (1 = 100.0%) {0.0%}
8  ... 

Histogram: OptimizationGuide.PredictionManager.ModelDeliveryEvents.NewTabPageHistoryClustersModuleRanking recorded 1 samples, mean = 7.0 (flags = 0x41)
0  ... 
7  -O                                                                        (1 = 100.0%) {0.0%}
8  ... 

Histogram: OptimizationGuide.PredictionManager.ModelDeliveryEvents.NotificationPermissions recorded 1 samples, mean = 7.0 (flags = 0x41)
0  ... 
7  -O                                                                        (1 = 100.0%) {0.0%}
8  ... 

Histogram: OptimizationGuide.PredictionManager.ModelDeliveryEvents.OmniboxUrlScoring recorded 1 samples, mean = 7.0 (flags = 0x41)
0  ... 
7  -O                                                                        (1 = 100.0%) {0.0%}
8  ... 

Histogram: OptimizationGuide.PredictionManager.ModelDeliveryEvents.PageTopicsV2 recorded 1 samples, mean = 7.0 (flags = 0x41)
0  ... 
7  -O                                                                        (1 = 100.0%) {0.0%}
8  ... 

Histogram: OptimizationGuide.PredictionManager.ModelDeliveryEvents.PageVisibility recorded 1 samples, mean = 7.0 (flags = 0x41)
0  ... 
7  -O                                                                        (1 = 100.0%) {0.0%}
8  ... 

Histogram: OptimizationGuide.PredictionManager.ModelDeliveryEvents.TextSafety recorded 1 samples, mean = 7.0 (flags = 0x41)
0  ... 
7  -O                                                                        (1 = 100.0%) {0.0%}
8  ... 

Histogram: OptimizationGuide.PredictionManager.ModelDeliveryEvents.VisualSearchClassification recorded 1 samples, mean = 7.0 (flags = 0x41)
0  ... 
7  -O                                                                        (1 = 100.0%) {0.0%}
8  ... 

Histogram: OptimizationGuide.PredictionManager.RegistrationTimeSinceServiceInit.ClientSidePhishing recorded 1 samples, mean = 0.0 (flags = 0x41)
0  -O                                                                        (1 = 100.0%)
1  ... 

Histogram: OptimizationGuide.PredictionManager.RegistrationTimeSinceServiceInit.GeolocationPermissions recorded 1 samples, mean = 0.0 (flags = 0x41)
0  -O                                                                        (1 = 100.0%)
1  ... 

Histogram: OptimizationGuide.PredictionManager.RegistrationTimeSinceServiceInit.LanguageDetection recorded 2 samples, mean = 4.0 (flags = 0x41)
0  -O                                                                        (1 = 50.0%)
1  ... 
8  -O                                                                        (1 = 50.0%) {50.0%}
10 ... 

Histogram: OptimizationGuide.PredictionManager.RegistrationTimeSinceServiceInit.NewTabPageHistoryClustersModuleRanking recorded 1 samples, mean = 0.0 (flags = 0x41)
0  -O                                                                        (1 = 100.0%)
1  ... 

Histogram: OptimizationGuide.PredictionManager.RegistrationTimeSinceServiceInit.NotificationPermissions recorded 1 samples, mean = 0.0 (flags = 0x41)
0  -O                                                                        (1 = 100.0%)
1  ... 

Histogram: OptimizationGuide.PredictionManager.RegistrationTimeSinceServiceInit.OmniboxUrlScoring recorded 1 samples, mean = 0.0 (flags = 0x41)
0  -O                                                                        (1 = 100.0%)
1  ... 

Histogram: OptimizationGuide.PredictionManager.RegistrationTimeSinceServiceInit.PageTopicsV2 recorded 1 samples, mean = 0.0 (flags = 0x41)
0  -O                                                                        (1 = 100.0%)
1  ... 

Histogram: OptimizationGuide.PredictionManager.RegistrationTimeSinceServiceInit.PageVisibility recorded 1 samples, mean = 0.0 (flags = 0x41)
0  -O                                                                        (1 = 100.0%)
1  ... 

Histogram: OptimizationGuide.PredictionManager.RegistrationTimeSinceServiceInit.TextSafety recorded 1 samples, mean = 0.0 (flags = 0x41)
0  -O                                                                        (1 = 100.0%)
1  ... 

Histogram: OptimizationGuide.PredictionManager.RegistrationTimeSinceServiceInit.VisualSearchClassification recorded 1 samples, mean = 0.0 (flags = 0x41)
0  -O                                                                        (1 = 100.0%)
1  ... 

Histogram: OptimizationGuide.PredictionManager.StoreInitialized recorded 1 samples, mean = 1.0 (flags = 0x40)
0  O                                                                         (0 = 0.0%)
1  -O                                                                        (1 = 100.0%) {0.0%}
2  O                                                                         (0 = 0.0%) {100.0%}

Histogram: OptimizationGuide.PredictionManager.SupportedModelEngineVersion recorded 1 samples, mean = 18.0 (flags = 0x40)
0   ... 
18  -O                                                                        (1 = 100.0%) {0.0%}
19  ... 

Histogram: OptimizationGuide.ProcessHintsResult recorded 1 samples, mean = 5.0 (flags = 0x41)
0  ... 
5  -O                                                                        (1 = 100.0%) {0.0%}
6  ... 

Histogram: OptimizationGuide.ProcessingComponentAtShutdown recorded 1 samples, mean = 0.0 (flags = 0x41)
0  -O                                                                        (1 = 100.0%)
1  ... 

Histogram: OptimizationGuide.RemoteFetchingEnabled recorded 1 samples, mean = 0.0 (flags = 0x41)
0  -O                                                                        (1 = 100.0%)
1  ... 

Histogram: OptimizationGuide.UpdateComponentHints.Result recorded 1 samples, mean = 0.0 (flags = 0x40)
0  -O                                                                        (1 = 100.0%)
1  ... 

Histogram: OriginTrials.PersistentOriginTrial.LevelDbInitSuccess recorded 1 samples, mean = 0.0 (flags = 0x41)
0  -O                                                                        (1 = 100.0%)
1  ... 

Histogram: PageActionController.ExtensionsWithPageActions recorded 1 samples, mean = 0.0 (flags = 0x41)
0  -O                                                                        (1 = 100.0%)
1  ... 

Histogram: PageContentAnnotations.AnnotateVisit.AnnotationRequestQueued recorded 4 samples, mean = 1.0 (flags = 0x40)
0  O                                                                         (0 = 0.0%)
1  ----O                                                                     (4 = 100.0%) {0.0%}
2  O                                                                         (0 = 0.0%) {100.0%}

Histogram: PageContentAnnotations.AnnotateVisit.AnnotationRequested recorded 4 samples, mean = 1.0 (flags = 0x40)
0  O                                                                         (0 = 0.0%)
1  ----O                                                                     (4 = 100.0%) {0.0%}
2  O                                                                         (0 = 0.0%) {100.0%}

Histogram: PageContentAnnotations.AnnotateVisit.BatchAnnotationStarted recorded 1 samples, mean = 1.0 (flags = 0x40)
0  O                                                                         (0 = 0.0%)
1  -O                                                                        (1 = 100.0%) {0.0%}
2  O                                                                         (0 = 0.0%) {100.0%}

Histogram: PageLoad.Clients.Ads.AllPages.NonAdNetworkBytes recorded 1 samples, mean = 120.0 (flags = 0x41)
0    ... 
108  -O                                                                        (1 = 100.0%) {0.0%}
141  ... 

Histogram: PageLoad.Clients.Ads.AllPages.PercentNetworkBytesAds recorded 1 samples, mean = 0.0 (flags = 0x41)
0  -O                                                                        (1 = 100.0%)
1  ... 

Histogram: PageLoad.Clients.Ads.AllPages.PercentTotalBytesAds recorded 1 samples, mean = 0.0 (flags = 0x41)
0  -O                                                                        (1 = 100.0%)
1  ... 

Histogram: PageLoad.Clients.Ads.AverageViewportAdDensity recorded 1 samples, mean = 0.0 (flags = 0x41)
0  -O                                                                        (1 = 100.0%)
1  ... 

Histogram: PageLoad.Clients.Ads.FrameCounts.AdFrames.Total recorded 1 samples, mean = 0.0 (flags = 0x41)
0  -O                                                                        (1 = 100.0%)
1  ... 

Histogram: PageLoad.Clients.Ads.NonVisible.FrameCounts.AdFrames.Total recorded 1 samples, mean = 0.0 (flags = 0x41)
0  -O                                                                        (1 = 100.0%)
1  ... 

Histogram: PageLoad.Clients.Ads.Visible.FrameCounts.AdFrames.Total recorded 1 samples, mean = 0.0 (flags = 0x41)
0  -O                                                                        (1 = 100.0%)
1  ... 

Histogram: PageLoad.Clients.CrossOrigin.LayoutInstability.CumulativeShiftScore recorded 1 samples, mean = 0.0 (flags = 0x41)
0  -O                                                                        (1 = 100.0%)
1  ... 

Histogram: PageLoad.Clients.CrossOrigin.LayoutInstability.CumulativeShiftScore.MainFrame recorded 1 samples, mean = 0.0 (flags = 0x41)
0  -O                                                                        (1 = 100.0%)
1  ... 

Histogram: PageLoad.Clients.Leakage2.AbandonReasonAt.LoaderStart recorded 1 samples, mean = 10.0 (flags = 0x41)
0   ... 
10  -O                                                                        (1 = 100.0%) {0.0%}
11  ... 

Histogram: PageLoad.Clients.Leakage2.LastMilestoneBeforeAbandon.NewReloadNavigation recorded 1 samples, mean = 1.0 (flags = 0x41)
0  O                                                                         (0 = 0.0%)
1  -O                                                                        (1 = 100.0%) {0.0%}
2  ... 

Histogram: PageLoad.Clients.Leakage2.LoaderStartToAbandon.NewReloadNavigation recorded 1 samples, mean = 1684.0 (flags = 0x41)
0     ... 
1553  -O                                                                        (1 = 100.0%) {0.0%}
1738  ... 

Histogram: PageLoad.Clients.Leakage2.NavigationStart recorded 2 samples, mean = 2179.5 (flags = 0x41)
0     ... 
1553  -O                                                                        (1 = 50.0%) {0.0%}
1738  ... 
2435  -O                                                                        (1 = 50.0%) {50.0%}
2725  ... 

Histogram: PageLoad.Clients.Leakage2.NavigationStartToCommitReceived recorded 1 samples, mean = 2333.0 (flags = 0x41)
0     ... 
2176  -O                                                                        (1 = 100.0%) {0.0%}
2435  ... 

Histogram: PageLoad.Clients.Leakage2.NavigationStartToCommitSent recorded 1 samples, mean = 2330.0 (flags = 0x41)
0     ... 
2176  -O                                                                        (1 = 100.0%) {0.0%}
2435  ... 

Histogram: PageLoad.Clients.Leakage2.NavigationStartToDOMContentLoaded recorded 1 samples, mean = 2739.0 (flags = 0x41)
0     ... 
2725  -O                                                                        (1 = 100.0%) {0.0%}
3049  ... 

Histogram: PageLoad.Clients.Leakage2.NavigationStartToDidCommit recorded 1 samples, mean = 2661.0 (flags = 0x41)
0     ... 
2435  -O                                                                        (1 = 100.0%) {0.0%}
2725  ... 

Histogram: PageLoad.Clients.Leakage2.NavigationStartToFirstRedirectResponseLoaderCallback recorded 1 samples, mean = 1954.0 (flags = 0x41)
0     ... 
1945  -O                                                                        (1 = 100.0%) {0.0%}
2176  ... 

Histogram: PageLoad.Clients.Leakage2.NavigationStartToFirstRedirectResponseStart recorded 1 samples, mean = 1916.0 (flags = 0x41)
0     ... 
1738  -O                                                                        (1 = 100.0%) {0.0%}
1945  ... 

Histogram: PageLoad.Clients.Leakage2.NavigationStartToFirstRedirectedRequestStart recorded 1 samples, mean = 1916.0 (flags = 0x41)
0     ... 
1738  -O                                                                        (1 = 100.0%) {0.0%}
1945  ... 

Histogram: PageLoad.Clients.Leakage2.NavigationStartToLoadStarted recorded 1 samples, mean = 3808.0 (flags = 0x41)
0     ... 
3412  -O                                                                        (1 = 100.0%) {0.0%}
3818  ... 

Histogram: PageLoad.Clients.Leakage2.NavigationStartToLoaderStart recorded 2 samples, mean = 833.5 (flags = 0x41)
0     ... 
13    -O                                                                        (1 = 50.0%) {0.0%}
15    ... 
1553  -O                                                                        (1 = 50.0%) {50.0%}
1738  ... 

Histogram: PageLoad.Clients.Leakage2.NavigationStartToNonRedirectResponseLoaderCallback recorded 1 samples, mean = 2325.0 (flags = 0x41)
0     ... 
2176  -O                                                                        (1 = 100.0%) {0.0%}
2435  ... 

Histogram: PageLoad.Clients.Leakage2.NavigationStartToNonRedirectResponseStart recorded 1 samples, mean = 2147.0 (flags = 0x41)
0     ... 
1945  -O                                                                        (1 = 100.0%) {0.0%}
2176  ... 

Histogram: PageLoad.Clients.Leakage2.NavigationStartToNonRedirectedRequestStart recorded 1 samples, mean = 1986.0 (flags = 0x41)
0     ... 
1945  -O                                                                        (1 = 100.0%) {0.0%}
2176  ... 

Histogram: PageLoad.Clients.Leakage2.NavigationStartToParseStart recorded 1 samples, mean = 2335.0 (flags = 0x41)
0     ... 
2176  -O                                                                        (1 = 100.0%) {0.0%}
2435  ... 

Histogram: PageLoad.Clients.Leakage2.RendererProcessCreatedBeforeNav recorded 1 samples, mean = 1.0 (flags = 0x41)
0  O                                                                         (0 = 0.0%)
1  -O                                                                        (1 = 100.0%) {0.0%}
2  O                                                                         (0 = 0.0%) {100.0%}

Histogram: PageLoad.Clients.LinkPreview.Usage recorded 1 samples, mean = 0.0 (flags = 0x41)
0  -O                                                                        (1 = 100.0%)
1  ... 

Histogram: PageLoad.Clients.MultiTabLoading.WithTabCount_0.DocumentTiming.NavigationToDOMContentLoadedEventFired recorded 1 samples, mean = 2739.0 (flags = 0x41)
0     ... 
2725  -O                                                                        (1 = 100.0%) {0.0%}
3049  ... 

Histogram: PageLoad.Clients.MultiTabLoading.WithTabCount_0.DocumentTiming.NavigationToLoadEventFired recorded 1 samples, mean = 3808.0 (flags = 0x41)
0     ... 
3412  -O                                                                        (1 = 100.0%) {0.0%}
3818  ... 

Histogram: PageLoad.Clients.MultiTabLoading.With_0_OtherLoading.DocumentTiming.NavigationToDOMContentLoadedEventFired recorded 1 samples, mean = 2739.0 (flags = 0x41)
0     ... 
2725  -O                                                                        (1 = 100.0%) {0.0%}
3049  ... 

Histogram: PageLoad.Clients.MultiTabLoading.With_0_OtherLoading.DocumentTiming.NavigationToLoadEventFired recorded 1 samples, mean = 3808.0 (flags = 0x41)
0     ... 
3412  -O                                                                        (1 = 100.0%) {0.0%}
3818  ... 

Histogram: PageLoad.Clients.PerformanceManager.LoadedIdleWithoutLCP recorded 1 samples, mean = 5151.0 (flags = 0x41)
0     ... 
4955  -O                                                                        (1 = 100.0%) {0.0%}
6296  ... 

Histogram: PageLoad.Clients.PerformanceManager.LoadedIdleWithoutLCP.Foreground recorded 1 samples, mean = 5151.0 (flags = 0x41)
0     ... 
4955  -O                                                                        (1 = 100.0%) {0.0%}
6296  ... 

Histogram: PageLoad.Clients.Protocol.QUIC.DocumentTiming.NavigationToDOMContentLoadedEventFired recorded 1 samples, mean = 2739.0 (flags = 0x41)
0     ... 
2725  -O                                                                        (1 = 100.0%) {0.0%}
3049  ... 

Histogram: PageLoad.Clients.Protocol.QUIC.DocumentTiming.NavigationToLoadEventFired recorded 1 samples, mean = 3808.0 (flags = 0x41)
0     ... 
3412  -O                                                                        (1 = 100.0%) {0.0%}
3818  ... 

Histogram: PageLoad.Clients.Protocol.QUIC.ParseTiming.NavigationToParseStart recorded 1 samples, mean = 2335.0 (flags = 0x41)
0     ... 
2176  -O                                                                        (1 = 100.0%) {0.0%}
2435  ... 

Histogram: PageLoad.Clients.Scheme.HTTPS.ParseTiming.NavigationToParseStart recorded 1 samples, mean = 2335.0 (flags = 0x41)
0     ... 
2176  -O                                                                        (1 = 100.0%) {0.0%}
2435  ... 

Histogram: PageLoad.Clients.SubresourceLoading.DaysSinceLastVisitToOrigin recorded 1 samples, mean = 0.0 (flags = 0x40)
0  -O                                                                        (1 = 100.0%)
1  ... 

Histogram: PageLoad.Clients.SubresourceLoading.HasPreviousVisitToOrigin recorded 1 samples, mean = 1.0 (flags = 0x40)
0  O                                                                         (0 = 0.0%)
1  -O                                                                        (1 = 100.0%) {0.0%}
2  O                                                                         (0 = 0.0%) {100.0%}

Histogram: PageLoad.Clients.TPCD.CookieAccess.ThirdPartyCookieAllowMechanism3 recorded 1 samples, mean = 2.0 (flags = 0x41)
0  ... 
2  -O                                                                        (1 = 100.0%) {0.0%}
3  ... 

Histogram: PageLoad.Clients.TPCD.TPCAccess.CookieReadStatus2 recorded 1 samples, mean = 1.0 (flags = 0x41)
0  O                                                                         (0 = 0.0%)
1  -O                                                                        (1 = 100.0%) {0.0%}
2  ... 

Histogram: PageLoad.Clients.TPCD.ThirdPartyCookieAccessBlockedByExperiment2 recorded 1 samples, mean = 0.0 (flags = 0x41)
0  -O                                                                        (1 = 100.0%)
1  ... 

Histogram: PageLoad.Clients.ThirdParty.Origins.CookieRead2 recorded 1 samples, mean = 1.0 (flags = 0x41)
0  O                                                                         (0 = 0.0%)
1  -O                                                                        (1 = 100.0%) {0.0%}
2  ... 

Histogram: PageLoad.Cpu.TotalUsage recorded 1 samples, mean = 101.0 (flags = 0x41)
0   ... 
94  -O                                                                        (1 = 100.0%) {0.0%}
105 ... 

Histogram: PageLoad.Cpu.TotalUsageForegrounded recorded 1 samples, mean = 101.0 (flags = 0x41)
0   ... 
94  -O                                                                        (1 = 100.0%) {0.0%}
105 ... 

Histogram: PageLoad.DocumentTiming.NavigationToDOMContentLoadedEventFired recorded 1 samples, mean = 2739.0 (flags = 0x41)
0     ... 
2725  -O                                                                        (1 = 100.0%) {0.0%}
3049  ... 

Histogram: PageLoad.DocumentTiming.NavigationToLoadEventFired recorded 1 samples, mean = 3808.0 (flags = 0x41)
0     ... 
3412  -O                                                                        (1 = 100.0%) {0.0%}
3818  ... 

Histogram: PageLoad.Experimental.NavigationTiming.FinalLoaderCallbackToNavigationCommitSent recorded 1 samples, mean = 5.0 (flags = 0x41)
0  -O                                                                        (1 = 100.0%)
10 ... 

Histogram: PageLoad.Experimental.NavigationTiming.FinalRequestStartToFinalResponseStart recorded 1 samples, mean = 160.0 (flags = 0x41)
0    ... 
147  -O                                                                        (1 = 100.0%) {0.0%}
164  ... 

Histogram: PageLoad.Experimental.NavigationTiming.FinalResponseStartToFinalLoaderCallback recorded 1 samples, mean = 178.0 (flags = 0x41)
0    ... 
164  -O                                                                        (1 = 100.0%) {0.0%}
184  ... 

Histogram: PageLoad.Experimental.NavigationTiming.FirstRequestStartToFirstResponseStart recorded 1 samples, mean = 0.0 (flags = 0x41)
0  -O                                                                        (1 = 100.0%)
10 ... 

Histogram: PageLoad.Experimental.NavigationTiming.FirstResponseStartToFirstLoaderCallback recorded 1 samples, mean = 38.0 (flags = 0x41)
0   ... 
38  -O                                                                        (1 = 100.0%) {0.0%}
43  ... 

Histogram: PageLoad.Experimental.NavigationTiming.NavigationStartToFinalLoaderCallback recorded 1 samples, mean = 2325.0 (flags = 0x41)
0     ... 
2176  -O                                                                        (1 = 100.0%) {0.0%}
2435  ... 

Histogram: PageLoad.Experimental.NavigationTiming.NavigationStartToFinalRequestStart recorded 1 samples, mean = 1986.0 (flags = 0x41)
0     ... 
1945  -O                                                                        (1 = 100.0%) {0.0%}
2176  ... 

Histogram: PageLoad.Experimental.NavigationTiming.NavigationStartToFinalResponseStart recorded 1 samples, mean = 2147.0 (flags = 0x41)
0     ... 
1945  -O                                                                        (1 = 100.0%) {0.0%}
2176  ... 

Histogram: PageLoad.Experimental.NavigationTiming.NavigationStartToFirstLoaderCallback recorded 1 samples, mean = 1954.0 (flags = 0x41)
0     ... 
1945  -O                                                                        (1 = 100.0%) {0.0%}
2176  ... 

Histogram: PageLoad.Experimental.NavigationTiming.NavigationStartToFirstRequestStart recorded 1 samples, mean = 1916.0 (flags = 0x41)
0     ... 
1738  -O                                                                        (1 = 100.0%) {0.0%}
1945  ... 

Histogram: PageLoad.Experimental.NavigationTiming.NavigationStartToFirstResponseStart recorded 1 samples, mean = 1916.0 (flags = 0x41)
0     ... 
1738  -O                                                                        (1 = 100.0%) {0.0%}
1945  ... 

Histogram: PageLoad.Experimental.NavigationTiming.NavigationStartToNavigationCommitSent recorded 1 samples, mean = 2330.0 (flags = 0x41)
0     ... 
2176  -O                                                                        (1 = 100.0%) {0.0%}
2435  ... 

Histogram: PageLoad.Experimental.PageTiming.CachedResourceLoadTime.font recorded 5 samples, mean = 0.6 (flags = 0x41)
0  --O                                                                       (2 = 40.0%)
1  ---O                                                                      (3 = 60.0%) {40.0%}
2  ... 

Histogram: PageLoad.Experimental.PageTiming.CachedResourceLoadTime.manifest recorded 1 samples, mean = 302.0 (flags = 0x41)
0    ... 
280  -O                                                                        (1 = 100.0%) {0.0%}
356  ... 

Histogram: PageLoad.Experimental.PageTiming.CachedResourceLoadTime.script recorded 24 samples, mean = 2.3 (flags = 0x41)
0  ---O                                                                      (3 = 12.5%)
1  -O                                                                        (1 = 4.2%) {12.5%}
2  -------------O                                                            (13 = 54.2%) {16.7%}
3  --O                                                                       (2 = 8.3%) {70.8%}
4  ---O                                                                      (3 = 12.5%) {79.2%}
5  -O                                                                        (1 = 4.2%) {91.7%}
6  -O                                                                        (1 = 4.2%) {95.8%}
8  ... 

Histogram: PageLoad.Experimental.PageTiming.CachedResourceLoadTime.style recorded 9 samples, mean = 40.3 (flags = 0x41)
0    -O                                                                        (1 = 11.1%)
1    O                                                                         (0 = 0.0%) {11.1%}
2    -------O                                                                  (7 = 77.8%) {11.1%}
3    ... 
280  -O                                                                        (1 = 11.1%) {88.9%}
356  ... 

Histogram: PageLoad.Experimental.PageTiming.CommitSentToFirstSubresourceLoadStart recorded 1 samples, mean = 332.0 (flags = 0x41)
0    ... 
322  -O                                                                        (1 = 100.0%) {0.0%}
360  ... 

Histogram: PageLoad.Experimental.PageTiming.NavigationToFirstSubresourceLoadStart recorded 1 samples, mean = 2663.0 (flags = 0x41)
0     ... 
2435  -O                                                                        (1 = 100.0%) {0.0%}
2725  ... 

Histogram: PageLoad.Experimental.PageTiming.ResourceLoadTime. recorded 4 samples, mean = 167.5 (flags = 0x41)
0    ... 
107  --O                                                                       (2 = 50.0%) {0.0%}
136  -O                                                                        (1 = 25.0%) {50.0%}
173  O                                                                         (0 = 0.0%) {75.0%}
220  -O                                                                        (1 = 25.0%) {75.0%}
280  ... 

Histogram: PageLoad.Experimental.PageTiming.ResourceLoadTime.document recorded 1 samples, mean = 160.0 (flags = 0x41)
0    ... 
136  -O                                                                        (1 = 100.0%) {0.0%}
173  ... 

Histogram: PageLoad.Experimental.PageTiming.ResourceLoadTime.image recorded 1 samples, mean = 88.0 (flags = 0x41)
0   ... 
84  -O                                                                        (1 = 100.0%) {0.0%}
107 ... 

Histogram: PageLoad.Experimental.PageTiming.ResourceLoadTime.script recorded 1 samples, mean = 1094.0 (flags = 0x41)
0    ... 
926  -O                                                                        (1 = 100.0%) {0.0%}
1177 ... 

Histogram: PageLoad.Experimental.PageVisitFinalStatus recorded 1 samples, mean = 1.0 (flags = 0x41)
0  O                                                                         (0 = 0.0%)
1  -O                                                                        (1 = 100.0%) {0.0%}
2  ... 

Histogram: PageLoad.Experimental.PageVisitType2 recorded 1 samples, mean = 6.0 (flags = 0x41)
0  ... 
6  -O                                                                        (1 = 100.0%) {0.0%}
7  ... 

Histogram: PageLoad.Experimental.PaintTiming.FirstEligibleToPaintToFirstPaint recorded 1 samples, mean = 484.0 (flags = 0x41)
0    ... 
451  -O                                                                        (1 = 100.0%) {0.0%}
505  ... 

Histogram: PageLoad.Experimental.TotalForegroundDuration recorded 1 samples, mean = 11297487.0 (flags = 0x41)
0        ... 
3600000  -O                                                                        (1 = 100.0%) {0.0%}

Histogram: PageLoad.Experimental.TotalForegroundDuration.AllVisit recorded 1 samples, mean = 11297488.0 (flags = 0x41)
0        ... 
3600000  -O                                                                        (1 = 100.0%) {0.0%}

Histogram: PageLoad.Experimental.TotalForegroundDuration.IndependentUIVisit recorded 1 samples, mean = 11297488.0 (flags = 0x41)
0        ... 
3600000  -O                                                                        (1 = 100.0%) {0.0%}

Histogram: PageLoad.Expermental.SoftNavigations.Count recorded 1 samples, mean = 0.0 (flags = 0x41)
0  -O                                                                        (1 = 100.0%)
1  ... 

Histogram: PageLoad.Internal.PageLoadTimingStatus recorded 13 samples, mean = 0.0 (flags = 0x41)
0  -------------O                                                            (13 = 100.0%)
1  ... 

Histogram: PageLoad.Internal.PageLoadTimingStatus.AtTimingCallbackDispatch recorded 3 samples, mean = 0.0 (flags = 0x41)
0  ---O                                                                      (3 = 100.0%)
1  ... 

Histogram: PageLoad.Internal.PageType recorded 2 samples, mean = 0.0 (flags = 0x41)
0  --O                                                                       (2 = 100.0%)
1  ... 

Histogram: PageLoad.Internal.SuppressedEventsBeforeMissingFirstPaint recorded 1 samples, mean = 0.0 (flags = 0x41)
0  -O                                                                        (1 = 100.0%)
1  ... 

Histogram: PageLoad.Internal.SuppressedEventsCountBeforePaint3 recorded 1 samples, mean = 0.0 (flags = 0x41)
0  -O                                                                        (1 = 100.0%)
1  ... 

Histogram: PageLoad.Internal.SuppressedEventsTimingBeforePaint3 recorded 1 samples, mean = 0.0 (flags = 0x41)
0  -O                                                                        (1 = 100.0%)
1  ... 

Histogram: PageLoad.Internal.SuppressedInteractionsCountBeforePaint3 recorded 1 samples, mean = 0.0 (flags = 0x41)
0  -O                                                                        (1 = 100.0%)
1  ... 

Histogram: PageLoad.LayoutInstability.CumulativeShiftScore recorded 1 samples, mean = 0.0 (flags = 0x41)
0  -O                                                                        (1 = 100.0%)
1  ... 

Histogram: PageLoad.LayoutInstability.CumulativeShiftScore.MainFrame recorded 1 samples, mean = 0.0 (flags = 0x41)
0  -O                                                                        (1 = 100.0%)
1  ... 

Histogram: PageLoad.LayoutInstability.MaxCumulativeShiftScore.SessionWindow.Gap1000ms.Max5000ms recorded 1 samples, mean = 0.0 (flags = 0x41)
0  -O                                                                        (1 = 100.0%)
1  ... 

Histogram: PageLoad.LayoutInstability.MaxCumulativeShiftScore.SessionWindow.Gap1000ms.Max5000ms2 recorded 1 samples, mean = 0.0 (flags = 0x41)
0  -O                                                                        (1 = 100.0%)
1  ... 

Histogram: PageLoad.PageTiming.ForegroundDuration recorded 1 samples, mean = 11297487.0 (flags = 0x41)
0        ... 
3600000  -O                                                                        (1 = 100.0%) {0.0%}

Histogram: PageLoad.PageTiming.ForegroundDuration.AfterPaint recorded 1 samples, mean = 11294265.0 (flags = 0x41)
0        ... 
3600000  -O                                                                        (1 = 100.0%) {0.0%}

Histogram: PageLoad.PageTiming.ForegroundDuration.NoCommit recorded 1 samples, mean = 45.0 (flags = 0x41)
0   ... 
41  -O                                                                        (1 = 100.0%) {0.0%}
47  ... 

Histogram: PageLoad.PageTiming.ForegroundDuration.WithPaint recorded 1 samples, mean = 11297487.0 (flags = 0x41)
0        ... 
3600000  -O                                                                        (1 = 100.0%) {0.0%}

Histogram: PageLoad.PaintTiming.NavigationToFirstPaint recorded 1 samples, mean = 3222.0 (flags = 0x41)
0     ... 
3049  -O                                                                        (1 = 100.0%) {0.0%}
3412  ... 

Histogram: PageLoad.ParseTiming.NavigationToParseStart recorded 1 samples, mean = 2335.0 (flags = 0x41)
0     ... 
2176  -O                                                                        (1 = 100.0%) {0.0%}
2435  ... 

Histogram: PageLoad.ParseTiming.NavigationToParseStart.LoadType.NewNavigation recorded 1 samples, mean = 2335.0 (flags = 0x41)
0     ... 
2176  -O                                                                        (1 = 100.0%) {0.0%}
2435  ... 

Histogram: PageLoad.ParseTiming.ParseBlockedOnScriptExecution recorded 1 samples, mean = 0.0 (flags = 0x41)
0  -O                                                                        (1 = 100.0%)
10 ... 

Histogram: PageLoad.ParseTiming.ParseBlockedOnScriptExecutionFromDocumentWrite recorded 1 samples, mean = 0.0 (flags = 0x41)
0  -O                                                                        (1 = 100.0%)
10 ... 

Histogram: PageLoad.ParseTiming.ParseBlockedOnScriptLoad recorded 1 samples, mean = 346.0 (flags = 0x41)
0    ... 
322  -O                                                                        (1 = 100.0%) {0.0%}
360  ... 

Histogram: PaintHolding.CommitTrigger2 recorded 1 samples, mean = 3.0 (flags = 0x41)
0  ... 
3  -O                                                                        (1 = 100.0%) {0.0%}
4  ... 

Histogram: PasswordManager.AccountStore.InaccessiblePasswords3 recorded 1 samples, mean = 0.0 (flags = 0x41)
0  -O                                                                        (1 = 100.0%)
1  ... 

Histogram: PasswordManager.AccountStore.LoginDatabaseEncryptionStatus recorded 1 samples, mean = 0.0 (flags = 0x41)
0  -O                                                                        (1 = 100.0%)
1  ... 

Histogram: PasswordManager.AffiliationDatabase.DatabaseSize recorded 1 samples, mean = 52.0 (flags = 0x41)
0  -O                                                                        (1 = 100.0%)
1000... 

Histogram: PasswordManager.BubbleSuppression.AccountsInStatisticsTable2 recorded 1 samples, mean = 0.0 (flags = 0x41)
0  -O                                                                        (1 = 100.0%)
1  ... 

Histogram: PasswordManager.GetAllLogins.TimeSinceInit recorded 2 samples, mean = 30005.0 (flags = 0x41)
0      ... 
26495  --O                                                                       (2 = 100.0%) {0.0%}
33665  ... 

Histogram: PasswordManager.GetAutofillableLogins.TimeSinceInit recorded 2 samples, mean = 2388.0 (flags = 0x41)
0     ... 
1901  --O                                                                       (2 = 100.0%) {0.0%}
2415  ... 

Histogram: PasswordManager.LoginDatabaseInit2 recorded 2 samples, mean = 0.0 (flags = 0x41)
0  --O                                                                       (2 = 100.0%)
1  ... 

Histogram: PasswordManager.OnEncryptorReceived.Success recorded 2 samples, mean = 1.0 (flags = 0x41)
0  O                                                                         (0 = 0.0%)
1  --O                                                                       (2 = 100.0%) {0.0%}
2  O                                                                         (0 = 0.0%) {100.0%}

Histogram: PasswordManager.PasswordStore.InitTime recorded 2 samples, mean = 1714.0 (flags = 0x41)
0     ... 
1500  --O                                                                       (2 = 100.0%) {0.0%}
1782  ... 

Histogram: PasswordManager.PasswordStoreBackend.GetAllLoginsAsync recorded 4 samples, mean = 1.0 (flags = 0x41)
0  --O                                                                       (2 = 50.0%)
1  O                                                                         (0 = 0.0%) {50.0%}
2  --O                                                                       (2 = 50.0%) {50.0%}
3  ... 

Histogram: PasswordManager.PasswordStoreBackend.GetAllLoginsAsync.Latency recorded 2 samples, mean = 0.0 (flags = 0x41)
0  --O                                                                       (2 = 100.0%)
1  ... 

Histogram: PasswordManager.PasswordStoreBackend.GetAllLoginsAsync.Success recorded 2 samples, mean = 1.0 (flags = 0x41)
0  O                                                                         (0 = 0.0%)
1  --O                                                                       (2 = 100.0%) {0.0%}
2  O                                                                         (0 = 0.0%) {100.0%}

Histogram: PasswordManager.PasswordStoreBackend.GetAutofillableLoginsAsync recorded 4 samples, mean = 1.0 (flags = 0x41)
0  --O                                                                       (2 = 50.0%)
1  O                                                                         (0 = 0.0%) {50.0%}
2  --O                                                                       (2 = 50.0%) {50.0%}
3  ... 

Histogram: PasswordManager.PasswordStoreBackend.GetAutofillableLoginsAsync.Latency recorded 2 samples, mean = 1.0 (flags = 0x41)
0  O                                                                         (0 = 0.0%)
1  --O                                                                       (2 = 100.0%) {0.0%}
2  ... 

Histogram: PasswordManager.PasswordStoreBackend.GetAutofillableLoginsAsync.Success recorded 2 samples, mean = 1.0 (flags = 0x41)
0  O                                                                         (0 = 0.0%)
1  --O                                                                       (2 = 100.0%) {0.0%}
2  O                                                                         (0 = 0.0%) {100.0%}

Histogram: PasswordManager.PasswordStoreBuiltInBackend.GetAllLoginsAsync recorded 4 samples, mean = 1.0 (flags = 0x41)
0  --O                                                                       (2 = 50.0%)
1  O                                                                         (0 = 0.0%) {50.0%}
2  --O                                                                       (2 = 50.0%) {50.0%}
3  ... 

Histogram: PasswordManager.PasswordStoreBuiltInBackend.GetAllLoginsAsync.Latency recorded 2 samples, mean = 0.0 (flags = 0x41)
0  --O                                                                       (2 = 100.0%)
1  ... 

Histogram: PasswordManager.PasswordStoreBuiltInBackend.GetAllLoginsAsync.Success recorded 2 samples, mean = 1.0 (flags = 0x41)
0  O                                                                         (0 = 0.0%)
1  --O                                                                       (2 = 100.0%) {0.0%}
2  O                                                                         (0 = 0.0%) {100.0%}

Histogram: PasswordManager.PasswordStoreBuiltInBackend.GetAutofillableLoginsAsync recorded 4 samples, mean = 1.0 (flags = 0x41)
0  --O                                                                       (2 = 50.0%)
1  O                                                                         (0 = 0.0%) {50.0%}
2  --O                                                                       (2 = 50.0%) {50.0%}
3  ... 

Histogram: PasswordManager.PasswordStoreBuiltInBackend.GetAutofillableLoginsAsync.Latency recorded 2 samples, mean = 1.0 (flags = 0x41)
0  O                                                                         (0 = 0.0%)
1  --O                                                                       (2 = 100.0%) {0.0%}
2  ... 

Histogram: PasswordManager.PasswordStoreBuiltInBackend.GetAutofillableLoginsAsync.Success recorded 2 samples, mean = 1.0 (flags = 0x41)
0  O                                                                         (0 = 0.0%)
1  --O                                                                       (2 = 100.0%) {0.0%}
2  O                                                                         (0 = 0.0%) {100.0%}

Histogram: PasswordManager.ProfileStore.InaccessiblePasswords3 recorded 1 samples, mean = 0.0 (flags = 0x41)
0  -O                                                                        (1 = 100.0%)
1  ... 

Histogram: PasswordManager.ProfileStore.LoginDatabaseEncryptionStatus recorded 1 samples, mean = 0.0 (flags = 0x41)
0  -O                                                                        (1 = 100.0%)
1  ... 

Histogram: PasswordManager.SavedGaiaPasswordHashCount2 recorded 1 samples, mean = 0.0 (flags = 0x41)
0  -O                                                                        (1 = 100.0%)
1  ... 

Histogram: PasswordManager.SyncMetadataReadError2 recorded 2 samples, mean = 0.0 (flags = 0x41)
0  --O                                                                       (2 = 100.0%)
1  ... 

Histogram: PaymentRequest.IsCanMakePaymentAllowedByPref.Startup recorded 1 samples, mean = 1.0 (flags = 0x41)
0  O                                                                         (0 = 0.0%)
1  -O                                                                        (1 = 100.0%) {0.0%}
2  O                                                                         (0 = 0.0%) {100.0%}

Histogram: PerformanceManager.LoadingNotQuiescentPageCount.All recorded 376 samples, mean = 0.0 (flags = 0x41)
0  ------------------------------------------------------------------------O (376 = 100.0%)
1  ... 

Histogram: PerformanceManager.LoadingNotQuiescentPageCount.Hidden recorded 376 samples, mean = 0.0 (flags = 0x41)
0  ------------------------------------------------------------------------O (376 = 100.0%)
1  ... 

Histogram: PerformanceManager.LoadingNotQuiescentPageCount.MixedVisibility recorded 376 samples, mean = 0.0 (flags = 0x41)
0  ------------------------------------------------------------------------O (376 = 100.0%)
1  ... 

Histogram: PerformanceManager.LoadingNotQuiescentPageCount.Visible recorded 376 samples, mean = 0.0 (flags = 0x41)
0  ------------------------------------------------------------------------O (376 = 100.0%)
1  ... 

Histogram: PerformanceManager.QuiescentPageCount recorded 376 samples, mean = 1.0 (flags = 0x41)
0  O                                                                         (0 = 0.0%)
1  ------------------------------------------------------------------------O (376 = 100.0%) {0.0%}
2  ... 

Histogram: PerformanceManager.SiteDB.DatabaseInit recorded 1 samples, mean = 0.0 (flags = 0x41)
0  -O                                                                        (1 = 100.0%)
1  ... 

Histogram: PerformanceManager.SiteDB.OnDiskSize recorded 1 samples, mean = 17.0 (flags = 0x41)
0  -O                                                                        (1 = 100.0%)
1000... 

Histogram: PerformanceManager.SiteDB.WriteCompleted.WriteSiteDataIntoStore recorded 1 samples, mean = 1.0 (flags = 0x41)
0  O                                                                         (0 = 0.0%)
1  -O                                                                        (1 = 100.0%) {0.0%}
2  O                                                                         (0 = 0.0%) {100.0%}

Histogram: PerformanceManager.SiteDB.WriteScheduled.WriteSiteDataIntoStore recorded 1 samples, mean = 1.0 (flags = 0x41)
0  O                                                                         (0 = 0.0%)
1  -O                                                                        (1 = 100.0%) {0.0%}
2  O                                                                         (0 = 0.0%) {100.0%}

Histogram: PerformanceManager.TabRevisitTracker.TimeToClose2 recorded 1 samples, mean = 11297.0 (flags = 0x41)
0      ... 
11045  -O                                                                        (1 = 100.0%) {0.0%}
11622  ... 

Histogram: PerformanceManager.UserTuning.BatterySaverModeEnabledPercent recorded 1 samples, mean = 0.0 (flags = 0x41)
0  -O                                                                        (1 = 100.0%)
1  ... 

Histogram: PerformanceManager.UserTuning.MemorySaverModeEnabledPercent recorded 1 samples, mean = 0.0 (flags = 0x41)
0  -O                                                                        (1 = 100.0%)
1  ... 

Histogram: PerformanceMonitor.AverageCPU8.BrowserProcess recorded 93 samples, mean = 1584.6 (flags = 0x41)
0      ... 
383    ----------O                                                               (10 = 10.8%) {0.0%}
462    ------------------O                                                       (18 = 19.4%) {10.8%}
558    ---------------------------------O                                        (33 = 35.5%) {30.1%}
674    -------------------------O                                                (25 = 26.9%) {65.6%}
814    ... 
1730   -O                                                                        (1 = 1.1%) {92.5%}
2088   ... 
5353   -O                                                                        (1 = 1.1%) {93.5%}
6462   -O                                                                        (1 = 1.1%) {94.6%}
7801   ... 
13724  -O                                                                        (1 = 1.1%) {95.7%}
16567  --O                                                                       (2 = 2.2%) {96.8%}
20000  -O                                                                        (1 = 1.1%) {98.9%}

Histogram: PerformanceMonitor.AverageCPU8.GPUProcess recorded 93 samples, mean = 11.4 (flags = 0x41)
0    ... 
7    ---------------O                                                          (15 = 16.1%) {0.0%}
8    --------------------------------------------------------O                 (56 = 60.2%) {16.1%}
10   ----------------O                                                         (16 = 17.2%) {76.3%}
12   -----O                                                                    (5 = 5.4%) {93.5%}
15   ... 
263  -O                                                                        (1 = 1.1%) {98.9%}
317  ... 

Histogram: PerformanceMonitor.AverageCPU8.NetworkProcess recorded 93 samples, mean = 1.4 (flags = 0x41)
0   O                                                                         (0 = 0.0%)
1   ------------------------------------------------------------------------O (82 = 88.2%) {0.0%}
2   ----O                                                                     (4 = 4.3%) {88.2%}
3   --O                                                                       (2 = 2.2%) {92.5%}
4   ---O                                                                      (3 = 3.2%) {94.6%}
5   -O                                                                        (1 = 1.1%) {97.8%}
6   ... 
15  -O                                                                        (1 = 1.1%) {98.9%}
18  ... 

Histogram: PerformanceMonitor.AverageCPU8.OtherProcess recorded 93 samples, mean = 0.0 (flags = 0x41)
0  ------------------------------------------------------------------------O (93 = 100.0%)
1  ... 

Histogram: PerformanceMonitor.AverageCPU8.RendererExtensionEventProcess recorded 93 samples, mean = 0.0 (flags = 0x41)
0  ------------------------------------------------------------------------O (93 = 100.0%)
1  ... 

Histogram: PerformanceMonitor.AverageCPU8.RendererExtensionPersistentProcess recorded 93 samples, mean = 0.0 (flags = 0x41)
0  ------------------------------------------------------------------------O (93 = 100.0%)
1  ... 

Histogram: PerformanceMonitor.AverageCPU8.RendererProcess recorded 93 samples, mean = 2.6 (flags = 0x41)
0    ------------------------------------------------------------------------O (92 = 98.9%)
1    ... 
218  -O                                                                        (1 = 1.1%) {98.9%}
263  ... 

Histogram: PerformanceMonitor.AverageCPU8.Total recorded 93 samples, mean = 1597.0 (flags = 0x41)
0      ... 
383    -----O                                                                    (5 = 5.4%) {0.0%}
462    -----------------O                                                        (17 = 18.3%) {5.4%}
558    ---------------------------------------O                                  (39 = 41.9%) {23.7%}
674    -------------------------O                                                (25 = 26.9%) {65.6%}
814    ... 
1730   -O                                                                        (1 = 1.1%) {92.5%}
2088   ... 
5353   -O                                                                        (1 = 1.1%) {93.5%}
6462   -O                                                                        (1 = 1.1%) {94.6%}
7801   ... 
13724  -O                                                                        (1 = 1.1%) {95.7%}
16567  --O                                                                       (2 = 2.2%) {96.8%}
20000  -O                                                                        (1 = 1.1%) {98.9%}

Histogram: PerformanceMonitor.AverageCPU8.Total.ZeroWindow recorded 93 samples, mean = 1597.0 (flags = 0x41)
0      ... 
383    -----O                                                                    (5 = 5.4%) {0.0%}
462    -----------------O                                                        (17 = 18.3%) {5.4%}
558    ---------------------------------------O                                  (39 = 41.9%) {23.7%}
674    -------------------------O                                                (25 = 26.9%) {65.6%}
814    ... 
1730   -O                                                                        (1 = 1.1%) {92.5%}
2088   ... 
5353   -O                                                                        (1 = 1.1%) {93.5%}
6462   -O                                                                        (1 = 1.1%) {94.6%}
7801   ... 
13724  -O                                                                        (1 = 1.1%) {95.7%}
16567  --O                                                                       (2 = 2.2%) {96.8%}
20000  -O                                                                        (1 = 1.1%) {98.9%}

Histogram: PerformanceMonitor.AverageCPU8.UtilityProcess recorded 93 samples, mean = 75.5 (flags = 0x41)
0     ------------------------------------------------------------------------O (92 = 98.9%)
1     ... 
6462  -O                                                                        (1 = 1.1%) {98.9%}
7801  ... 

Histogram: PerformanceMonitor.HasPreciseCPUUsage recorded 9 samples, mean = 1.0 (flags = 0x41)
0  O                                                                         (0 = 0.0%)
1  ---------O                                                                (9 = 100.0%) {0.0%}
2  O                                                                         (0 = 0.0%) {100.0%}

Histogram: PerformanceMonitor.UsageScenario.LongInterval recorded 93 samples, mean = 13.0 (flags = 0x41)
0   ... 
13  ------------------------------------------------------------------------O (93 = 100.0%) {0.0%}
14  ... 

Histogram: Permissions.Experimental.PrimaryMainNavigationFinished.AudioCapture.TopLevelHeaderPolicy recorded 1 samples, mean = 0.0 (flags = 0x41)
0  -O                                                                        (1 = 100.0%)
1  ... 

Histogram: Permissions.Experimental.PrimaryMainNavigationFinished.Geolocation.TopLevelHeaderPolicy recorded 1 samples, mean = 0.0 (flags = 0x41)
0  -O                                                                        (1 = 100.0%)
1  ... 

Histogram: Permissions.Experimental.PrimaryMainNavigationFinished.VideoCapture.TopLevelHeaderPolicy recorded 1 samples, mean = 0.0 (flags = 0x41)
0  -O                                                                        (1 = 100.0%)
1  ... 

Histogram: Permissions.QuietNotificationPrompts.RegularProfile.IsEnabledInPrefs recorded 1 samples, mean = 0.0 (flags = 0x41)
0  -O                                                                        (1 = 100.0%)
1  ... 

Histogram: Platform.IntelMaxMicroArchitecture recorded 1 samples, mean = 13.0 (flags = 0x41)
0   ... 
13  -O                                                                        (1 = 100.0%) {0.0%}
14  O                                                                         (0 = 0.0%) {100.0%}

Histogram: Power.BatteryDischargeMode5 recorded 188 samples, mean = 4.0 (flags = 0x41)
0  ... 
4  ------------------------------------------------------------------------O (188 = 100.0%) {0.0%}
5  ... 

Histogram: Power.BatteryDischargeMode5.Initial recorded 1 samples, mean = 4.0 (flags = 0x41)
0  ... 
4  -O                                                                        (1 = 100.0%) {0.0%}
5  ... 

Histogram: Power.BatteryDischargeMode5.Periodic recorded 187 samples, mean = 4.0 (flags = 0x41)
0  ... 
4  ------------------------------------------------------------------------O (187 = 100.0%) {0.0%}
5  ... 

Histogram: Power.BatteryDischargeMode5.TenMinutes recorded 18 samples, mean = 4.0 (flags = 0x41)
0  ... 
4  ------------------O                                                       (18 = 100.0%) {0.0%}
5  ... 

Histogram: Power.BatteryDischargeMode5.ZeroWindow recorded 188 samples, mean = 4.0 (flags = 0x41)
0  ... 
4  ------------------------------------------------------------------------O (188 = 100.0%) {0.0%}
5  ... 

Histogram: Power.BatteryDischargeMode5.ZeroWindow.Initial recorded 1 samples, mean = 4.0 (flags = 0x41)
0  ... 
4  -O                                                                        (1 = 100.0%) {0.0%}
5  ... 

Histogram: Power.BatteryDischargeMode5.ZeroWindow.Periodic recorded 187 samples, mean = 4.0 (flags = 0x41)
0  ... 
4  ------------------------------------------------------------------------O (187 = 100.0%) {0.0%}
5  ... 

Histogram: Power.HasPreciseBatteryDischargeGranularity recorded 188 samples, mean = 0.0 (flags = 0x41)
0  ------------------------------------------------------------------------O (188 = 100.0%)
1  ... 

Histogram: Prefs.JSonStore.SetValueKey recorded 25 samples (flags = 0x41)
372921139   --O                                                                       (2 = 8.0%)
852125461   --O                                                                       (2 = 8.0%)
1173120908  -O                                                                        (1 = 4.0%)
1697794008  -O                                                                        (1 = 4.0%)
1923415074  --------------O                                                           (14 = 56.0%)
1927273959  -O                                                                        (1 = 4.0%)
1936820420  --O                                                                       (2 = 8.0%)
1956100443  -O                                                                        (1 = 4.0%)
2082524502  -O                                                                        (1 = 4.0%)

Histogram: Privacy.CookieControlsSetting.RegularProfile recorded 1 samples, mean = 2.0 (flags = 0x41)
0  ... 
2  -O                                                                        (1 = 100.0%) {0.0%}
3  O                                                                         (0 = 0.0%) {100.0%}

Histogram: Privacy.DIPS.BounceCategoryServer.Block3PC recorded 1 samples, mean = 0.0 (flags = 0x41)
0  -O                                                                        (1 = 100.0%)
1  ... 

Histogram: Privacy.DIPS.ClearedSitesCount.Block3PC recorded 3 samples, mean = 0.0 (flags = 0x41)
0  ---O                                                                      (3 = 100.0%)
1  ... 

Histogram: Privacy.DIPS.DIPSErrorCodes recorded 1 samples, mean = 6.0 (flags = 0x41)
0  ... 
6  -O                                                                        (1 = 100.0%) {0.0%}
7  ... 

Histogram: Privacy.DIPS.Database.Operation.FilterSitesWithProtectiveEventTime recorded 1 samples, mean = 0.0 (flags = 0x41)
0  -O                                                                        (1 = 100.0%)
1  ... 

Histogram: Privacy.DIPS.Database.Operation.GetSitesThatBouncedWithStateTime recorded 3 samples, mean = 0.0 (flags = 0x41)
0  ---O                                                                      (3 = 100.0%)
1  ... 

Histogram: Privacy.DIPS.Database.Operation.InitTime recorded 1 samples, mean = 0.0 (flags = 0x41)
0  -O                                                                        (1 = 100.0%)
1  ... 

Histogram: Privacy.DIPS.Database.Operation.ReadPopupTime recorded 1 samples, mean = 0.0 (flags = 0x41)
0  -O                                                                        (1 = 100.0%)
1  ... 

Histogram: Privacy.DIPS.Database.Operation.ReadTime recorded 3 samples, mean = 0.0 (flags = 0x41)
0  ---O                                                                      (3 = 100.0%)
1  ... 

Histogram: Privacy.DIPS.Database.Operation.RemoveRowsTime recorded 1 samples, mean = 1.0 (flags = 0x41)
0  O                                                                         (0 = 0.0%)
1  -O                                                                        (1 = 100.0%) {0.0%}
2  ... 

Histogram: Privacy.DIPS.Database.Operation.WriteTime recorded 1 samples, mean = 2.0 (flags = 0x41)
0  ... 
2  -O                                                                        (1 = 100.0%) {0.0%}
3  ... 

Histogram: Privacy.DIPS.DatabaseEntryCount recorded 1 samples, mean = 1.0 (flags = 0x41)
0  O                                                                         (0 = 0.0%)
1  -O                                                                        (1 = 100.0%) {0.0%}
2  ... 

Histogram: Privacy.DIPS.DatabaseHealthMetricsTime recorded 1 samples, mean = 0.0 (flags = 0x41)
0  -O                                                                        (1 = 100.0%)
1  ... 

Histogram: Privacy.DIPS.DatabaseInit recorded 1 samples, mean = 1.0 (flags = 0x41)
0  O                                                                         (0 = 0.0%)
1  -O                                                                        (1 = 100.0%) {0.0%}
2  ... 

Histogram: Privacy.DIPS.DatabaseSize recorded 1 samples, mean = 36.0 (flags = 0x41)
0  -O                                                                        (1 = 100.0%)
1000... 

Histogram: Privacy.DoNotTrackSetting2 recorded 1 samples, mean = 0.0 (flags = 0x41)
0  -O                                                                        (1 = 100.0%)
1  ... 

Histogram: Privacy.ThirdPartyCookieBlockingSetting.RegularProfile recorded 1 samples, mean = 0.0 (flags = 0x41)
0  -O                                                                        (1 = 100.0%)
1  ... 

Histogram: PrivacyBudget.Identifiability.FinchConfigValidationResult recorded 1 samples, mean = 1.0 (flags = 0x41)
0  O                                                                         (0 = 0.0%)
1  -O                                                                        (1 = 100.0%) {0.0%}
2  O                                                                         (0 = 0.0%) {100.0%}

Histogram: PrivacySandbox.Attestations.EstimateMemoryUsage.AttestationsMap recorded 1 samples, mean = 24.0 (flags = 0x41)
0   ... 
24  -O                                                                        (1 = 100.0%) {0.0%}
29  ... 

Histogram: PrivacySandbox.Attestations.InitializationDuration.ComponentReadyFromApplicationStart recorded 1 samples, mean = 1760.0 (flags = 0x41)
0     ... 
1557  -O                                                                        (1 = 100.0%) {0.0%}
1797  ... 

Histogram: PrivacySandbox.Attestations.InitializationDuration.Parsing recorded 1 samples, mean = 0.0 (flags = 0x41)
0  -O                                                                        (1 = 100.0%)
1  ... 

Histogram: PrivacySandbox.Attestations.Parsing.Status recorded 1 samples, mean = 0.0 (flags = 0x41)
0  -O                                                                        (1 = 100.0%)
1  ... 

Histogram: PrivacySandbox.NoticeRequirement.IsVariationCountryEmpty recorded 3 samples, mean = 1.0 (flags = 0x41)
0  O                                                                         (0 = 0.0%)
1  ---O                                                                      (3 = 100.0%) {0.0%}
2  O                                                                         (0 = 0.0%) {100.0%}

Histogram: PrivacySandbox.NoticeRequirement.IsVariationServiceReady recorded 3 samples, mean = 1.0 (flags = 0x41)
0  O                                                                         (0 = 0.0%)
1  ---O                                                                      (3 = 100.0%) {0.0%}
2  O                                                                         (0 = 0.0%) {100.0%}

Histogram: PrivacySandbox.TrackingProtection.OnboardingStartup.State recorded 1 samples, mean = 0.0 (flags = 0x41)
0  -O                                                                        (1 = 100.0%)
1  ... 

Histogram: PrivacySandbox.TrackingProtection.SilentOnboardingStartup.State recorded 1 samples, mean = 0.0 (flags = 0x41)
0  -O                                                                        (1 = 100.0%)
1  ... 

Histogram: Profile.AppCount recorded 1 samples, mean = 0.0 (flags = 0x41)
0  -O                                                                        (1 = 100.0%)
1  ... 

Histogram: Profile.BookmarksSize recorded 1 samples, mean = 0.0 (flags = 0x41)
0  -O                                                                        (1 = 100.0%)
1  ... 

Histogram: Profile.CookiesSize recorded 1 samples, mean = 0.0 (flags = 0x41)
0  -O                                                                        (1 = 100.0%)
1  ... 

Histogram: Profile.Destroyer.OffTheRecord recorded 1 samples, mean = 1.0 (flags = 0x41)
0  O                                                                         (0 = 0.0%)
1  -O                                                                        (1 = 100.0%) {0.0%}
2  ... 

Histogram: Profile.DidDestroyProfileBeforeShutdown recorded 1 samples, mean = 0.0 (flags = 0x41)
0  -O                                                                        (1 = 100.0%)
1  ... 

Histogram: Profile.ExtensionSize recorded 1 samples, mean = 0.0 (flags = 0x41)
0  -O                                                                        (1 = 100.0%)
1  ... 

Histogram: Profile.FaviconsSize recorded 1 samples, mean = 0.0 (flags = 0x41)
0  -O                                                                        (1 = 100.0%)
1  ... 

Histogram: Profile.HistorySize recorded 1 samples, mean = 0.0 (flags = 0x41)
0  -O                                                                        (1 = 100.0%)
1  ... 

Histogram: Profile.KeepAliveLeakAtShutdown recorded 2 samples, mean = 3.5 (flags = 0x41)
0  -O                                                                        (1 = 50.0%)
1  ... 
7  -O                                                                        (1 = 50.0%) {50.0%}
8  ... 

Histogram: Profile.LiveProfileCount recorded 6 samples, mean = 1.0 (flags = 0x41)
0  O                                                                         (0 = 0.0%)
1  ------O                                                                   (6 = 100.0%) {0.0%}
2  ... 

Histogram: Profile.TopSitesSize recorded 1 samples, mean = 0.0 (flags = 0x41)
0  -O                                                                        (1 = 100.0%)
1  ... 

Histogram: Profile.TotalHistorySize recorded 1 samples, mean = 0.0 (flags = 0x41)
0  -O                                                                        (1 = 100.0%)
1  ... 

Histogram: Profile.TotalSize recorded 1 samples, mean = 0.0 (flags = 0x41)
0  -O                                                                        (1 = 100.0%)
1  ... 

Histogram: Profile.TotalSizeRecursive recorded 1 samples, mean = 28.0 (flags = 0x41)
0   ... 
24  -O                                                                        (1 = 100.0%) {0.0%}
29  ... 

Histogram: Profile.TriggeredReset recorded 1 samples, mean = 0.0 (flags = 0x41)
0  -O                                                                        (1 = 100.0%)
1  ... 

Histogram: Profile.VisitedLinksSize recorded 1 samples, mean = 0.0 (flags = 0x41)
0  -O                                                                        (1 = 100.0%)
1  ... 

Histogram: Profile.WebDataSize recorded 1 samples, mean = 0.0 (flags = 0x41)
0  -O                                                                        (1 = 100.0%)
1  ... 

Histogram: Profile.ZombieProfileCount recorded 6 samples, mean = 0.0 (flags = 0x41)
0  ------O                                                                   (6 = 100.0%)
1  ... 

Histogram: ProfilePicker.StartupMode.CreateInitialProfile recorded 1 samples, mean = 0.0 (flags = 0x41)
0  -O                                                                        (1 = 100.0%)
1  ... 

Histogram: ProfilePicker.StartupMode.GetStartupProfile recorded 1 samples, mean = 0.0 (flags = 0x41)
0  -O                                                                        (1 = 100.0%)
1  ... 

Histogram: ProfilePicker.StartupReason.GetStartupProfile recorded 1 samples, mean = 27.0 (flags = 0x41)
0   ... 
27  -O                                                                        (1 = 100.0%) {0.0%}
28  ... 

Histogram: ProtoDB.DestroySuccess.DownloadDB recorded 3 samples, mean = 1.0 (flags = 0x41)
0  O                                                                         (0 = 0.0%)
1  ---O                                                                      (3 = 100.0%) {0.0%}
2  O                                                                         (0 = 0.0%) {100.0%}

Histogram: ProtoDB.DestroySuccess.DownloadService recorded 1 samples, mean = 1.0 (flags = 0x41)
0  O                                                                         (0 = 0.0%)
1  -O                                                                        (1 = 100.0%) {0.0%}
2  O                                                                         (0 = 0.0%) {100.0%}

Histogram: ProtoDB.DestroySuccess.PreviewsHintCacheStore recorded 1 samples, mean = 1.0 (flags = 0x41)
0  O                                                                         (0 = 0.0%)
1  -O                                                                        (1 = 100.0%) {0.0%}
2  O                                                                         (0 = 0.0%) {100.0%}

Histogram: ProtoDB.InitStatus.BudgetManager recorded 1 samples, mean = 4.0 (flags = 0x41)
0  ... 
4  -O                                                                        (1 = 100.0%) {0.0%}
5  ... 

Histogram: ProtoDB.InitStatus.CartDatabase recorded 1 samples, mean = 4.0 (flags = 0x41)
0  ... 
4  -O                                                                        (1 = 100.0%) {0.0%}
5  ... 

Histogram: ProtoDB.InitStatus.ClientCertificatesDatabase recorded 1 samples, mean = 4.0 (flags = 0x41)
0  ... 
4  -O                                                                        (1 = 100.0%) {0.0%}
5  ... 

Histogram: ProtoDB.InitStatus.CommerceParcelTrackingDatabase recorded 1 samples, mean = 4.0 (flags = 0x41)
0  ... 
4  -O                                                                        (1 = 100.0%) {0.0%}
5  ... 

Histogram: ProtoDB.InitStatus.CommerceSubscriptionDatabase recorded 1 samples, mean = 4.0 (flags = 0x41)
0  ... 
4  -O                                                                        (1 = 100.0%) {0.0%}
5  ... 

Histogram: ProtoDB.InitStatus.CouponDatabase recorded 1 samples, mean = 4.0 (flags = 0x41)
0  ... 
4  -O                                                                        (1 = 100.0%) {0.0%}
5  ... 

Histogram: ProtoDB.InitStatus.DiscountsDatabase recorded 1 samples, mean = 4.0 (flags = 0x41)
0  ... 
4  -O                                                                        (1 = 100.0%) {0.0%}
5  ... 

Histogram: ProtoDB.InitStatus.DownloadDB recorded 3 samples, mean = 4.0 (flags = 0x41)
0  ... 
4  ---O                                                                      (3 = 100.0%) {0.0%}
5  ... 

Histogram: ProtoDB.InitStatus.DownloadService recorded 2 samples, mean = 4.0 (flags = 0x41)
0  ... 
4  --O                                                                       (2 = 100.0%) {0.0%}
5  ... 

Histogram: ProtoDB.InitStatus.FeatureEngagementTrackerAvailabilityStore recorded 1 samples, mean = 4.0 (flags = 0x41)
0  ... 
4  -O                                                                        (1 = 100.0%) {0.0%}
5  ... 

Histogram: ProtoDB.InitStatus.FeatureEngagementTrackerEventStore recorded 1 samples, mean = 4.0 (flags = 0x41)
0  ... 
4  -O                                                                        (1 = 100.0%) {0.0%}
5  ... 

Histogram: ProtoDB.InitStatus.GCMKeyStore recorded 1 samples, mean = 5.0 (flags = 0x41)
0  ... 
5  -O                                                                        (1 = 100.0%) {0.0%}
6  O                                                                         (0 = 0.0%) {100.0%}

Histogram: ProtoDB.InitStatus.Metadata recorded 4 samples, mean = 5.0 (flags = 0x41)
0  ... 
5  ----O                                                                     (4 = 100.0%) {0.0%}
6  O                                                                         (0 = 0.0%) {100.0%}

Histogram: ProtoDB.InitStatus.PersistentOriginTrials recorded 1 samples, mean = 4.0 (flags = 0x41)
0  ... 
4  -O                                                                        (1 = 100.0%) {0.0%}
5  ... 

Histogram: ProtoDB.InitStatus.PreviewsHintCacheStore recorded 1 samples, mean = 4.0 (flags = 0x41)
0  ... 
4  -O                                                                        (1 = 100.0%) {0.0%}
5  ... 

Histogram: ProtoDB.InitStatus.SegmentInfoDatabase recorded 1 samples, mean = 4.0 (flags = 0x41)
0  ... 
4  -O                                                                        (1 = 100.0%) {0.0%}
5  ... 

Histogram: ProtoDB.InitStatus.SignalDatabase recorded 1 samples, mean = 4.0 (flags = 0x41)
0  ... 
4  -O                                                                        (1 = 100.0%) {0.0%}
5  ... 

Histogram: ProtoDB.InitStatus.SignalStorageConfigDatabase recorded 1 samples, mean = 4.0 (flags = 0x41)
0  ... 
4  -O                                                                        (1 = 100.0%) {0.0%}
5  ... 

Histogram: ProtoDB.InitStatus.StrikeService recorded 4 samples, mean = 4.0 (flags = 0x41)
0  ... 
4  ----O                                                                     (4 = 100.0%) {0.0%}
5  ... 

Histogram: ProtoDB.SharedDbInitStatus recorded 79 samples, mean = 9.5 (flags = 0x41)
0   ----------------------------O                                             (28 = 35.4%)
1   ... 
3   -----------------------O                                                  (23 = 29.1%) {35.4%}
4   ... 
24  -----------------------O                                                  (23 = 29.1%) {64.6%}
25  O                                                                         (0 = 0.0%) {93.7%}
26  -----O                                                                    (5 = 6.3%) {93.7%}
27  ... 

Histogram: Quota.AvailableDiskSpace recorded 10 samples, mean = 2034426.2 (flags = 0x41)
0        ... 
1926066  ----------O                                                               (10 = 100.0%) {0.0%}
2246848  ... 

Histogram: Quota.AvailableDiskSpace2 recorded 3 samples, mean = 2047286.0 (flags = 0x41)
0        ... 
1926066  ---O                                                                      (3 = 100.0%) {0.0%}
2246848  ... 

Histogram: Quota.EvictedBucketsPerHour recorded 3 samples, mean = 0.0 (flags = 0x41)
0  ---O                                                                      (3 = 100.0%)
1  ... 

Histogram: Quota.EvictionRoundsPerHour recorded 3 samples, mean = 2.0 (flags = 0x41)
0  ... 
2  ---O                                                                      (3 = 100.0%) {0.0%}
3  ... 

Histogram: Quota.GlobalTemporaryPoolSize recorded 7 samples, mean = 3021334.8 (flags = 0x41)
0        ... 
2621056  -------O                                                                  (7 = 100.0%) {0.0%}
3057588  ... 

Histogram: Quota.GlobalUsageOfTemporaryStorage recorded 3 samples, mean = 0.0 (flags = 0x41)
0  ---O                                                                      (3 = 100.0%)
1  ... 

Histogram: Quota.PercentDiskAvailable recorded 10 samples, mean = 53.6 (flags = 0x41)
0   ... 
52  --O                                                                       (2 = 20.0%) {0.0%}
53  O                                                                         (0 = 0.0%) {20.0%}
54  --------O                                                                 (8 = 80.0%) {20.0%}
55  ... 

Histogram: Quota.PercentDiskAvailable2 recorded 3 samples, mean = 54.0 (flags = 0x41)
0   ... 
54  ---O                                                                      (3 = 100.0%) {0.0%}
55  ... 

Histogram: Quota.PercentUsedForTemporaryStorage2 recorded 3 samples, mean = 0.0 (flags = 0x41)
0  ---O                                                                      (3 = 100.0%)
1  ... 

Histogram: Quota.SkippedEvictionRoundsPerHour recorded 3 samples, mean = 2.0 (flags = 0x41)
0  ... 
2  ---O                                                                      (3 = 100.0%) {0.0%}
3  ... 

Histogram: Quota.StorageKeyNonceCount recorded 3 samples, mean = 0.0 (flags = 0x41)
0  ---O                                                                      (3 = 100.0%)
1  ... 

Histogram: Quota.TotalBucketCount recorded 3 samples, mean = 0.0 (flags = 0x41)
0  ---O                                                                      (3 = 100.0%)
1  ... 

Histogram: Quota.TotalDiskSpace recorded 10 samples, mean = 3776668.0 (flags = 0x41)
0        ... 
3566823  ----------O                                                               (10 = 100.0%) {0.0%}
4160870  ... 

Histogram: Quota.TotalDiskSpaceIsZero recorded 7 samples, mean = 0.0 (flags = 0x41)
0  -------O                                                                  (7 = 100.0%)
1  ... 

Histogram: Renderer.BrowserLaunchToRunLoopStart recorded 1 samples, mean = 30.0 (flags = 0x41)
0   ... 
29  -O                                                                        (1 = 100.0%) {0.0%}
34  ... 

Histogram: Renderer.Core.Timing.Performance.SwapsPerPerformanceEntryInsertion recorded 43 samples, mean = 1.6 (flags = 0x41)
0  ------------------O                                                       (18 = 41.9%)
1  -------------O                                                            (13 = 30.2%) {41.9%}
2  -----O                                                                    (5 = 11.6%) {72.1%}
3  -O                                                                        (1 = 2.3%) {83.7%}
4  -O                                                                        (1 = 2.3%) {86.0%}
5  ... 
7  --O                                                                       (2 = 4.7%) {88.4%}
8  --O                                                                       (2 = 4.7%) {93.0%}
9  -O                                                                        (1 = 2.3%) {97.7%}
10 ... 

Histogram: Renderer.CriticalFonts.BlockingResourcesLoadTime recorded 1 samples, mean = 2685.0 (flags = 0x41)
0     ... 
2516  -O                                                                        (1 = 100.0%) {0.0%}
2990  ... 

Histogram: Renderer.CriticalFonts.CriticalFontDelay recorded 1 samples, mean = 0.0 (flags = 0x41)
0  -O                                                                        (1 = 100.0%)
1  ... 

Histogram: Renderer.CriticalFonts.PreloadedFontsLoadTime recorded 1 samples, mean = 2665.0 (flags = 0x41)
0     ... 
2516  -O                                                                        (1 = 100.0%) {0.0%}
2990  ... 

Histogram: Renderer.Font.PrimaryFont.DomContentLoaded recorded 1 samples, mean = 4.0 (flags = 0x41)
0  ... 
4  -O                                                                        (1 = 100.0%) {0.0%}
5  ... 

Histogram: Renderer.Font.PrimaryFont.DomContentLoaded.Style recorded 1 samples, mean = 0.0 (flags = 0x41)
0  -O                                                                        (1 = 100.0%)
1  ... 

Histogram: Renderer.Font.SystemFallback.DomContentLoaded recorded 1 samples, mean = 0.0 (flags = 0x41)
0  -O                                                                        (1 = 100.0%)
1  ... 

Histogram: Renderer.Layout.TextWrapBalance recorded 4 samples, mean = 0.0 (flags = 0x41)
0  ----O                                                                     (4 = 100.0%)
1  ... 

Histogram: Renderer.ProcessLifetime3 recorded 3 samples, mean = 7530668.0 (flags = 0x41)
0         O                                                                         (0 = 0.0%)
1000      -O                                                                        (1 = 33.3%) {0.0%}
1123      ... 
10711004  --O                                                                       (2 = 66.7%) {33.3%}
12028224  ... 

Histogram: Renderer.ProcessLifetime3.Empty recorded 1 samples, mean = 11295164.0 (flags = 0x41)
0         ... 
10711004  -O                                                                        (1 = 100.0%) {0.0%}
12028224  ... 

Histogram: Renderer.ProcessLifetime3.MainFrame recorded 1 samples, mean = 11295831.0 (flags = 0x41)
0         ... 
10711004  -O                                                                        (1 = 100.0%) {0.0%}
12028224  ... 

Histogram: Renderer.ProcessLifetime3.Speculative recorded 1 samples, mean = 1008.0 (flags = 0x41)
0     O                                                                         (0 = 0.0%)
1000  -O                                                                        (1 = 100.0%) {0.0%}
1123  ... 

Histogram: Renderer.ReduceSubresourceResponseIPC.DidNotifyBrowser recorded 45 samples, mean = 1.0 (flags = 0x41)
0  O                                                                         (0 = 0.0%)
1  ---------------------------------------------O                            (45 = 100.0%) {0.0%}
2  O                                                                         (0 = 0.0%) {100.0%}

Histogram: Renderer.RenderThreadImpl.Init recorded 1 samples, mean = 6.0 (flags = 0x41)
0  ... 
6  -O                                                                        (1 = 100.0%) {0.0%}
7  ... 

Histogram: Renderer4.GpuRasterizationEnabled recorded 1 samples, mean = 1.0 (flags = 0x41)
0  O                                                                         (0 = 0.0%)
1  -O                                                                        (1 = 100.0%) {0.0%}
2  O                                                                         (0 = 0.0%) {100.0%}

Histogram: RendererScheduler.RendererMainThreadLoad5 recorded 22594 samples, mean = 0.0 (flags = 0x41)
0   ------------------------------------------------------------------------O (22591 = 100.0%)
1   ... 
12  O                                                                         (1 = 0.0%) {100.0%}
13  ... 
15  O                                                                         (1 = 0.0%) {100.0%}
16  ... 
24  O                                                                         (1 = 0.0%) {100.0%}
25  ... 

Histogram: RendererScheduler.RendererMainThreadLoad5.Background recorded 11295 samples, mean = 0.0 (flags = 0x41)
0  ------------------------------------------------------------------------O (11295 = 100.0%)
1  ... 

Histogram: RendererScheduler.RendererMainThreadLoad5.Background.AfterFifthMinute recorded 10996 samples, mean = 0.0 (flags = 0x41)
0  ------------------------------------------------------------------------O (10996 = 100.0%)
1  ... 

Histogram: RendererScheduler.RendererMainThreadLoad5.Background.AfterFirstMinute recorded 11236 samples, mean = 0.0 (flags = 0x41)
0  ------------------------------------------------------------------------O (11236 = 100.0%)
1  ... 

Histogram: RendererScheduler.RendererMainThreadLoad5.Background.AfterTenthMinute recorded 10696 samples, mean = 0.0 (flags = 0x41)
0  ------------------------------------------------------------------------O (10696 = 100.0%)
1  ... 

Histogram: RendererScheduler.RendererMainThreadLoad5.Foreground recorded 2 samples, mean = 12.0 (flags = 0x41)
0   -O                                                                        (1 = 50.0%)
1   ... 
24  -O                                                                        (1 = 50.0%) {50.0%}
25  ... 

Histogram: RendererScheduler.RendererMainThreadLoad5.Foreground.AfterFirstMinute recorded 11236 samples, mean = 0.0 (flags = 0x41)
0  ------------------------------------------------------------------------O (11236 = 100.0%)
1  ... 

Histogram: ReportingAndNEL.NumberOfLoadedNELPolicies recorded 1 samples, mean = 0.0 (flags = 0x41)
0  -O                                                                        (1 = 100.0%)
1  ... 

Histogram: ReportingAndNEL.NumberOfLoadedNELPolicies2 recorded 1 samples, mean = 0.0 (flags = 0x41)
0  -O                                                                        (1 = 100.0%)
1  ... 

Histogram: ReportingAndNEL.TimeInitializeDB recorded 1 samples, mean = 0.0 (flags = 0x41)
0  -O                                                                        (1 = 100.0%)
1  ... 

Histogram: ResourceScheduler.RequestQueuingDuration.Priority1 recorded 8 samples, mean = 0.0 (flags = 0x41)
0  --------O                                                                 (8 = 100.0%)
1  ... 

Histogram: ResourceScheduler.RequestQueuingDuration.Priority2 recorded 27 samples, mean = 0.0 (flags = 0x41)
0  ---------------------------O                                              (27 = 100.0%)
1  ... 

Histogram: ResourceScheduler.RequestQueuingDuration.Priority3 recorded 1 samples, mean = 0.0 (flags = 0x41)
0  -O                                                                        (1 = 100.0%)
1  ... 

Histogram: ResourceScheduler.RequestQueuingDuration.Priority4 recorded 4 samples, mean = 0.0 (flags = 0x41)
0  ----O                                                                     (4 = 100.0%)
1  ... 

Histogram: ResourceScheduler.RequestQueuingDuration.Priority5 recorded 14 samples, mean = 0.0 (flags = 0x41)
0  --------------O                                                           (14 = 100.0%)
1  ... 

Histogram: SBClientPhishing.Classifier.Event recorded 1 samples, mean = 1.0 (flags = 0x41)
0  O                                                                         (0 = 0.0%)
1  -O                                                                        (1 = 100.0%) {0.0%}
2  ... 

Histogram: SBClientPhishing.HighConfidenceAllowlistCheckDuration recorded 1 samples, mean = 3.0 (flags = 0x41)
0  ... 
3  -O                                                                        (1 = 100.0%) {0.0%}
4  ... 

Histogram: SBClientPhishing.ImageEmbedder.Event recorded 1 samples, mean = 1.0 (flags = 0x41)
0  O                                                                         (0 = 0.0%)
1  -O                                                                        (1 = 100.0%) {0.0%}
2  ... 

Histogram: SBClientPhishing.LoadReportTimesFromPrefAtServiceCreationSuccessful recorded 1 samples, mean = 1.0 (flags = 0x41)
0  O                                                                         (0 = 0.0%)
1  -O                                                                        (1 = 100.0%) {0.0%}
2  O                                                                         (0 = 0.0%) {100.0%}

Histogram: SBClientPhishing.MatchHighConfidenceAllowlist recorded 1 samples, mean = 3.0 (flags = 0x41)
0  ... 
3  -O                                                                        (1 = 100.0%) {0.0%}
4  O                                                                         (0 = 0.0%) {100.0%}

Histogram: SBClientPhishing.MatchHighConfidenceAllowlist.TriggerModel recorded 1 samples, mean = 3.0 (flags = 0x41)
0  ... 
3  -O                                                                        (1 = 100.0%) {0.0%}
4  O                                                                         (0 = 0.0%) {100.0%}

Histogram: SBClientPhishing.PreClassificationCheckResult recorded 1 samples, mean = 3.0 (flags = 0x41)
0  ... 
3  -O                                                                        (1 = 100.0%) {0.0%}
4  ... 

Histogram: SSL.Experimental.SubresourceResponse recorded 45 samples, mean = 0.0 (flags = 0x41)
0  ---------------------------------------------O                            (45 = 100.0%)
1  ... 

Histogram: SafeBrowsing.AsyncCheck.CommittedNavigationIdsSize recorded 3 samples, mean = 0.7 (flags = 0x41)
0  -O                                                                        (1 = 33.3%)
1  --O                                                                       (2 = 66.7%) {33.3%}
2  ... 

Histogram: SafeBrowsing.BrowserThrottle.CheckerOnIOLifetime recorded 1 samples, mean = 672.0 (flags = 0x41)
0    ... 
574  -O                                                                        (1 = 100.0%) {0.0%}
729  ... 

Histogram: SafeBrowsing.BrowserThrottle.IntervalBetweenStartAndProcess recorded 1 samples, mean = 671.0 (flags = 0x41)
0    ... 
633  -O                                                                        (1 = 100.0%) {0.0%}
752  ... 

Histogram: SafeBrowsing.BrowserThrottle.IntervalBetweenStartAndProcess.FromNetwork recorded 1 samples, mean = 671.0 (flags = 0x41)
0    ... 
633  -O                                                                        (1 = 100.0%) {0.0%}
752  ... 

Histogram: SafeBrowsing.BrowserThrottle.IsCheckCompletedOnProcessResponse recorded 1 samples, mean = 1.0 (flags = 0x41)
0  O                                                                         (0 = 0.0%)
1  -O                                                                        (1 = 100.0%) {0.0%}
2  O                                                                         (0 = 0.0%) {100.0%}

Histogram: SafeBrowsing.BrowserThrottle.RequestDestination recorded 1 samples, mean = 3.0 (flags = 0x41)
0  ... 
3  -O                                                                        (1 = 100.0%) {0.0%}
4  ... 

Histogram: SafeBrowsing.BrowserThrottle.RequestDestination.Checked recorded 1 samples, mean = 3.0 (flags = 0x41)
0  ... 
3  -O                                                                        (1 = 100.0%) {0.0%}
4  ... 

Histogram: SafeBrowsing.BrowserThrottle.TotalDelay2.FromNetwork recorded 1 samples, mean = 0.0 (flags = 0x41)
0  -O                                                                        (1 = 100.0%)
1  ... 

Histogram: SafeBrowsing.BrowserThrottle.TotalDelay2.HashPrefixDatabaseCheck recorded 2 samples, mean = 0.0 (flags = 0x41)
0  --O                                                                       (2 = 100.0%)
1  ... 

Histogram: SafeBrowsing.BrowserThrottle.WillProcessResponseCount recorded 1 samples, mean = 1.0 (flags = 0x41)
0  O                                                                         (0 = 0.0%)
1  -O                                                                        (1 = 100.0%) {0.0%}
2  ... 

Histogram: SafeBrowsing.CheckBrowseUrl.HasLocalMatch recorded 2 samples, mean = 1.0 (flags = 0x41)
0  O                                                                         (0 = 0.0%)
1  --O                                                                       (2 = 100.0%) {0.0%}
2  O                                                                         (0 = 0.0%) {100.0%}

Histogram: SafeBrowsing.CheckUrl.Action recorded 2 samples, mean = 0.0 (flags = 0x41)
0  --O                                                                       (2 = 100.0%)
1  ... 

Histogram: SafeBrowsing.CheckUrl.FirstRequestThreatType2 recorded 1 samples, mean = 1.0 (flags = 0x41)
0  O                                                                         (0 = 0.0%)
1  -O                                                                        (1 = 100.0%) {0.0%}
2  ... 

Histogram: SafeBrowsing.CheckUrl.FirstRequestThreatType2.LocalPVer4 recorded 1 samples, mean = 1.0 (flags = 0x41)
0  O                                                                         (0 = 0.0%)
1  -O                                                                        (1 = 100.0%) {0.0%}
2  ... 

Histogram: SafeBrowsing.CheckUrl.FirstRequestTimedOut recorded 1 samples, mean = 0.0 (flags = 0x41)
0  -O                                                                        (1 = 100.0%)
1  ... 

Histogram: SafeBrowsing.CheckUrl.FirstRequestTimedOut.LocalPVer4 recorded 1 samples, mean = 0.0 (flags = 0x41)
0  -O                                                                        (1 = 100.0%)
1  ... 

Histogram: SafeBrowsing.CheckUrl.IsDocumentCheckPrefetch recorded 2 samples, mean = 0.0 (flags = 0x41)
0  --O                                                                       (2 = 100.0%)
1  ... 

Histogram: SafeBrowsing.CheckUrl.TimeTaken.HashDatabase recorded 2 samples, mean = 123.0 (flags = 0x41)
0    -O                                                                        (1 = 50.0%)
1    ... 
226  -O                                                                        (1 = 50.0%) {50.0%}
268  ... 

Histogram: SafeBrowsing.CheckUrl.Timeout recorded 2 samples, mean = 0.0 (flags = 0x41)
0  --O                                                                       (2 = 100.0%)
1  ... 

Histogram: SafeBrowsing.CheckUrl.UrlScheme recorded 2 samples, mean = 10.0 (flags = 0x41)
0   ... 
10  --O                                                                       (2 = 100.0%) {0.0%}
11  ... 

Histogram: SafeBrowsing.ClientSidePhishingDetection.AllowlistMatchResult recorded 1 samples, mean = 1.0 (flags = 0x41)
0  O                                                                         (0 = 0.0%)
1  -O                                                                        (1 = 100.0%) {0.0%}
2  ... 

Histogram: SafeBrowsing.FileTypeUpdate.DynamicUpdateResult recorded 1 samples (flags = 0x41)
1  -O                                                                        (1 = 100.0%)

Histogram: SafeBrowsing.FileTypeUpdate.DynamicUpdateVersion recorded 1 samples (flags = 0x41)
69  -O                                                                        (1 = 100.0%)

Histogram: SafeBrowsing.FileTypeUpdate.ResourceBundleResult recorded 1 samples (flags = 0x41)
1  -O                                                                        (1 = 100.0%)

Histogram: SafeBrowsing.FileTypeUpdate.ResourceBundleVersion recorded 1 samples (flags = 0x41)
66  -O                                                                        (1 = 100.0%)

Histogram: SafeBrowsing.HPRT.Cache.FullHashCount recorded 8 samples, mean = 0.0 (flags = 0x41)
0  --------O                                                                 (8 = 100.0%)
1  ... 

Histogram: SafeBrowsing.HPRT.Cache.HashPrefixCount recorded 8 samples, mean = 0.0 (flags = 0x41)
0  --------O                                                                 (8 = 100.0%)
1  ... 

Histogram: SafeBrowsing.HPRT.Ineligible.FeatureOff recorded 1 samples, mean = 0.0 (flags = 0x41)
0  -O                                                                        (1 = 100.0%)
1  ... 

Histogram: SafeBrowsing.HPRT.Ineligible.IneligibleForLocation recorded 1 samples, mean = 0.0 (flags = 0x41)
0  -O                                                                        (1 = 100.0%)
1  ... 

Histogram: SafeBrowsing.HPRT.Ineligible.IneligibleForSessionOrLocation recorded 1 samples, mean = 1.0 (flags = 0x41)
0  O                                                                         (0 = 0.0%)
1  -O                                                                        (1 = 100.0%) {0.0%}
2  O                                                                         (0 = 0.0%) {100.0%}

Histogram: SafeBrowsing.HPRT.Ineligible.NoGoogleChromeBranding recorded 1 samples, mean = 1.0 (flags = 0x41)
0  O                                                                         (0 = 0.0%)
1  -O                                                                        (1 = 100.0%) {0.0%}
2  O                                                                         (0 = 0.0%) {100.0%}

Histogram: SafeBrowsing.HPRT.Ineligible.NotAllowedByPolicy recorded 1 samples, mean = 0.0 (flags = 0x41)
0  -O                                                                        (1 = 100.0%)
1  ... 

Histogram: SafeBrowsing.HPRT.Ineligible.NotStandardProtection recorded 1 samples, mean = 0.0 (flags = 0x41)
0  -O                                                                        (1 = 100.0%)
1  ... 

Histogram: SafeBrowsing.HPRT.Ineligible.OffTheRecord recorded 1 samples, mean = 0.0 (flags = 0x41)
0  -O                                                                        (1 = 100.0%)
1  ... 

Histogram: SafeBrowsing.HasCookieAtStartup2 recorded 1 samples, mean = 0.0 (flags = 0x41)
0  -O                                                                        (1 = 100.0%)
1  ... 

Histogram: SafeBrowsing.PageLoadToken.TokenCount recorded 8 samples, mean = 0.0 (flags = 0x41)
0  --------O                                                                 (8 = 100.0%)
1  ... 

Histogram: SafeBrowsing.Pref.Enhanced recorded 1 samples, mean = 0.0 (flags = 0x41)
0  -O                                                                        (1 = 100.0%)
1  ... 

Histogram: SafeBrowsing.Pref.Enhanced.RegularProfile recorded 1 samples, mean = 0.0 (flags = 0x41)
0  -O                                                                        (1 = 100.0%)
1  ... 

Histogram: SafeBrowsing.Pref.Extended recorded 1 samples, mean = 0.0 (flags = 0x41)
0  -O                                                                        (1 = 100.0%)
1  ... 

Histogram: SafeBrowsing.Pref.General recorded 1 samples, mean = 1.0 (flags = 0x41)
0  O                                                                         (0 = 0.0%)
1  -O                                                                        (1 = 100.0%) {0.0%}
2  O                                                                         (0 = 0.0%) {100.0%}

Histogram: SafeBrowsing.RT.CacheManager.CleanUpTime recorded 8 samples, mean = 0.0 (flags = 0x41)
0  --------O                                                                 (8 = 100.0%)
1  ... 

Histogram: SafeBrowsing.RT.CanCheckDatabase recorded 2 samples, mean = 1.0 (flags = 0x41)
0  O                                                                         (0 = 0.0%)
1  --O                                                                       (2 = 100.0%) {0.0%}
2  O                                                                         (0 = 0.0%) {100.0%}

Histogram: SafeBrowsing.RT.ConsumerVersionReason recorded 2 samples, mean = 1.0 (flags = 0x41)
0  -O                                                                        (1 = 50.0%)
1  O                                                                         (0 = 0.0%) {50.0%}
2  -O                                                                        (1 = 50.0%) {50.0%}
3  ... 

Histogram: SafeBrowsing.RendererThrottle.IsCheckCompletedOnProcessResponse recorded 45 samples, mean = 1.0 (flags = 0x41)
0  O                                                                         (0 = 0.0%)
1  ---------------------------------------------O                            (45 = 100.0%) {0.0%}
2  O                                                                         (0 = 0.0%) {100.0%}

Histogram: SafeBrowsing.RendererThrottle.RequestDestination recorded 45 samples, mean = 11.4 (flags = 0x41)
0   ----O                                                                     (4 = 8.9%)
1   ... 
5   -----O                                                                    (5 = 11.1%) {8.9%}
6   ... 
8   -O                                                                        (1 = 2.2%) {20.0%}
9   -O                                                                        (1 = 2.2%) {22.2%}
10  ... 
13  -------------------------O                                                (25 = 55.6%) {24.4%}
14  ... 
16  ---------O                                                                (9 = 20.0%) {80.0%}
17  ... 

Histogram: SafeBrowsing.V4Database.Size recorded 1 samples, mean = 0.0 (flags = 0x41)
0  -O                                                                        (1 = 100.0%)
1  ... 

Histogram: SafeBrowsing.V4Database.Size.ChromeExtMalware recorded 1 samples, mean = 0.0 (flags = 0x41)
0  -O                                                                        (1 = 100.0%)
1  ... 

Histogram: SafeBrowsing.V4Database.Size.UrlBilling recorded 1 samples, mean = 0.0 (flags = 0x41)
0  -O                                                                        (1 = 100.0%)
1  ... 

Histogram: SafeBrowsing.V4Database.Size.UrlCsdDownloadAllowlist recorded 1 samples, mean = 0.0 (flags = 0x41)
0  -O                                                                        (1 = 100.0%)
1  ... 

Histogram: SafeBrowsing.V4Database.Size.UrlMalBin recorded 1 samples, mean = 0.0 (flags = 0x41)
0  -O                                                                        (1 = 100.0%)
1  ... 

Histogram: SafeBrowsing.V4Database.Size.UrlMalware recorded 1 samples, mean = 0.0 (flags = 0x41)
0  -O                                                                        (1 = 100.0%)
1  ... 

Histogram: SafeBrowsing.V4Database.Size.UrlSoceng recorded 1 samples, mean = 0.0 (flags = 0x41)
0  -O                                                                        (1 = 100.0%)
1  ... 

Histogram: SafeBrowsing.V4Database.Size.UrlUws recorded 1 samples, mean = 0.0 (flags = 0x41)
0  -O                                                                        (1 = 100.0%)
1  ... 

Histogram: SafeBrowsing.V4Database.SizeLinear recorded 1 samples, mean = 0.0 (flags = 0x41)
0  -O                                                                        (1 = 100.0%)
1  ... 

Histogram: SafeBrowsing.V4Database.SizeLinear.ChromeExtMalware recorded 1 samples, mean = 0.0 (flags = 0x41)
0  -O                                                                        (1 = 100.0%)
1  ... 

Histogram: SafeBrowsing.V4Database.SizeLinear.UrlMalBin recorded 1 samples, mean = 0.0 (flags = 0x41)
0  -O                                                                        (1 = 100.0%)
1  ... 

Histogram: SafeBrowsing.V4Database.SizeLinear.UrlSoceng recorded 1 samples, mean = 0.0 (flags = 0x41)
0  -O                                                                        (1 = 100.0%)
1  ... 

Histogram: SafeBrowsing.V4DatabaseInitializationTime recorded 1 samples, mean = 1709.0 (flags = 0x41)
0     ... 
1500  -O                                                                        (1 = 100.0%) {0.0%}
1782  ... 

Histogram: SafeBrowsing.V4Store.IsStoreValid recorded 7 samples, mean = 0.0 (flags = 0x41)
0  -------O                                                                  (7 = 100.0%)
1  ... 

Histogram: SafeBrowsing.V4Store.IsStoreValid.ChromeExtMalware recorded 1 samples, mean = 0.0 (flags = 0x41)
0  -O                                                                        (1 = 100.0%)
1  ... 

Histogram: SafeBrowsing.V4Store.IsStoreValid.UrlBilling recorded 1 samples, mean = 0.0 (flags = 0x41)
0  -O                                                                        (1 = 100.0%)
1  ... 

Histogram: SafeBrowsing.V4Store.IsStoreValid.UrlCsdDownloadAllowlist recorded 1 samples, mean = 0.0 (flags = 0x41)
0  -O                                                                        (1 = 100.0%)
1  ... 

Histogram: SafeBrowsing.V4Store.IsStoreValid.UrlMalBin recorded 1 samples, mean = 0.0 (flags = 0x41)
0  -O                                                                        (1 = 100.0%)
1  ... 

Histogram: SafeBrowsing.V4Store.IsStoreValid.UrlMalware recorded 1 samples, mean = 0.0 (flags = 0x41)
0  -O                                                                        (1 = 100.0%)
1  ... 

Histogram: SafeBrowsing.V4Store.IsStoreValid.UrlSoceng recorded 1 samples, mean = 0.0 (flags = 0x41)
0  -O                                                                        (1 = 100.0%)
1  ... 

Histogram: SafeBrowsing.V4Store.IsStoreValid.UrlUws recorded 1 samples, mean = 0.0 (flags = 0x41)
0  -O                                                                        (1 = 100.0%)
1  ... 

Histogram: SafeBrowsing.V4Store.ReadyOnStartup recorded 7 samples, mean = 0.0 (flags = 0x41)
0  -------O                                                                  (7 = 100.0%)
1  ... 

Histogram: SafeBrowsing.V4StoreRead.Result recorded 7 samples, mean = 2.0 (flags = 0x41)
0  ... 
2  -------O                                                                  (7 = 100.0%) {0.0%}
3  ... 

Histogram: SafeBrowsing.V4Update.Network.Result recorded 4 samples (flags = 0x41)
400  ----O                                                                     (4 = 100.0%)

Histogram: SafeBrowsing.V4Update.Result recorded 4 samples, mean = 2.0 (flags = 0x41)
0  ... 
2  ----O                                                                     (4 = 100.0%) {0.0%}
3  ... 

Histogram: Scheduling.MessagePumpTimeKeeper.BrowserIO recorded 0 samples (flags = 0x41)
0 ... 

Histogram: Scheduling.MessagePumpTimeKeeper.BrowserUI recorded 0 samples (flags = 0x41)
0 ... 

Histogram: Scheduling.ThreadController.ActiveIntervalDuration.Any.BrowserUI recorded 30 samples, mean = 0.0 (flags = 0x41)
0  ------------------------------O                                           (30 = 100.0%)
1  ... 

Histogram: Scheduling.ThreadController.ActiveIntervalDuration.Any.Other recorded 115 samples, mean = 0.0 (flags = 0x41)
0  ------------------------------------------------------------------------O (114 = 99.1%)
1  -O                                                                        (1 = 0.9%) {99.1%}
2  ... 

Histogram: Scheduling.ThreadController.ActiveIntervalDuration.Medium.Other recorded 1 samples, mean = 1.0 (flags = 0x41)
0  O                                                                         (0 = 0.0%)
1  -O                                                                        (1 = 100.0%) {0.0%}
2  ... 

Histogram: Scheduling.ThreadController.ActiveIntervalDuration.Short.BrowserUI recorded 30 samples, mean = 0.4 (flags = 0x41)
0  -----------------O                                                        (17 = 56.7%)
1  -------------O                                                            (13 = 43.3%) {56.7%}
2  ... 

Histogram: Scheduling.ThreadController.ActiveIntervalDuration.Short.Other recorded 114 samples, mean = 55.4 (flags = 0x41)
0    ... 
2    -O                                                                        (1 = 0.9%) {0.0%}
3    --O                                                                       (2 = 1.8%) {0.9%}
4    -----O                                                                    (5 = 4.4%) {2.6%}
5    -O                                                                        (1 = 0.9%) {7.0%}
6    -O                                                                        (1 = 0.9%) {7.9%}
7    -------O                                                                  (7 = 6.1%) {8.8%}
8    -------------------O                                                      (19 = 16.7%) {14.9%}
9    -----O                                                                    (5 = 4.4%) {31.6%}
10   --O                                                                       (2 = 1.8%) {36.0%}
11   O                                                                         (0 = 0.0%) {37.7%}
12   ---O                                                                      (3 = 2.6%) {37.7%}
13   O                                                                         (0 = 0.0%) {40.4%}
14   --O                                                                       (2 = 1.8%) {40.4%}
15   ... 
19   -O                                                                        (1 = 0.9%) {42.1%}
20   ... 
22   -O                                                                        (1 = 0.9%) {43.0%}
23   ... 
25   -O                                                                        (1 = 0.9%) {43.9%}
26   O                                                                         (0 = 0.0%) {44.7%}
27   ---O                                                                      (3 = 2.6%) {44.7%}
28   -O                                                                        (1 = 0.9%) {47.4%}
29   --O                                                                       (2 = 1.8%) {48.2%}
31   -----O                                                                    (5 = 4.4%) {50.0%}
33   --O                                                                       (2 = 1.8%) {54.4%}
35   --O                                                                       (2 = 1.8%) {56.1%}
37   -O                                                                        (1 = 0.9%) {57.9%}
39   ----O                                                                     (4 = 3.5%) {58.8%}
41   -O                                                                        (1 = 0.9%) {62.3%}
43   ---O                                                                      (3 = 2.6%) {63.2%}
45   --O                                                                       (2 = 1.8%) {65.8%}
47   O                                                                         (0 = 0.0%) {67.5%}
49   -O                                                                        (1 = 0.9%) {67.5%}
52   -----O                                                                    (5 = 4.4%) {68.4%}
55   --O                                                                       (2 = 1.8%) {72.8%}
58   ... 
74   --O                                                                       (2 = 1.8%) {74.6%}
78   -O                                                                        (1 = 0.9%) {76.3%}
82   O                                                                         (0 = 0.0%) {77.2%}
86   -O                                                                        (1 = 0.9%) {77.2%}
90   --O                                                                       (2 = 1.8%) {78.1%}
95   ---O                                                                      (3 = 2.6%) {79.8%}
100  -O                                                                        (1 = 0.9%) {82.5%}
105  -O                                                                        (1 = 0.9%) {83.3%}
110  O                                                                         (0 = 0.0%) {84.2%}
116  -O                                                                        (1 = 0.9%) {84.2%}
122  -O                                                                        (1 = 0.9%) {85.1%}
128  O                                                                         (0 = 0.0%) {86.0%}
135  -O                                                                        (1 = 0.9%) {86.0%}
142  -----O                                                                    (5 = 4.4%) {86.8%}
149  --O                                                                       (2 = 1.8%) {91.2%}
157  ... 
173  --O                                                                       (2 = 1.8%) {93.0%}
182  --O                                                                       (2 = 1.8%) {94.7%}
191  ... 
233  -O                                                                        (1 = 0.9%) {96.5%}
245  ... 
366  -O                                                                        (1 = 0.9%) {97.4%}
385  --O                                                                       (2 = 1.8%) {98.2%}
405  ... 

Histogram: Scheduling.ThreadController.ActiveIntervalOffCpuDuration.Any.BrowserUI recorded 30 samples, mean = 0.0 (flags = 0x41)
0  ------------------------------O                                           (30 = 100.0%)
1  ... 

Histogram: Scheduling.ThreadController.ActiveIntervalOffCpuDuration.Any.Other recorded 115 samples, mean = 0.0 (flags = 0x41)
0  ------------------------------------------------------------------------O (114 = 99.1%)
1  -O                                                                        (1 = 0.9%) {99.1%}
2  ... 

Histogram: Scheduling.ThreadController.ActiveIntervalOffCpuDuration.Medium.Other recorded 1 samples, mean = 1.0 (flags = 0x41)
0  O                                                                         (0 = 0.0%)
1  -O                                                                        (1 = 100.0%) {0.0%}
2  ... 

Histogram: Scheduling.ThreadController.ActiveIntervalOffCpuDuration.Short.BrowserUI recorded 30 samples, mean = 0.2 (flags = 0x41)
0  -------------------------O                                                (25 = 83.3%)
1  -----O                                                                    (5 = 16.7%) {83.3%}
2  ... 

Histogram: Scheduling.ThreadController.ActiveIntervalOffCpuDuration.Short.Other recorded 114 samples, mean = 3.2 (flags = 0x41)
0   ---------------------------O                                              (27 = 23.7%)
1   ---------------------------------------------------O                      (51 = 44.7%) {23.7%}
2   -------------------O                                                      (19 = 16.7%) {68.4%}
3   ---O                                                                      (3 = 2.6%) {85.1%}
4   ... 
8   -O                                                                        (1 = 0.9%) {87.7%}
9   -O                                                                        (1 = 0.9%) {88.6%}
10  O                                                                         (0 = 0.0%) {89.5%}
11  -O                                                                        (1 = 0.9%) {89.5%}
12  ... 
14  -O                                                                        (1 = 0.9%) {90.4%}
15  -O                                                                        (1 = 0.9%) {91.2%}
16  -O                                                                        (1 = 0.9%) {92.1%}
17  O                                                                         (0 = 0.0%) {93.0%}
18  -O                                                                        (1 = 0.9%) {93.0%}
19  -O                                                                        (1 = 0.9%) {93.9%}
20  -O                                                                        (1 = 0.9%) {94.7%}
21  -O                                                                        (1 = 0.9%) {95.6%}
22  ... 
25  --O                                                                       (2 = 1.8%) {96.5%}
26  O                                                                         (0 = 0.0%) {98.2%}
27  -O                                                                        (1 = 0.9%) {98.2%}
28  ... 
33  -O                                                                        (1 = 0.9%) {99.1%}
35  ... 

Histogram: Scheduling.ThreadController.ActiveIntervalOnCpuDuration.Any.BrowserUI recorded 30 samples, mean = 0.0 (flags = 0x41)
0  ------------------------------O                                           (30 = 100.0%)
1  ... 

Histogram: Scheduling.ThreadController.ActiveIntervalOnCpuDuration.Any.Other recorded 115 samples, mean = 0.0 (flags = 0x41)
0  ------------------------------------------------------------------------O (115 = 100.0%)
1  ... 

Histogram: Scheduling.ThreadController.ActiveIntervalOnCpuDuration.Medium.Other recorded 1 samples, mean = 0.0 (flags = 0x41)
0  -O                                                                        (1 = 100.0%)
1  ... 

Histogram: Scheduling.ThreadController.ActiveIntervalOnCpuDuration.Short.BrowserUI recorded 30 samples, mean = 0.3 (flags = 0x41)
0  ----------------------O                                                   (22 = 73.3%)
1  --------O                                                                 (8 = 26.7%) {73.3%}
2  ... 

Histogram: Scheduling.ThreadController.ActiveIntervalOnCpuDuration.Short.Other recorded 114 samples, mean = 52.2 (flags = 0x41)
0    -O                                                                        (1 = 0.9%)
1    O                                                                         (0 = 0.0%) {0.9%}
2    -O                                                                        (1 = 0.9%) {0.9%}
3    ------O                                                                   (6 = 5.3%) {1.8%}
4    --O                                                                       (2 = 1.8%) {7.0%}
5    -O                                                                        (1 = 0.9%) {8.8%}
6    ----O                                                                     (4 = 3.5%) {9.6%}
7    --------------------O                                                     (20 = 17.5%) {13.2%}
8    -------O                                                                  (7 = 6.1%) {30.7%}
9    ----O                                                                     (4 = 3.5%) {36.8%}
10   O                                                                         (0 = 0.0%) {40.4%}
11   --O                                                                       (2 = 1.8%) {40.4%}
12   ... 
14   -O                                                                        (1 = 0.9%) {42.1%}
15   ... 
18   -O                                                                        (1 = 0.9%) {43.0%}
19   ... 
22   -O                                                                        (1 = 0.9%) {43.9%}
23   ... 
27   ----O                                                                     (4 = 3.5%) {44.7%}
28   -O                                                                        (1 = 0.9%) {48.2%}
29   ---O                                                                      (3 = 2.6%) {49.1%}
31   -----O                                                                    (5 = 4.4%) {51.8%}
33   O                                                                         (0 = 0.0%) {56.1%}
35   --O                                                                       (2 = 1.8%) {56.1%}
37   ----O                                                                     (4 = 3.5%) {57.9%}
39   -O                                                                        (1 = 0.9%) {61.4%}
41   ----O                                                                     (4 = 3.5%) {62.3%}
43   --O                                                                       (2 = 1.8%) {65.8%}
45   O                                                                         (0 = 0.0%) {67.5%}
47   -O                                                                        (1 = 0.9%) {67.5%}
49   --O                                                                       (2 = 1.8%) {68.4%}
52   -----O                                                                    (5 = 4.4%) {70.2%}
55   ... 
61   -O                                                                        (1 = 0.9%) {74.6%}
64   O                                                                         (0 = 0.0%) {75.4%}
67   --O                                                                       (2 = 1.8%) {75.4%}
70   O                                                                         (0 = 0.0%) {77.2%}
74   --O                                                                       (2 = 1.8%) {77.2%}
78   -O                                                                        (1 = 0.9%) {78.9%}
82   --O                                                                       (2 = 1.8%) {79.8%}
86   -O                                                                        (1 = 0.9%) {81.6%}
90   --O                                                                       (2 = 1.8%) {82.5%}
95   -O                                                                        (1 = 0.9%) {84.2%}
100  -O                                                                        (1 = 0.9%) {85.1%}
105  -O                                                                        (1 = 0.9%) {86.0%}
110  ... 
135  -O                                                                        (1 = 0.9%) {86.8%}
142  -----O                                                                    (5 = 4.4%) {87.7%}
149  -O                                                                        (1 = 0.9%) {92.1%}
157  ... 
173  --O                                                                       (2 = 1.8%) {93.0%}
182  --O                                                                       (2 = 1.8%) {94.7%}
191  ... 
233  -O                                                                        (1 = 0.9%) {96.5%}
245  ... 
366  --O                                                                       (2 = 1.8%) {97.4%}
385  -O                                                                        (1 = 0.9%) {99.1%}
405  ... 

Histogram: Scheduling.ThreadController.ActiveIntervalOnCpuPercentage.Any.BrowserUI recorded 30 samples, mean = 83.3 (flags = 0x41)
0    -----O                                                                    (5 = 16.7%)
1    ... 
100  -------------------------O                                                (25 = 83.3%) {16.7%}
101  O                                                                         (0 = 0.0%) {100.0%}

Histogram: Scheduling.ThreadController.ActiveIntervalOnCpuPercentage.Any.Other recorded 115 samples, mean = 90.4 (flags = 0x41)
0    --O                                                                       (2 = 1.7%)
1    ... 
60   -O                                                                        (1 = 0.9%) {1.7%}
61   ... 
71   -O                                                                        (1 = 0.9%) {2.6%}
72   O                                                                         (0 = 0.0%) {3.5%}
73   -O                                                                        (1 = 0.9%) {3.5%}
74   O                                                                         (0 = 0.0%) {4.3%}
75   ------O                                                                   (6 = 5.2%) {4.3%}
76   --O                                                                       (2 = 1.7%) {9.6%}
77   ---O                                                                      (3 = 2.6%) {11.3%}
78   ---O                                                                      (3 = 2.6%) {13.9%}
79   ... 
81   -O                                                                        (1 = 0.9%) {16.5%}
82   O                                                                         (0 = 0.0%) {17.4%}
83   -O                                                                        (1 = 0.9%) {17.4%}
84   ---O                                                                      (3 = 2.6%) {18.3%}
85   --O                                                                       (2 = 1.7%) {20.9%}
86   O                                                                         (0 = 0.0%) {22.6%}
87   -------------O                                                            (13 = 11.3%) {22.6%}
88   ---O                                                                      (3 = 2.6%) {33.9%}
89   O                                                                         (0 = 0.0%) {36.5%}
90   --O                                                                       (2 = 1.7%) {36.5%}
91   -O                                                                        (1 = 0.9%) {38.3%}
92   ... 
94   ---O                                                                      (3 = 2.6%) {39.1%}
95   ---O                                                                      (3 = 2.6%) {41.7%}
96   ----------O                                                               (10 = 8.7%) {44.3%}
97   ---------O                                                                (9 = 7.8%) {53.0%}
98   ----------O                                                               (10 = 8.7%) {60.9%}
99   --------O                                                                 (8 = 7.0%) {69.6%}
100  ---------------------------O                                              (27 = 23.5%) {76.5%}
101  O                                                                         (0 = 0.0%) {100.0%}

Histogram: Scheduling.ThreadController.ActiveIntervalOnCpuPercentage.Medium.Other recorded 1 samples, mean = 0.0 (flags = 0x41)
0  -O                                                                        (1 = 100.0%)
1  ... 

Histogram: Scheduling.ThreadController.ActiveIntervalOnCpuPercentage.Short.BrowserUI recorded 30 samples, mean = 83.3 (flags = 0x41)
0    -----O                                                                    (5 = 16.7%)
1    ... 
100  -------------------------O                                                (25 = 83.3%) {16.7%}
101  O                                                                         (0 = 0.0%) {100.0%}

Histogram: Scheduling.ThreadController.ActiveIntervalOnCpuPercentage.Short.Other recorded 114 samples, mean = 91.2 (flags = 0x41)
0    -O                                                                        (1 = 0.9%)
1    ... 
60   -O                                                                        (1 = 0.9%) {0.9%}
61   ... 
71   -O                                                                        (1 = 0.9%) {1.8%}
72   O                                                                         (0 = 0.0%) {2.6%}
73   -O                                                                        (1 = 0.9%) {2.6%}
74   O                                                                         (0 = 0.0%) {3.5%}
75   ------O                                                                   (6 = 5.3%) {3.5%}
76   --O                                                                       (2 = 1.8%) {8.8%}
77   ---O                                                                      (3 = 2.6%) {10.5%}
78   ---O                                                                      (3 = 2.6%) {13.2%}
79   ... 
81   -O                                                                        (1 = 0.9%) {15.8%}
82   O                                                                         (0 = 0.0%) {16.7%}
83   -O                                                                        (1 = 0.9%) {16.7%}
84   ---O                                                                      (3 = 2.6%) {17.5%}
85   --O                                                                       (2 = 1.8%) {20.2%}
86   O                                                                         (0 = 0.0%) {21.9%}
87   -------------O                                                            (13 = 11.4%) {21.9%}
88   ---O                                                                      (3 = 2.6%) {33.3%}
89   O                                                                         (0 = 0.0%) {36.0%}
90   --O                                                                       (2 = 1.8%) {36.0%}
91   -O                                                                        (1 = 0.9%) {37.7%}
92   ... 
94   ---O                                                                      (3 = 2.6%) {38.6%}
95   ---O                                                                      (3 = 2.6%) {41.2%}
96   ----------O                                                               (10 = 8.8%) {43.9%}
97   ---------O                                                                (9 = 7.9%) {52.6%}
98   ----------O                                                               (10 = 8.8%) {60.5%}
99   --------O                                                                 (8 = 7.0%) {69.3%}
100  ---------------------------O                                              (27 = 23.7%) {76.3%}
101  O                                                                         (0 = 0.0%) {100.0%}

Histogram: Scheduling.ThreadController.IdleDuration.Any.BrowserUI recorded 30 samples, mean = 0.0 (flags = 0x41)
0  ------------------------------O                                           (30 = 100.0%)
1  ... 

Histogram: Scheduling.ThreadController.IdleDuration.Any.Other recorded 74 samples, mean = 2112.7 (flags = 0x41)
0      ----------------------------O                                             (28 = 37.8%)
1      O                                                                         (0 = 0.0%) {37.8%}
2      --O                                                                       (2 = 2.7%) {37.8%}
3      -O                                                                        (1 = 1.4%) {40.5%}
4      ... 
8      --O                                                                       (2 = 2.7%) {41.9%}
10     ... 
20     -O                                                                        (1 = 1.4%) {44.6%}
24     ... 
81     ----O                                                                     (4 = 5.4%) {45.9%}
96     -------O                                                                  (7 = 9.5%) {51.4%}
114    -O                                                                        (1 = 1.4%) {60.8%}
135    ... 
318    -O                                                                        (1 = 1.4%) {62.2%}
378    ... 
894    --------O                                                                 (8 = 10.8%) {63.5%}
1062   ... 
1782   -O                                                                        (1 = 1.4%) {74.3%}
2117   -O                                                                        (1 = 1.4%) {75.7%}
2516   -O                                                                        (1 = 1.4%) {77.0%}
2990   O                                                                         (0 = 0.0%) {78.4%}
3553   ------------O                                                             (12 = 16.2%) {78.4%}
4222   ... 
5961   -O                                                                        (1 = 1.4%) {94.6%}
7083   ... 
10000  ---O                                                                      (3 = 4.1%) {95.9%}

Histogram: Scheduling.ThreadController.IdleDuration.Medium.Other recorded 13 samples, mean = 54.6 (flags = 0x41)
0   ... 
2   --O                                                                       (2 = 15.4%) {0.0%}
3   -O                                                                        (1 = 7.7%) {15.4%}
4   ... 
9   --O                                                                       (2 = 15.4%) {23.1%}
10  ... 
20  -O                                                                        (1 = 7.7%) {38.5%}
21  ... 
92  ---O                                                                      (3 = 23.1%) {46.2%}
93  -O                                                                        (1 = 7.7%) {69.2%}
94  ... 
98  ---O                                                                      (3 = 23.1%) {76.9%}
100 O                                                                         (0 = 0.0%) {100.0%}

Histogram: Scheduling.ThreadController.IdleDuration.Short.BrowserUI recorded 30 samples, mean = 3.9 (flags = 0x41)
0   ... 
2   ----------------------O                                                   (22 = 73.3%) {0.0%}
3   --O                                                                       (2 = 6.7%) {73.3%}
4   -O                                                                        (1 = 3.3%) {80.0%}
5   --O                                                                       (2 = 6.7%) {83.3%}
6   --O                                                                       (2 = 6.7%) {90.0%}
7   ... 
39  -O                                                                        (1 = 3.3%) {96.7%}
41  ... 

Histogram: Scheduling.ThreadController.IdleDuration.Short.Other recorded 28 samples, mean = 138.2 (flags = 0x41)
0    ... 
16   -O                                                                        (1 = 3.6%) {0.0%}
17   -O                                                                        (1 = 3.6%) {3.6%}
18   ---O                                                                      (3 = 10.7%) {7.1%}
19   --O                                                                       (2 = 7.1%) {17.9%}
20   -O                                                                        (1 = 3.6%) {25.0%}
21   O                                                                         (0 = 0.0%) {28.6%}
22   -O                                                                        (1 = 3.6%) {28.6%}
23   -O                                                                        (1 = 3.6%) {32.1%}
24   ... 
27   -O                                                                        (1 = 3.6%) {35.7%}
28   ... 
39   -O                                                                        (1 = 3.6%) {39.3%}
41   ... 
47   -O                                                                        (1 = 3.6%) {42.9%}
49   ... 
64   -O                                                                        (1 = 3.6%) {46.4%}
67   ... 
82   -O                                                                        (1 = 3.6%) {50.0%}
86   ... 
100  -O                                                                        (1 = 3.6%) {53.6%}
105  O                                                                         (0 = 0.0%) {57.1%}
110  -O                                                                        (1 = 3.6%) {57.1%}
116  ... 
149  -O                                                                        (1 = 3.6%) {60.7%}
157  O                                                                         (0 = 0.0%) {64.3%}
165  --O                                                                       (2 = 7.1%) {64.3%}
173  -O                                                                        (1 = 3.6%) {71.4%}
182  ... 
201  -O                                                                        (1 = 3.6%) {75.0%}
211  -O                                                                        (1 = 3.6%) {78.6%}
222  -O                                                                        (1 = 3.6%) {82.1%}
233  ... 
285  --O                                                                       (2 = 7.1%) {85.7%}
300  ... 
331  -O                                                                        (1 = 3.6%) {92.9%}
348  ... 
951  -O                                                                        (1 = 3.6%) {96.4%}
1000 O                                                                         (0 = 0.0%) {100.0%}

Histogram: Search.ChoiceReprompt recorded 1 samples, mean = 6.0 (flags = 0x41)
0  ... 
6  -O                                                                        (1 = 100.0%) {0.0%}
7  O                                                                         (0 = 0.0%) {100.0%}

Histogram: Search.SearchProviderOverrideStatus recorded 1 samples, mean = 0.0 (flags = 0x41)
0  -O                                                                        (1 = 100.0%)
1  ... 

Histogram: Security.GwpAsan.Activated.Malloc.Browser recorded 1 samples, mean = 0.0 (flags = 0x41)
0  -O                                                                        (1 = 100.0%)
1  ... 

Histogram: Security.GwpAsan.Activated.PartitionAlloc.Browser recorded 1 samples, mean = 0.0 (flags = 0x41)
0  -O                                                                        (1 = 100.0%)
1  ... 

Histogram: Security.HttpsFirstMode.SettingEnabledAtStartup recorded 1 samples, mean = 0.0 (flags = 0x41)
0  -O                                                                        (1 = 100.0%)
1  ... 

Histogram: Security.JSONParser.ChromiumExtensionUsage recorded 1 samples, mean = 1.0 (flags = 0x41)
0  O                                                                         (0 = 0.0%)
1  -O                                                                        (1 = 100.0%) {0.0%}
2  ... 

Histogram: Security.JSONParser.ParsingTime recorded 108 samples, mean = 9.7 (flags = 0x41)
0    ---------------------O                                                    (21 = 19.4%)
1    -----------------------------------------------O                          (47 = 43.5%) {19.4%}
2    --O                                                                       (2 = 1.9%) {63.0%}
3    ----O                                                                     (4 = 3.7%) {64.8%}
4    -O                                                                        (1 = 0.9%) {68.5%}
5    ---------------O                                                          (15 = 13.9%) {69.4%}
7    ---O                                                                      (3 = 2.8%) {83.3%}
9    -O                                                                        (1 = 0.9%) {86.1%}
12   O                                                                         (0 = 0.0%) {87.0%}
16   -O                                                                        (1 = 0.9%) {87.0%}
21   ----O                                                                     (4 = 3.7%) {88.0%}
28   O                                                                         (0 = 0.0%) {91.7%}
37   ----O                                                                     (4 = 3.7%) {91.7%}
49   --O                                                                       (2 = 1.9%) {95.4%}
65   O                                                                         (0 = 0.0%) {97.2%}
86   -O                                                                        (1 = 0.9%) {97.2%}
113  -O                                                                        (1 = 0.9%) {98.1%}
149  O                                                                         (0 = 0.0%) {99.1%}
196  -O                                                                        (1 = 0.9%) {99.1%}
258  ... 

Histogram: Security.NavigationRequestSecurityLevel recorded 2 samples, mean = 1.0 (flags = 0x41)
0  O                                                                         (0 = 0.0%)
1  --O                                                                       (2 = 100.0%) {0.0%}
2  ... 

Histogram: Security.PageEndReason.SECURE recorded 1 samples, mean = 6.0 (flags = 0x41)
0  ... 
6  -O                                                                        (1 = 100.0%) {0.0%}
7  ... 

Histogram: Security.PageEndReason.SafetyTip_None recorded 1 samples, mean = 6.0 (flags = 0x41)
0  ... 
6  -O                                                                        (1 = 100.0%) {0.0%}
7  ... 

Histogram: Security.PrivateNetworkAccess.CheckResult recorded 50 samples, mean = 1.7 (flags = 0x41)
0   --------O                                                                 (8 = 16.0%)
1   --------------------------------------O                                   (38 = 76.0%) {16.0%}
2   ... 
12  ----O                                                                     (4 = 8.0%) {92.0%}
13  O                                                                         (0 = 0.0%) {100.0%}

Histogram: Security.SCTAuditing.NumPersistedReportsLoaded recorded 1 samples, mean = 0.0 (flags = 0x41)
0  -O                                                                        (1 = 100.0%)
1  ... 

Histogram: Security.SafetyTips.GetReputationStatusWithEngagedSitesTime recorded 1 samples, mean = 0.0 (flags = 0x41)
0  -O                                                                        (1 = 100.0%)
1  ... 

Histogram: Security.SafetyTips.ReputationCheckComplete.DidFinishNavigation recorded 1 samples, mean = 1.0 (flags = 0x41)
0  O                                                                         (0 = 0.0%)
1  -O                                                                        (1 = 100.0%) {0.0%}
2  ... 

Histogram: Security.SafetyTips.SafetyTipShown recorded 1 samples, mean = 1.0 (flags = 0x41)
0  O                                                                         (0 = 0.0%)
1  -O                                                                        (1 = 100.0%) {0.0%}
2  ... 

Histogram: Security.SafetyTips.StatusWithInitiator.Unknown recorded 1 samples, mean = 1.0 (flags = 0x41)
0  O                                                                         (0 = 0.0%)
1  -O                                                                        (1 = 100.0%) {0.0%}
2  ... 

Histogram: Security.SecurityLevel.OnCommit recorded 1 samples, mean = 3.0 (flags = 0x41)
0  ... 
3  -O                                                                        (1 = 100.0%) {0.0%}
4  ... 

Histogram: Security.SecurityLevel.OnComplete recorded 1 samples, mean = 3.0 (flags = 0x41)
0  ... 
3  -O                                                                        (1 = 100.0%) {0.0%}
4  ... 

Histogram: Security.SiteEngagement.SECURE recorded 1 samples, mean = 32.0 (flags = 0x41)
0   ... 
32  -O                                                                        (1 = 100.0%) {0.0%}
33  ... 

Histogram: Security.SiteEngagement.SafetyTip_None recorded 1 samples, mean = 32.0 (flags = 0x41)
0   ... 
32  -O                                                                        (1 = 100.0%) {0.0%}
33  ... 

Histogram: Security.TimeOnPage2.SECURE recorded 1 samples, mean = 11295835.0 (flags = 0x41)
0        ... 
3600000  -O                                                                        (1 = 100.0%) {0.0%}

Histogram: Security.TimeOnPage2.SafetyTip_None recorded 1 samples, mean = 11295835.0 (flags = 0x41)
0        ... 
3600000  -O                                                                        (1 = 100.0%) {0.0%}

Histogram: SegmentationPlatform.Database.UpdateUrlForUkmSource recorded 6 samples, mean = 0.2 (flags = 0x41)
0  -----O                                                                    (5 = 83.3%)
1  -O                                                                        (1 = 16.7%) {83.3%}
2  ... 

Histogram: SegmentationPlatform.Init.ProcessCreationToServiceCreationLatency recorded 1 samples, mean = 26760356.0 (flags = 0x41)
0       ... 
180000  -O                                                                        (1 = 100.0%) {0.0%}

Histogram: SegmentationPlatform.SelectionFailedReason.ChromeLowUserEngagement recorded 2 samples, mean = 13.5 (flags = 0x41)
0   ... 
10  -O                                                                        (1 = 50.0%) {0.0%}
11  ... 
17  -O                                                                        (1 = 50.0%) {50.0%}
18  ... 

Histogram: SegmentationPlatform.SelectionFailedReason.ComposePromotion recorded 2 samples, mean = 13.5 (flags = 0x41)
0   ... 
10  -O                                                                        (1 = 50.0%) {0.0%}
11  ... 
17  -O                                                                        (1 = 50.0%) {50.0%}
18  ... 

Histogram: SegmentationPlatform.SelectionFailedReason.CrossDeviceUser recorded 2 samples, mean = 13.0 (flags = 0x41)
0   ... 
10  -O                                                                        (1 = 50.0%) {0.0%}
11  ... 
16  -O                                                                        (1 = 50.0%) {50.0%}
17  ... 

Histogram: SegmentationPlatform.SelectionFailedReason.DatabaseApiClients recorded 2 samples, mean = 13.5 (flags = 0x41)
0   ... 
10  -O                                                                        (1 = 50.0%) {0.0%}
11  ... 
17  -O                                                                        (1 = 50.0%) {50.0%}
18  ... 

Histogram: SegmentationPlatform.SelectionFailedReason.DeviceSwitcher recorded 2 samples, mean = 13.5 (flags = 0x41)
0   ... 
10  -O                                                                        (1 = 50.0%) {0.0%}
11  ... 
17  -O                                                                        (1 = 50.0%) {50.0%}
18  ... 

Histogram: SegmentationPlatform.SelectionFailedReason.PasswordManagerUser recorded 2 samples, mean = 13.0 (flags = 0x41)
0   ... 
10  -O                                                                        (1 = 50.0%) {0.0%}
11  ... 
16  -O                                                                        (1 = 50.0%) {50.0%}
17  ... 

Histogram: SegmentationPlatform.SelectionFailedReason.ResumeHeavyUser recorded 2 samples, mean = 13.0 (flags = 0x41)
0   ... 
10  -O                                                                        (1 = 50.0%) {0.0%}
11  ... 
16  -O                                                                        (1 = 50.0%) {50.0%}
17  ... 

Histogram: SegmentationPlatform.SelectionFailedReason.SearchUser recorded 2 samples, mean = 13.0 (flags = 0x41)
0   ... 
10  -O                                                                        (1 = 50.0%) {0.0%}
11  ... 
16  -O                                                                        (1 = 50.0%) {50.0%}
17  ... 

Histogram: SegmentationPlatform.SelectionFailedReason.ShoppingUser recorded 2 samples, mean = 13.0 (flags = 0x41)
0   ... 
10  -O                                                                        (1 = 50.0%) {0.0%}
11  ... 
16  -O                                                                        (1 = 50.0%) {50.0%}
17  ... 

Histogram: SegmentationPlatform.SelectionFailedReason.URLVisitResumptionRanker recorded 2 samples, mean = 13.5 (flags = 0x41)
0   ... 
10  -O                                                                        (1 = 50.0%) {0.0%}
11  ... 
17  -O                                                                        (1 = 50.0%) {50.0%}
18  ... 

Histogram: SegmentationPlatform.SelectionFailedReason.WebAppInstallationPromo recorded 2 samples, mean = 13.5 (flags = 0x41)
0   ... 
10  -O                                                                        (1 = 50.0%) {0.0%}
11  ... 
17  -O                                                                        (1 = 50.0%) {50.0%}
18  ... 

Histogram: SegmentationPlatform.SyncSessions.TabsCountAtStartup recorded 1 samples, mean = 0.0 (flags = 0x41)
0  -O                                                                        (1 = 100.0%)
1  ... 

Histogram: SegmentationPlatform.UkmDatabase.InitTime recorded 1 samples, mean = 0.0 (flags = 0x41)
0  -O                                                                        (1 = 100.0%)
1  ... 

Histogram: ServiceWorker.FindRegistrationForClientUrl.IsCalledForNavigation recorded 5 samples, mean = 0.2 (flags = 0x41)
0  ----O                                                                     (4 = 80.0%)
1  -O                                                                        (1 = 20.0%) {80.0%}
2  O                                                                         (0 = 0.0%) {100.0%}

Histogram: ServiceWorker.FindRegistrationForClientUrl.SkippedMojoCall.OnNavigation recorded 1 samples, mean = 0.0 (flags = 0x41)
0  -O                                                                        (1 = 100.0%)
1  ... 

Histogram: ServiceWorker.OnBrowserStartup.SkipServiceWorkerOnFirstNavigation recorded 1 samples, mean = 0.0 (flags = 0x41)
0  -O                                                                        (1 = 100.0%)
1  ... 

Histogram: ServiceWorker.RegisteredStorageKeyCount recorded 1 samples, mean = 0.0 (flags = 0x41)
0  -O                                                                        (1 = 100.0%)
1  ... 

Histogram: ServiceWorker.Storage.ReadInitialDataFromDB.Time recorded 1 samples, mean = 0.0 (flags = 0x41)
0  -O                                                                        (1 = 100.0%)
1  ... 

Histogram: ServiceWorker.Storage.RegisteredStorageKeyCacheInitialization.Time recorded 1 samples, mean = 1715.0 (flags = 0x41)
0     ... 
1496  -O                                                                        (1 = 100.0%) {0.0%}
1901  ... 

Histogram: SessionRestore.UnrecoverableWriteErrorCount recorded 1 samples, mean = 0.0 (flags = 0x41)
0  -O                                                                        (1 = 100.0%)
1  ... 

Histogram: SessionStorageContext.CommitResult recorded 2 samples, mean = 0.0 (flags = 0x41)
0  --O                                                                       (2 = 100.0%)
1  ... 

Histogram: Settings.AdvancedSpellcheck.OnStartup2 recorded 1 samples, mean = 0.0 (flags = 0x41)
0  -O                                                                        (1 = 100.0%)
1  ... 

Histogram: Settings.AutocompleteSearches.OnStartup2 recorded 1 samples, mean = 1.0 (flags = 0x41)
0  O                                                                         (0 = 0.0%)
1  -O                                                                        (1 = 100.0%) {0.0%}
2  O                                                                         (0 = 0.0%) {100.0%}

Histogram: Settings.FingerprintingProtection.Enabled recorded 1 samples, mean = 0.0 (flags = 0x41)
0  -O                                                                        (1 = 100.0%)
1  ... 

Histogram: Settings.FirstPartySets.State recorded 1 samples, mean = 0.0 (flags = 0x41)
0  -O                                                                        (1 = 100.0%)
1  ... 

Histogram: Settings.IpProtection.Enabled recorded 1 samples, mean = 0.0 (flags = 0x41)
0  -O                                                                        (1 = 100.0%)
1  ... 

Histogram: Settings.PreloadStatus.OnStartup3 recorded 1 samples, mean = 1.0 (flags = 0x41)
0  O                                                                         (0 = 0.0%)
1  -O                                                                        (1 = 100.0%) {0.0%}
2  ... 

Histogram: Settings.PrivacySandbox.AdMeasurement.Enabled recorded 1 samples, mean = 0.0 (flags = 0x41)
0  -O                                                                        (1 = 100.0%)
1  ... 

Histogram: Settings.PrivacySandbox.Fledge.Enabled recorded 1 samples, mean = 0.0 (flags = 0x41)
0  -O                                                                        (1 = 100.0%)
1  ... 

Histogram: Settings.PrivacySandbox.Topics.Enabled recorded 1 samples, mean = 0.0 (flags = 0x41)
0  -O                                                                        (1 = 100.0%)
1  ... 

Histogram: Settings.ShowHomeButton2 recorded 1 samples, mean = 0.0 (flags = 0x41)
0  -O                                                                        (1 = 100.0%)
1  ... 

Histogram: Settings.StartupPageLoadSettings2 recorded 1 samples, mean = 5.0 (flags = 0x41)
0  ... 
5  -O                                                                        (1 = 100.0%) {0.0%}
6  ... 

Histogram: Settings.TrackedPreferenceUnchanged recorded 18 samples, mean = 14.5 (flags = 0x41)
0   -O                                                                        (1 = 5.6%)
1   -O                                                                        (1 = 5.6%) {5.6%}
2   -O                                                                        (1 = 5.6%) {11.1%}
3   -O                                                                        (1 = 5.6%) {16.7%}
4   -O                                                                        (1 = 5.6%) {22.2%}
5   -O                                                                        (1 = 5.6%) {27.8%}
6   -O                                                                        (1 = 5.6%) {33.3%}
7   -O                                                                        (1 = 5.6%) {38.9%}
8   ... 
11  -O                                                                        (1 = 5.6%) {44.4%}
12  ... 
14  -O                                                                        (1 = 5.6%) {50.0%}
15  -O                                                                        (1 = 5.6%) {55.6%}
16  ... 
18  -O                                                                        (1 = 5.6%) {61.1%}
19  ... 
23  -O                                                                        (1 = 5.6%) {66.7%}
24  -O                                                                        (1 = 5.6%) {72.2%}
25  ... 
29  -O                                                                        (1 = 5.6%) {77.8%}
30  ... 
32  -O                                                                        (1 = 5.6%) {83.3%}
33  -O                                                                        (1 = 5.6%) {88.9%}
34  -O                                                                        (1 = 5.6%) {94.4%}
35  O                                                                         (0 = 0.0%) {100.0%}

Histogram: Settings.TrackedPreferenceUnchanged.FromRegistry recorded 18 samples, mean = 14.5 (flags = 0x41)
0   -O                                                                        (1 = 5.6%)
1   -O                                                                        (1 = 5.6%) {5.6%}
2   -O                                                                        (1 = 5.6%) {11.1%}
3   -O                                                                        (1 = 5.6%) {16.7%}
4   -O                                                                        (1 = 5.6%) {22.2%}
5   -O                                                                        (1 = 5.6%) {27.8%}
6   -O                                                                        (1 = 5.6%) {33.3%}
7   -O                                                                        (1 = 5.6%) {38.9%}
8   ... 
11  -O                                                                        (1 = 5.6%) {44.4%}
12  ... 
14  -O                                                                        (1 = 5.6%) {50.0%}
15  -O                                                                        (1 = 5.6%) {55.6%}
16  ... 
18  -O                                                                        (1 = 5.6%) {61.1%}
19  ... 
23  -O                                                                        (1 = 5.6%) {66.7%}
24  -O                                                                        (1 = 5.6%) {72.2%}
25  ... 
29  -O                                                                        (1 = 5.6%) {77.8%}
30  ... 
32  -O                                                                        (1 = 5.6%) {83.3%}
33  -O                                                                        (1 = 5.6%) {88.9%}
34  -O                                                                        (1 = 5.6%) {94.4%}
35  O                                                                         (0 = 0.0%) {100.0%}

Histogram: Settings.TrackingProtection.Enabled recorded 1 samples, mean = 0.0 (flags = 0x41)
0  -O                                                                        (1 = 100.0%)
1  ... 

Histogram: SharedDictionary.TimeInitializeDB recorded 1 samples, mean = 1.0 (flags = 0x41)
0  O                                                                         (0 = 0.0%)
1  -O                                                                        (1 = 100.0%) {0.0%}
2  ... 

Histogram: Signin.APIKeyMatchesFeatureOnStartup recorded 3 samples, mean = 0.0 (flags = 0x41)
0  ---O                                                                      (3 = 100.0%)
1  ... 

Histogram: Signin.AccountTracker.CountOfLoadedAccounts recorded 1 samples, mean = 0.0 (flags = 0x41)
0  -O                                                                        (1 = 100.0%)
1  ... 

Histogram: Signin.ExplicitSigninMigration recorded 1 samples, mean = 0.0 (flags = 0x41)
0  -O                                                                        (1 = 100.0%)
1  ... 

Histogram: Signin.HadPreviousSyncAccount.SignedOutOnProfileLoad recorded 1 samples, mean = 0.0 (flags = 0x41)
0  -O                                                                        (1 = 100.0%)
1  ... 

Histogram: Signin.HadPreviousSyncAccount.SyncOffOnProfileLoad recorded 1 samples, mean = 0.0 (flags = 0x41)
0  -O                                                                        (1 = 100.0%)
1  ... 

Histogram: Signin.ListAccountsFailure recorded 1 samples, mean = 0.0 (flags = 0x41)
0  -O                                                                        (1 = 100.0%)
1  ... 

Histogram: Signin.PAMInitialize.PrimaryAccountPrefs recorded 1 samples, mean = 2.0 (flags = 0x41)
0  ... 
2  -O                                                                        (1 = 100.0%) {0.0%}
3  ... 

Histogram: Signin.SigninAllowed recorded 1 samples, mean = 0.0 (flags = 0x41)
0  -O                                                                        (1 = 100.0%)
1  ... 

Histogram: Signin.TokenTable.GetAllTokensSqlStatementValidity recorded 1 samples, mean = 1.0 (flags = 0x41)
0  O                                                                         (0 = 0.0%)
1  -O                                                                        (1 = 100.0%) {0.0%}
2  O                                                                         (0 = 0.0%) {100.0%}

Histogram: SimpleCache.App.CacheSizeOnInit recorded 1 samples, mean = 0.0 (flags = 0x41)
0  -O                                                                        (1 = 100.0%)
1000... 

Histogram: SimpleCache.App.ConsistencyResult recorded 1 samples, mean = 0.0 (flags = 0x41)
0  -O                                                                        (1 = 100.0%)
1  ... 

Histogram: SimpleCache.App.CreationToIndex recorded 1 samples, mean = 0.0 (flags = 0x41)
0  -O                                                                        (1 = 100.0%)
1  ... 

Histogram: SimpleCache.App.IndexFileStateOnLoad recorded 1 samples, mean = 2.0 (flags = 0x41)
0  ... 
2  -O                                                                        (1 = 100.0%) {0.0%}
3  ... 

Histogram: SimpleCache.App.IndexInitializeMethod recorded 1 samples, mean = 1.0 (flags = 0x41)
0  O                                                                         (0 = 0.0%)
1  -O                                                                        (1 = 100.0%) {0.0%}
2  ... 

Histogram: SimpleCache.App.IndexNumEntriesOnInit recorded 1 samples, mean = 0.0 (flags = 0x41)
0  -O                                                                        (1 = 100.0%)
1  ... 

Histogram: SimpleCache.App.MaxCacheSizeOnInit recorded 1 samples, mean = 0.0 (flags = 0x41)
0  -O                                                                        (1 = 100.0%)
1000... 

Histogram: SimpleCache.Code.CacheSizeOnInit recorded 1 samples, mean = 20717.0 (flags = 0x41)
0      ... 
19642  -O                                                                        (1 = 100.0%) {0.0%}
22357  ... 

Histogram: SimpleCache.Code.ConsistencyResult recorded 1 samples, mean = 0.0 (flags = 0x41)
0  -O                                                                        (1 = 100.0%)
1  ... 

Histogram: SimpleCache.Code.CreationToIndex recorded 1 samples, mean = 0.0 (flags = 0x41)
0  -O                                                                        (1 = 100.0%)
1  ... 

Histogram: SimpleCache.Code.DiskCloseLatency recorded 29 samples, mean = 0.0 (flags = 0x41)
0  -----------------------------O                                            (29 = 100.0%)
1  ... 

Histogram: SimpleCache.Code.DiskCreateLatency recorded 1 samples, mean = 0.0 (flags = 0x40)
0  -O                                                                        (1 = 100.0%)
1  ... 

Histogram: SimpleCache.Code.DiskDoomLatency recorded 1 samples, mean = 0.0 (flags = 0x41)
0  -O                                                                        (1 = 100.0%)
1  ... 

Histogram: SimpleCache.Code.DiskOpenLatency recorded 28 samples, mean = 0.0 (flags = 0x41)
0  ----------------------------O                                             (28 = 100.0%)
1  ... 

Histogram: SimpleCache.Code.EntryCreationTime recorded 29 samples, mean = 0.0 (flags = 0x41)
0  -----------------------------O                                            (29 = 100.0%)
1  ... 

Histogram: SimpleCache.Code.HeaderSize recorded 2 samples, mean = 36.0 (flags = 0x41)
0   ... 
34  --O                                                                       (2 = 100.0%) {0.0%}
40  ... 

Histogram: SimpleCache.Code.IndexFileStateOnLoad recorded 1 samples, mean = 2.0 (flags = 0x41)
0  ... 
2  -O                                                                        (1 = 100.0%) {0.0%}
3  ... 

Histogram: SimpleCache.Code.IndexInitializeMethod recorded 1 samples, mean = 1.0 (flags = 0x41)
0  O                                                                         (0 = 0.0%)
1  -O                                                                        (1 = 100.0%) {0.0%}
2  ... 

Histogram: SimpleCache.Code.IndexNumEntriesOnInit recorded 1 samples, mean = 275.0 (flags = 0x41)
0    ... 
233  -O                                                                        (1 = 100.0%) {0.0%}
292  ... 

Histogram: SimpleCache.Code.MaxCacheSizeOnInit recorded 1 samples, mean = 327680.0 (flags = 0x41)
0       ... 
297881  -O                                                                        (1 = 100.0%) {0.0%}
339058  ... 

Histogram: SimpleCache.Code.OpenEntryIndexState recorded 33 samples, mean = 1.8 (flags = 0x41)
0  O                                                                         (0 = 0.0%)
1  -----O                                                                    (5 = 15.2%) {0.0%}
2  ----------------------------O                                             (28 = 84.8%) {15.2%}
3  O                                                                         (0 = 0.0%) {100.0%}

Histogram: SimpleCache.Code.SyncCheckEOFResult recorded 38 samples, mean = 0.0 (flags = 0x40)
0  --------------------------------------O                                   (38 = 100.0%)
1  ... 

Histogram: SimpleCache.Code.SyncCloseResult recorded 29 samples, mean = 0.0 (flags = 0x40)
0  -----------------------------O                                            (29 = 100.0%)
1  ... 

Histogram: SimpleCache.Code.SyncOpenPrefetchMode recorded 28 samples, mean = 0.0 (flags = 0x41)
0  ----------------------------O                                             (28 = 100.0%)
1  ... 

Histogram: SimpleCache.Code.SyncOpenResult recorded 28 samples, mean = 0.0 (flags = 0x40)
0  ----------------------------O                                             (28 = 100.0%)
1  ... 

Histogram: SiteEngagementService.EngagementScore recorded 1 samples, mean = 32.0 (flags = 0x41)
0   ... 
32  -O                                                                        (1 = 100.0%) {0.0%}
34  ... 

Histogram: SiteEngagementService.EngagementType recorded 1 samples, mean = 0.0 (flags = 0x41)
0  -O                                                                        (1 = 100.0%)
1  ... 

Histogram: SiteEngagementService.MeanEngagement recorded 1 samples, mean = 32.0 (flags = 0x41)
0   ... 
32  -O                                                                        (1 = 100.0%) {0.0%}
34  ... 

Histogram: SiteEngagementService.MedianEngagement recorded 1 samples, mean = 32.0 (flags = 0x41)
0   ... 
32  -O                                                                        (1 = 100.0%) {0.0%}
34  ... 

Histogram: SiteEngagementService.OriginsEngaged recorded 1 samples, mean = 1.0 (flags = 0x41)
0  O                                                                         (0 = 0.0%)
1  -O                                                                        (1 = 100.0%) {0.0%}
2  ... 

Histogram: SiteIsolatedCodeCache.JS.Behaviour recorded 34 samples, mean = 0.4 (flags = 0x41)
0  ---------------------------O                                              (27 = 79.4%)
1  ----O                                                                     (4 = 11.8%) {79.4%}
2  -O                                                                        (1 = 2.9%) {91.2%}
3  -O                                                                        (1 = 2.9%) {94.1%}
4  -O                                                                        (1 = 2.9%) {97.1%}
5  ... 

Histogram: SiteIsolatedCodeCache.JS.FetchCodeCache recorded 21 samples, mean = 0.0 (flags = 0x41)
0  --------------------O                                                     (20 = 95.2%)
1  -O                                                                        (1 = 4.8%) {95.2%}
2  ... 

Histogram: SiteIsolatedCodeCache.JS.Hit recorded 25 samples, mean = 0.8 (flags = 0x41)
0  ----O                                                                     (4 = 16.0%)
1  ---------------------O                                                    (21 = 84.0%) {16.0%}
2  O                                                                         (0 = 0.0%) {100.0%}

Histogram: SiteIsolatedCodeCache.JS.PotentialMemoryBackedCodeCacheHit recorded 25 samples, mean = 0.0 (flags = 0x41)
0  -------------------------O                                                (25 = 100.0%)
1  ... 

Histogram: SiteIsolatedCodeCache.JS.PotentialMemoryBackedCodeCacheSize2 recorded 37 samples, mean = 2294966.0 (flags = 0x41)
0        ... 
2016476  -------------------------------------O                                    (37 = 100.0%) {0.0%}
2896094  ... 

Histogram: SiteIsolatedCodeCache.WASM.Behaviour recorded 3 samples, mean = 1.0 (flags = 0x41)
0  O                                                                         (0 = 0.0%)
1  ---O                                                                      (3 = 100.0%) {0.0%}
2  ... 

Histogram: SiteIsolation.BrowsingInstance.MaxCountPerProcess recorded 3 samples, mean = 0.7 (flags = 0x41)
0  -O                                                                        (1 = 33.3%)
1  --O                                                                       (2 = 66.7%) {33.3%}
2  ... 

Histogram: SiteIsolation.NewProcessUsedForNavigationWhenSameSiteProcessExists recorded 1 samples, mean = 0.0 (flags = 0x41)
0  -O                                                                        (1 = 100.0%)
1  ... 

Histogram: SiteIsolation.ProcessPerSiteWithMainFrameThreshold.IsDevToolsUser recorded 1 samples, mean = 0.0 (flags = 0x41)
0  -O                                                                        (1 = 100.0%)
1  ... 

Histogram: Skia.SubmitRenderPasses recorded 17 samples, mean = 1.0 (flags = 0x41)
0  ----------O                                                               (10 = 58.8%)
1  ---O                                                                      (3 = 17.6%) {58.8%}
2  -O                                                                        (1 = 5.9%) {76.5%}
3  O                                                                         (0 = 0.0%) {82.4%}
4  ---O                                                                      (3 = 17.6%) {82.4%}
5  ... 

Histogram: Sql.Statement.Affiliation.VMSteps recorded 15 samples, mean = 15.5 (flags = 0x41)
0   ... 
3   ----O                                                                     (4 = 26.7%) {0.0%}
4   O                                                                         (0 = 0.0%) {26.7%}
5   -O                                                                        (1 = 6.7%) {26.7%}
6   -O                                                                        (1 = 6.7%) {33.3%}
7   ... 
12  -----O                                                                    (5 = 33.3%) {40.0%}
14  ... 
20  -O                                                                        (1 = 6.7%) {73.3%}
24  O                                                                         (0 = 0.0%) {80.0%}
29  -O                                                                        (1 = 6.7%) {80.0%}
34  O                                                                         (0 = 0.0%) {86.7%}
40  -O                                                                        (1 = 6.7%) {86.7%}
48  -O                                                                        (1 = 6.7%) {93.3%}
57  ... 

Histogram: Sql.Statement.BrowsingTopics.VMSteps recorded 12 samples, mean = 8.0 (flags = 0x41)
0   ... 
3   ----O                                                                     (4 = 33.3%) {0.0%}
4   O                                                                         (0 = 0.0%) {33.3%}
5   -O                                                                        (1 = 8.3%) {33.3%}
6   ... 
8   --O                                                                       (2 = 16.7%) {41.7%}
10  O                                                                         (0 = 0.0%) {58.3%}
12  -----O                                                                    (5 = 41.7%) {58.3%}
14  ... 

Histogram: Sql.Statement.Cookie.VMSteps recorded 27 samples, mean = 17.1 (flags = 0x41)
0   ... 
3   ------O                                                                   (6 = 22.2%) {0.0%}
4   O                                                                         (0 = 0.0%) {22.2%}
5   --O                                                                       (2 = 7.4%) {22.2%}
6   O                                                                         (0 = 0.0%) {29.6%}
7   -O                                                                        (1 = 3.7%) {29.6%}
8   ... 
12  ----------O                                                               (10 = 37.0%) {33.3%}
14  ... 
20  ---O                                                                      (3 = 11.1%) {70.4%}
24  ... 
34  -O                                                                        (1 = 3.7%) {81.5%}
40  O                                                                         (0 = 0.0%) {85.2%}
48  ---O                                                                      (3 = 11.1%) {85.2%}
57  -O                                                                        (1 = 3.7%) {96.3%}
68  ... 

Histogram: Sql.Statement.DIPS.VMSteps recorded 36 samples, mean = 13.2 (flags = 0x41)
0   ... 
3   --O                                                                       (2 = 5.6%) {0.0%}
4   O                                                                         (0 = 0.0%) {5.6%}
5   -O                                                                        (1 = 2.8%) {5.6%}
6   ... 
8   ------O                                                                   (6 = 16.7%) {8.3%}
10  ---O                                                                      (3 = 8.3%) {25.0%}
12  -------------O                                                            (13 = 36.1%) {33.3%}
14  --O                                                                       (2 = 5.6%) {69.4%}
17  ----O                                                                     (4 = 11.1%) {75.0%}
20  ---O                                                                      (3 = 8.3%) {86.1%}
24  --O                                                                       (2 = 5.6%) {94.4%}
29  ... 

Histogram: Sql.Statement.FirstPartySets.VMSteps recorded 34 samples, mean = 64.9 (flags = 0x41)
0     ... 
3     ----------O                                                               (10 = 29.4%) {0.0%}
4     O                                                                         (0 = 0.0%) {29.4%}
5     -O                                                                        (1 = 2.9%) {29.4%}
6     ... 
8     ---O                                                                      (3 = 8.8%) {32.4%}
10    -----O                                                                    (5 = 14.7%) {41.2%}
12    -----------O                                                              (11 = 32.4%) {55.9%}
14    ... 
20    -O                                                                        (1 = 2.9%) {88.2%}
24    --O                                                                       (2 = 5.9%) {91.2%}
29    ... 
1782  -O                                                                        (1 = 2.9%) {97.1%}
2117  ... 

Histogram: Sql.Statement.History.VMSteps recorded 244 samples, mean = 20.9 (flags = 0x41)
0    ... 
3    ------O                                                                   (6 = 2.5%) {0.0%}
4    O                                                                         (0 = 0.0%) {2.5%}
5    -O                                                                        (1 = 0.4%) {2.5%}
6    --O                                                                       (2 = 0.8%) {2.9%}
7    O                                                                         (0 = 0.0%) {3.7%}
8    ----O                                                                     (4 = 1.6%) {3.7%}
10   ----O                                                                     (4 = 1.6%) {5.3%}
12   ------------------------------------------------------------------------O (78 = 32.0%) {7.0%}
14   ---O                                                                      (3 = 1.2%) {38.9%}
17   ----------------------------------------------O                           (50 = 20.5%) {40.2%}
20   ------------------------------------------------------------------O       (71 = 29.1%) {60.7%}
24   -------O                                                                  (8 = 3.3%) {89.8%}
29   ---O                                                                      (3 = 1.2%) {93.0%}
34   -O                                                                        (1 = 0.4%) {94.3%}
40   O                                                                         (0 = 0.0%) {94.7%}
48   -O                                                                        (1 = 0.4%) {94.7%}
57   -O                                                                        (1 = 0.4%) {95.1%}
68   -----O                                                                    (5 = 2.0%) {95.5%}
81   -O                                                                        (1 = 0.4%) {97.5%}
96   -O                                                                        (1 = 0.4%) {98.0%}
114  -O                                                                        (1 = 0.4%) {98.4%}
135  ---O                                                                      (3 = 1.2%) {98.8%}
160  ... 

Histogram: Sql.Statement.OptOutBlacklist.VMSteps recorded 4 samples, mean = 10.8 (flags = 0x41)
0   ... 
5   -O                                                                        (1 = 25.0%) {0.0%}
6   O                                                                         (0 = 0.0%) {25.0%}
7   -O                                                                        (1 = 25.0%) {25.0%}
8   O                                                                         (0 = 0.0%) {50.0%}
10  -O                                                                        (1 = 25.0%) {50.0%}
12  ... 
20  -O                                                                        (1 = 25.0%) {75.0%}
24  ... 

Histogram: Sql.Statement.Passwords.VMSteps recorded 51 samples, mean = 24.6 (flags = 0x41)
0   ... 
3   ----O                                                                     (4 = 7.8%) {0.0%}
4   O                                                                         (0 = 0.0%) {7.8%}
5   --O                                                                       (2 = 3.9%) {7.8%}
6   ------O                                                                   (6 = 11.8%) {11.8%}
7   ----O                                                                     (4 = 7.8%) {23.5%}
8   ---O                                                                      (3 = 5.9%) {31.4%}
10  O                                                                         (0 = 0.0%) {37.3%}
12  ------------O                                                             (12 = 23.5%) {37.3%}
14  --O                                                                       (2 = 3.9%) {60.8%}
17  O                                                                         (0 = 0.0%) {64.7%}
20  --O                                                                       (2 = 3.9%) {64.7%}
24  ... 
34  --O                                                                       (2 = 3.9%) {68.6%}
40  ----O                                                                     (4 = 7.8%) {72.5%}
48  O                                                                         (0 = 0.0%) {80.4%}
57  ----O                                                                     (4 = 7.8%) {80.4%}
68  ------O                                                                   (6 = 11.8%) {88.2%}
81  ... 

Histogram: Sql.Statement.Predictor.VMSteps recorded 15 samples, mean = 15.4 (flags = 0x41)
0   ... 
3   --O                                                                       (2 = 13.3%) {0.0%}
4   O                                                                         (0 = 0.0%) {13.3%}
5   -O                                                                        (1 = 6.7%) {13.3%}
6   ---O                                                                      (3 = 20.0%) {20.0%}
7   O                                                                         (0 = 0.0%) {40.0%}
8   -O                                                                        (1 = 6.7%) {40.0%}
10  --O                                                                       (2 = 13.3%) {46.7%}
12  -O                                                                        (1 = 6.7%) {60.0%}
14  -O                                                                        (1 = 6.7%) {66.7%}
17  ... 
24  -O                                                                        (1 = 6.7%) {73.3%}
29  -O                                                                        (1 = 6.7%) {80.0%}
34  O                                                                         (0 = 0.0%) {86.7%}
40  -O                                                                        (1 = 6.7%) {86.7%}
48  -O                                                                        (1 = 6.7%) {93.3%}
57  ... 

Histogram: Sql.Statement.Quota.VMSteps recorded 26 samples, mean = 8.5 (flags = 0x41)
0   ... 
3   ----O                                                                     (4 = 15.4%) {0.0%}
4   O                                                                         (0 = 0.0%) {15.4%}
5   -O                                                                        (1 = 3.8%) {15.4%}
6   ---O                                                                      (3 = 11.5%) {19.2%}
7   O                                                                         (0 = 0.0%) {30.8%}
8   -------O                                                                  (7 = 26.9%) {30.8%}
10  ---O                                                                      (3 = 11.5%) {57.7%}
12  --------O                                                                 (8 = 30.8%) {69.2%}
14  ... 

Histogram: Sql.Statement.ReportingAndNEL.VMSteps recorded 12 samples, mean = 13.8 (flags = 0x41)
0   ... 
3   --O                                                                       (2 = 16.7%) {0.0%}
4   O                                                                         (0 = 0.0%) {16.7%}
5   -O                                                                        (1 = 8.3%) {16.7%}
6   -O                                                                        (1 = 8.3%) {25.0%}
7   ... 
12  -----O                                                                    (5 = 41.7%) {33.3%}
14  ... 
20  -O                                                                        (1 = 8.3%) {75.0%}
24  O                                                                         (0 = 0.0%) {83.3%}
29  -O                                                                        (1 = 8.3%) {83.3%}
34  -O                                                                        (1 = 8.3%) {91.7%}
40  ... 

Histogram: Sql.Statement.SharedDictionary.VMSteps recorded 20 samples, mean = 9.1 (flags = 0x41)
0   ... 
3   --------O                                                                 (8 = 40.0%) {0.0%}
4   O                                                                         (0 = 0.0%) {40.0%}
5   -O                                                                        (1 = 5.0%) {40.0%}
6   ... 
8   -O                                                                        (1 = 5.0%) {45.0%}
10  O                                                                         (0 = 0.0%) {50.0%}
12  -------O                                                                  (7 = 35.0%) {50.0%}
14  O                                                                         (0 = 0.0%) {85.0%}
17  --O                                                                       (2 = 10.0%) {85.0%}
20  -O                                                                        (1 = 5.0%) {95.0%}
24  ... 

Histogram: Sql.Statement.SharedStorage.VMSteps recorded 3 samples, mean = 7.7 (flags = 0x41)
0   ... 
5   -O                                                                        (1 = 33.3%) {0.0%}
6   ... 
8   -O                                                                        (1 = 33.3%) {33.3%}
10  -O                                                                        (1 = 33.3%) {66.7%}
12  ... 

Histogram: Sql.Statement.Thumbnail.VMSteps recorded 22 samples, mean = 12.5 (flags = 0x41)
0   ... 
3   ------O                                                                   (6 = 27.3%) {0.0%}
4   O                                                                         (0 = 0.0%) {27.3%}
5   -O                                                                        (1 = 4.5%) {27.3%}
6   ... 
8   -O                                                                        (1 = 4.5%) {31.8%}
10  O                                                                         (0 = 0.0%) {36.4%}
12  ----------O                                                               (10 = 45.5%) {36.4%}
14  ... 
20  -O                                                                        (1 = 4.5%) {81.8%}
24  O                                                                         (0 = 0.0%) {86.4%}
29  ---O                                                                      (3 = 13.6%) {86.4%}
34  ... 

Histogram: Sql.Statement.TopSites.VMSteps recorded 13 samples, mean = 12.7 (flags = 0x41)
0   ... 
3   --O                                                                       (2 = 15.4%) {0.0%}
4   O                                                                         (0 = 0.0%) {15.4%}
5   -O                                                                        (1 = 7.7%) {15.4%}
6   ... 
12  ---------O                                                                (9 = 69.2%) {23.1%}
14  ... 
40  -O                                                                        (1 = 7.7%) {92.3%}
48  ... 

Histogram: Sql.Statement.TrustTokens.VMSteps recorded 16 samples, mean = 14.1 (flags = 0x41)
0   ... 
3   --O                                                                       (2 = 12.5%) {0.0%}
4   O                                                                         (0 = 0.0%) {12.5%}
5   -O                                                                        (1 = 6.2%) {12.5%}
6   ---O                                                                      (3 = 18.8%) {18.8%}
7   ... 
10  -O                                                                        (1 = 6.2%) {37.5%}
12  -----O                                                                    (5 = 31.2%) {43.8%}
14  ... 
20  -O                                                                        (1 = 6.2%) {75.0%}
24  O                                                                         (0 = 0.0%) {81.2%}
29  -O                                                                        (1 = 6.2%) {81.2%}
34  --O                                                                       (2 = 12.5%) {87.5%}
40  ... 

Histogram: Sql.Statement.UKMMetrics.VMSteps recorded 30 samples, mean = 13.0 (flags = 0x41)
0   ... 
3   -----O                                                                    (5 = 16.7%) {0.0%}
4   O                                                                         (0 = 0.0%) {16.7%}
5   -O                                                                        (1 = 3.3%) {16.7%}
6   ... 
8   --------O                                                                 (8 = 26.7%) {20.0%}
10  O                                                                         (0 = 0.0%) {46.7%}
12  ------O                                                                   (6 = 20.0%) {46.7%}
14  O                                                                         (0 = 0.0%) {66.7%}
17  -O                                                                        (1 = 3.3%) {66.7%}
20  -------O                                                                  (7 = 23.3%) {70.0%}
24  O                                                                         (0 = 0.0%) {93.3%}
29  -O                                                                        (1 = 3.3%) {93.3%}
34  O                                                                         (0 = 0.0%) {96.7%}
40  -O                                                                        (1 = 3.3%) {96.7%}
48  ... 

Histogram: Sql.Statement.Web.VMSteps recorded 116 samples, mean = 53.1 (flags = 0x41)
0    ... 
3    --------O                                                                 (8 = 6.9%) {0.0%}
4    -O                                                                        (1 = 0.9%) {6.9%}
5    -O                                                                        (1 = 0.9%) {7.8%}
6    ------------O                                                             (12 = 10.3%) {8.6%}
7    ----------O                                                               (10 = 8.6%) {19.0%}
8    ------O                                                                   (6 = 5.2%) {27.6%}
10   ---------O                                                                (9 = 7.8%) {32.8%}
12   --------------O                                                           (14 = 12.1%) {40.5%}
14   -O                                                                        (1 = 0.9%) {52.6%}
17   ---O                                                                      (3 = 2.6%) {53.4%}
20   -O                                                                        (1 = 0.9%) {56.0%}
24   -O                                                                        (1 = 0.9%) {56.9%}
29   --O                                                                       (2 = 1.7%) {57.8%}
34   --O                                                                       (2 = 1.7%) {59.5%}
40   --O                                                                       (2 = 1.7%) {61.2%}
48   ---O                                                                      (3 = 2.6%) {62.9%}
57   ----O                                                                     (4 = 3.4%) {65.5%}
68   ----O                                                                     (4 = 3.4%) {69.0%}
81   --O                                                                       (2 = 1.7%) {72.4%}
96   -------O                                                                  (7 = 6.0%) {74.1%}
114  -----O                                                                    (5 = 4.3%) {80.2%}
135  -------O                                                                  (7 = 6.0%) {84.5%}
160  -----O                                                                    (5 = 4.3%) {90.5%}
190  ------O                                                                   (6 = 5.2%) {94.8%}
226  ... 

Histogram: Sql.vfs.SyncTime recorded 55 samples, mean = 0.0 (flags = 0x41)
0  -------------------------------------------------------O                  (55 = 100.0%)
1  ... 

Histogram: Stability.Counts2 recorded 9 samples, mean = 23.3 (flags = 0x43)
0   ... 
2   -O                                                                        (1 = 11.1%) {0.0%}
3   ... 
15  -O                                                                        (1 = 11.1%) {11.1%}
16  -O                                                                        (1 = 11.1%) {22.2%}
17  ... 
26  ---O                                                                      (3 = 33.3%) {33.3%}
27  ... 
33  ---O                                                                      (3 = 33.3%) {66.7%}
34  O                                                                         (0 = 0.0%) {100.0%}

Histogram: Stability.Experimental.PageLoads recorded 1 samples, mean = 17.0 (flags = 0x41)
0   ... 
17  -O                                                                        (1 = 100.0%) {0.0%}
18  O                                                                         (0 = 0.0%) {100.0%}

Histogram: Startup.AfterStartupTaskCount recorded 1 samples, mean = 2.0 (flags = 0x41)
0  ... 
2  -O                                                                        (1 = 100.0%) {0.0%}
3  ... 

Histogram: Startup.AfterStartupTaskDelayedUntilTime recorded 1 samples, mean = 16971.0 (flags = 0x41)
0      ... 
15215  -O                                                                        (1 = 100.0%) {0.0%}
20614  ... 

Histogram: Startup.BrowserMainRunnerImplInitializeLongTime recorded 1 samples, mean = 45.0 (flags = 0x41)
0   ... 
43  -O                                                                        (1 = 100.0%) {0.0%}
50  ... 

Histogram: Startup.BrowserMessageLoopFirstIdle recorded 1 samples, mean = 11297589.0 (flags = 0x41)
0        ... 
3600000  -O                                                                        (1 = 100.0%) {0.0%}

Histogram: Startup.BrowserMessageLoopStartTime recorded 1 samples, mean = 52.0 (flags = 0x41)
0   ... 
50  -O                                                                        (1 = 100.0%) {0.0%}
58  ... 

Histogram: Startup.CreateFirstProfile recorded 1 samples, mean = 20.0 (flags = 0x41)
0   ... 
19  -O                                                                        (1 = 100.0%) {0.0%}
26  ... 

Histogram: Startup.FirstWebContents.FinishReason recorded 1 samples, mean = 6.0 (flags = 0x41)
0  ... 
6  -O                                                                        (1 = 100.0%) {0.0%}
7  ... 

Histogram: Startup.LoadTime.ApplicationStartToChromeMain recorded 1 samples, mean = 0.0 (flags = 0x41)
0  -O                                                                        (1 = 100.0%)
1  ... 

Histogram: Startup.LoadTime.ProcessCreateToApplicationStart recorded 1 samples, mean = 11716.0 (flags = 0x41)
0      ... 
11230  -O                                                                        (1 = 100.0%) {0.0%}
15215  ... 

Histogram: Startup.LoadTime.RecordedProcessCreation recorded 1 samples, mean = 1.0 (flags = 0x1)
0  O                                                                         (0 = 0.0%)
1  -O                                                                        (1 = 100.0%) {0.0%}
2  O                                                                         (0 = 0.0%) {100.0%}

Histogram: Startup.PreMainMessageLoopRunImplLongTime recorded 1 samples, mean = 26.0 (flags = 0x41)
0   ... 
24  -O                                                                        (1 = 100.0%) {0.0%}
28  ... 

Histogram: Startup.Renderer.LoadTime.ApplicationStartToRendererStartRunLoop recorded 1 samples, mean = 10.0 (flags = 0x41)
0   ... 
10  -O                                                                        (1 = 100.0%) {0.0%}
13  ... 

Histogram: Startup.Renderer.LoadTime.ChromeMainToRendererStartRunLoop recorded 1 samples, mean = 10.0 (flags = 0x41)
0   ... 
10  -O                                                                        (1 = 100.0%) {0.0%}
13  ... 

Histogram: Startup.Renderer.LoadTime.ProcessCreationToRendererStartRunLoop recorded 1 samples, mean = 29.0 (flags = 0x41)
0   ... 
25  -O                                                                        (1 = 100.0%) {0.0%}
32  ... 

Histogram: Startup.Temperature recorded 1 samples, mean = 3.0 (flags = 0x41)
0  ... 
3  -O                                                                        (1 = 100.0%) {0.0%}
4  O                                                                         (0 = 0.0%) {100.0%}

Histogram: Storage.Blob.CreateDirectoryResult recorded 1 samples, mean = 0.0 (flags = 0x41)
0  -O                                                                        (1 = 100.0%)
1  ... 

Histogram: Storage.SessionStorage.RendererAreaCacheHit recorded 1 samples, mean = 0.0 (flags = 0x41)
0  -O                                                                        (1 = 100.0%)
1  ... 

Histogram: Storage.SharedStorage.Database.Timing.OpenImpl recorded 1 samples, mean = 0.0 (flags = 0x41)
0  -O                                                                        (1 = 100.0%)
1  ... 

Histogram: Storage.SharedStorage.OnShutdown.NumSqlErrors recorded 1 samples, mean = 0.0 (flags = 0x41)
0  -O                                                                        (1 = 100.0%)
1  ... 

Histogram: Storage.SharedStorage.OnShutdown.RecoveryFromInitFailureAttempted recorded 1 samples, mean = 0.0 (flags = 0x41)
0  -O                                                                        (1 = 100.0%)
1  ... 

Histogram: Storage.SharedStorage.OnShutdown.RecoveryOnDiskAttempted recorded 1 samples, mean = 0.0 (flags = 0x41)
0  -O                                                                        (1 = 100.0%)
1  ... 

Histogram: Storage.SharedStorage.Worklet.NumPerPage recorded 1 samples, mean = 0.0 (flags = 0x41)
0  -O                                                                        (1 = 100.0%)
1  ... 

Histogram: Storage.SharedStorage.Worklet.SelectURL.CallsPerPage recorded 1 samples, mean = 0.0 (flags = 0x41)
0  -O                                                                        (1 = 100.0%)
1  ... 

Histogram: Style.InvalidationTime recorded 3 samples, mean = 61.0 (flags = 0x41)
0    ... 
29   -O                                                                        (1 = 33.3%) {0.0%}
40   -O                                                                        (1 = 33.3%) {33.3%}
55   ... 
105  -O                                                                        (1 = 33.3%) {66.7%}
146  ... 

Histogram: Style.RebuildLayoutTreeTime recorded 8 samples, mean = 246.1 (flags = 0x41)
0     ... 
2     -O                                                                        (1 = 12.5%) {0.0%}
3     ... 
29    -O                                                                        (1 = 12.5%) {12.5%}
40    ---O                                                                      (3 = 37.5%) {25.0%}
55    -O                                                                        (1 = 12.5%) {62.5%}
76    ... 
203   -O                                                                        (1 = 12.5%) {75.0%}
282   ... 
1447  -O                                                                        (1 = 12.5%) {87.5%}
2008  ... 

Histogram: Style.RecalcTime recorded 8 samples, mean = 1870.4 (flags = 0x41)
0     ... 
4     -O                                                                        (1 = 12.5%) {0.0%}
6     ... 
105   -O                                                                        (1 = 12.5%) {12.5%}
146   O                                                                         (0 = 0.0%) {25.0%}
203   -O                                                                        (1 = 12.5%) {25.0%}
282   ... 
1043  --O                                                                       (2 = 25.0%) {37.5%}
1447  ... 
2786  -O                                                                        (1 = 12.5%) {62.5%}
3865  --O                                                                       (2 = 25.0%) {75.0%}
5362  ... 

Histogram: SubresourceFilter.DocumentLoad.RulesetIsAvailable recorded 1 samples, mean = 1.0 (flags = 0x41)
0  O                                                                         (0 = 0.0%)
1  -O                                                                        (1 = 100.0%) {0.0%}
2  O                                                                         (0 = 0.0%) {100.0%}

Histogram: SubresourceFilter.IndexRuleset.Verify.Status recorded 1 samples, mean = 0.0 (flags = 0x41)
0  -O                                                                        (1 = 100.0%)
1  ... 

Histogram: SubresourceFilter.IndexRuleset.Verify2.WallDuration recorded 1 samples, mean = 0.0 (flags = 0x41)
0  -O                                                                        (1 = 100.0%)
1  ... 

Histogram: SubresourceFilter.MainFrameLoad.RulesetIsAvailableAnyActivationLevel recorded 1 samples, mean = 1.0 (flags = 0x41)
0  O                                                                         (0 = 0.0%)
1  -O                                                                        (1 = 100.0%) {0.0%}
2  O                                                                         (0 = 0.0%) {100.0%}

Histogram: SubresourceFilter.PageLoad.ActivationDecision recorded 1 samples, mean = 1.0 (flags = 0x41)
0  O                                                                         (0 = 0.0%)
1  -O                                                                        (1 = 100.0%) {0.0%}
2  ... 

Histogram: SubresourceFilter.PageLoad.ActivationList recorded 1 samples, mean = 0.0 (flags = 0x41)
0  -O                                                                        (1 = 100.0%)
1  ... 

Histogram: SubresourceFilter.PageLoad.ActivationState recorded 2 samples, mean = 0.5 (flags = 0x41)
0  -O                                                                        (1 = 50.0%)
1  -O                                                                        (1 = 50.0%) {50.0%}
2  ... 

Histogram: SubresourceFilter.PageLoad.NumSubresourceLoads.Disallowed recorded 1 samples, mean = 0.0 (flags = 0x41)
0  -O                                                                        (1 = 100.0%)
1  ... 

Histogram: SubresourceFilter.PageLoad.NumSubresourceLoads.Evaluated recorded 1 samples, mean = 133.0 (flags = 0x41)
0    ... 
120  -O                                                                        (1 = 100.0%) {0.0%}
135  ... 

Histogram: SubresourceFilter.PageLoad.NumSubresourceLoads.MatchedRules recorded 1 samples, mean = 0.0 (flags = 0x41)
0  -O                                                                        (1 = 100.0%)
1  ... 

Histogram: SubresourceFilter.PageLoad.NumSubresourceLoads.Total recorded 1 samples, mean = 133.0 (flags = 0x41)
0    ... 
120  -O                                                                        (1 = 100.0%) {0.0%}
135  ... 

Histogram: SubresourceFilter.PageLoad.SafeBrowsingDelay recorded 1 samples, mean = 0.0 (flags = 0x41)
0  -O                                                                        (1 = 100.0%)
1  ... 

Histogram: SubresourceFilter.SafeBrowsing.TotalCheckTime recorded 3 samples, mean = 0.0 (flags = 0x41)
0  ---O                                                                      (3 = 100.0%)
1  ... 

Histogram: Sync.FeatureStatusForSyncToSigninMigration recorded 1 samples, mean = 1.0 (flags = 0x41)
0  O                                                                         (0 = 0.0%)
1  -O                                                                        (1 = 100.0%) {0.0%}
2  ... 

Histogram: Sync.InitialState2 recorded 1 samples, mean = 1.0 (flags = 0x41)
0  O                                                                         (0 = 0.0%)
1  -O                                                                        (1 = 100.0%) {0.0%}
2  ... 

Histogram: Sync.Local.Enabled2 recorded 1 samples, mean = 0.0 (flags = 0x41)
0  -O                                                                        (1 = 100.0%)
1  ... 

Histogram: Sync.ModelTypeErrorSite.APP recorded 1 samples, mean = 0.0 (flags = 0x41)
0  -O                                                                        (1 = 100.0%)
1  ... 

Histogram: Sync.ModelTypeErrorSite.APP_SETTING recorded 1 samples, mean = 0.0 (flags = 0x41)
0  -O                                                                        (1 = 100.0%)
1  ... 

Histogram: Sync.ModelTypeErrorSite.DEVICE_INFO recorded 1 samples, mean = 0.0 (flags = 0x41)
0  -O                                                                        (1 = 100.0%)
1  ... 

Histogram: Sync.ModelTypeErrorSite.DICTIONARY recorded 1 samples, mean = 0.0 (flags = 0x41)
0  -O                                                                        (1 = 100.0%)
1  ... 

Histogram: Sync.ModelTypeErrorSite.EXTENSION recorded 1 samples, mean = 0.0 (flags = 0x41)
0  -O                                                                        (1 = 100.0%)
1  ... 

Histogram: Sync.ModelTypeErrorSite.EXTENSION_SETTING recorded 1 samples, mean = 0.0 (flags = 0x41)
0  -O                                                                        (1 = 100.0%)
1  ... 

Histogram: Sync.ModelTypeErrorSite.HISTORY_DELETE_DIRECTIVE recorded 1 samples, mean = 0.0 (flags = 0x41)
0  -O                                                                        (1 = 100.0%)
1  ... 

Histogram: Sync.ModelTypeErrorSite.INCOMING_PASSWORD_SHARING_INVITATION recorded 1 samples, mean = 0.0 (flags = 0x41)
0  -O                                                                        (1 = 100.0%)
1  ... 

Histogram: Sync.ModelTypeErrorSite.MANAGED_USER_SETTING recorded 1 samples, mean = 0.0 (flags = 0x41)
0  -O                                                                        (1 = 100.0%)
1  ... 

Histogram: Sync.ModelTypeErrorSite.PREFERENCE recorded 1 samples, mean = 0.0 (flags = 0x41)
0  -O                                                                        (1 = 100.0%)
1  ... 

Histogram: Sync.ModelTypeErrorSite.PRIORITY_PREFERENCE recorded 1 samples, mean = 0.0 (flags = 0x41)
0  -O                                                                        (1 = 100.0%)
1  ... 

Histogram: Sync.ModelTypeErrorSite.READING_LIST recorded 2 samples, mean = 0.0 (flags = 0x41)
0  --O                                                                       (2 = 100.0%)
1  ... 

Histogram: Sync.ModelTypeErrorSite.SAVED_TAB_GROUP recorded 1 samples, mean = 0.0 (flags = 0x41)
0  -O                                                                        (1 = 100.0%)
1  ... 

Histogram: Sync.ModelTypeErrorSite.SEARCH_ENGINE recorded 1 samples, mean = 0.0 (flags = 0x41)
0  -O                                                                        (1 = 100.0%)
1  ... 

Histogram: Sync.ModelTypeErrorSite.SECURITY_EVENT recorded 1 samples, mean = 0.0 (flags = 0x41)
0  -O                                                                        (1 = 100.0%)
1  ... 

Histogram: Sync.ModelTypeErrorSite.SEND_TAB_TO_SELF recorded 1 samples, mean = 0.0 (flags = 0x41)
0  -O                                                                        (1 = 100.0%)
1  ... 

Histogram: Sync.ModelTypeErrorSite.THEME recorded 1 samples, mean = 0.0 (flags = 0x41)
0  -O                                                                        (1 = 100.0%)
1  ... 

Histogram: Sync.ModelTypeErrorSite.USER_CONSENT recorded 1 samples, mean = 0.0 (flags = 0x41)
0  -O                                                                        (1 = 100.0%)
1  ... 

Histogram: Sync.ModelTypeErrorSite.USER_EVENT recorded 1 samples, mean = 0.0 (flags = 0x41)
0  -O                                                                        (1 = 100.0%)
1  ... 

Histogram: Sync.ModelTypeErrorSite.WEBAUTHN_CREDENTIAL recorded 1 samples, mean = 0.0 (flags = 0x41)
0  -O                                                                        (1 = 100.0%)
1  ... 

Histogram: Sync.ModelTypeErrorSite.WEB_APP recorded 1 samples, mean = 0.0 (flags = 0x41)
0  -O                                                                        (1 = 100.0%)
1  ... 

Histogram: Sync.ModelTypeStoreBackendError.Init recorded 1 samples, mean = 5.0 (flags = 0x41)
0  ... 
5  -O                                                                        (1 = 100.0%) {0.0%}
6  O                                                                         (0 = 0.0%) {100.0%}

Histogram: Sync.ModelTypeStoreBackendInitializationSuccess recorded 1 samples, mean = 0.0 (flags = 0x41)
0  -O                                                                        (1 = 100.0%)
1  ... 

Histogram: Sync.PassphraseType2 recorded 1 samples, mean = 0.0 (flags = 0x41)
0  -O                                                                        (1 = 100.0%)
1  ... 

Histogram: Sync.Startup.AccountInfoFullyLoaded2 recorded 1 samples, mean = 0.0 (flags = 0x41)
0  -O                                                                        (1 = 100.0%)
1  ... 

Histogram: Sync.Startup.SignedInWithoutAccountInfo2 recorded 1 samples, mean = 0.0 (flags = 0x41)
0  -O                                                                        (1 = 100.0%)
1  ... 

Histogram: Sync.SyncToSigninMigrationDecision recorded 1 samples, mean = 1.0 (flags = 0x41)
0  O                                                                         (0 = 0.0%)
1  -O                                                                        (1 = 100.0%) {0.0%}
2  ... 

Histogram: Sync.TrustedVaultFileReadStatus recorded 1 samples, mean = 0.0 (flags = 0x41)
0  -O                                                                        (1 = 100.0%)
1  ... 

Histogram: Sync.TrustedVaultFileWriteSuccess recorded 1 samples, mean = 1.0 (flags = 0x41)
0  O                                                                         (0 = 0.0%)
1  -O                                                                        (1 = 100.0%) {0.0%}
2  O                                                                         (0 = 0.0%) {100.0%}

Histogram: TabGroups.CollapsedGroupCountPerLoad recorded 1 samples, mean = 0.0 (flags = 0x41)
0  -O                                                                        (1 = 100.0%)
1  ... 

Histogram: TabGroups.SavedTabGroupActiveCount recorded 3 samples, mean = 0.0 (flags = 0x41)
0  ---O                                                                      (3 = 100.0%)
1  ... 

Histogram: TabGroups.SavedTabGroupCount recorded 3 samples, mean = 0.0 (flags = 0x41)
0  ---O                                                                      (3 = 100.0%)
1  ... 

Histogram: TabGroups.SavedTabGroupPinnedCount recorded 3 samples, mean = 0.0 (flags = 0x41)
0  ---O                                                                      (3 = 100.0%)
1  ... 

Histogram: TabGroups.SavedTabGroupSyncBridge.MigrationResult recorded 1 samples, mean = 0.0 (flags = 0x41)
0  -O                                                                        (1 = 100.0%)
1  ... 

Histogram: TabGroups.SavedTabGroupUnpinnedCount recorded 3 samples, mean = 0.0 (flags = 0x41)
0  ---O                                                                      (3 = 100.0%)
1  ... 

Histogram: TabGroups.UnsavedTabGroupCount recorded 3 samples, mean = 0.0 (flags = 0x41)
0  ---O                                                                      (3 = 100.0%)
1  ... 

Histogram: TabGroups.UserCustomizedGroupCountPerLoad recorded 1 samples, mean = 0.0 (flags = 0x41)
0  -O                                                                        (1 = 100.0%)
1  ... 

Histogram: TabGroups.UserGroupCountPerLoad recorded 1 samples, mean = 0.0 (flags = 0x41)
0  -O                                                                        (1 = 100.0%)
1  ... 

Histogram: TabGroups.UserPinnedTabCountPerLoad recorded 1 samples, mean = 0.0 (flags = 0x41)
0  -O                                                                        (1 = 100.0%)
1  ... 

Histogram: Tabs.NewNavigationWithSameOriginTab recorded 1 samples, mean = 0.0 (flags = 0x41)
0  -O                                                                        (1 = 100.0%)
1  ... 

Histogram: Tabs.TabCount recorded 37 samples, mean = 0.0 (flags = 0x41)
0  -------------------------------------O                                    (37 = 100.0%)
1  ... 

Histogram: Tabs.TabCount.PluggedIn recorded 37 samples, mean = 0.0 (flags = 0x41)
0  -------------------------------------O                                    (37 = 100.0%)
1  ... 

Histogram: Tabs.TabCountPerLoad recorded 1 samples, mean = 0.0 (flags = 0x41)
0  -O                                                                        (1 = 100.0%)
1  ... 

Histogram: Tabs.WindowCount recorded 37 samples, mean = 0.0 (flags = 0x41)
0  -------------------------------------O                                    (37 = 100.0%)
1  ... 

Histogram: Tabs.WindowCount.PluggedIn recorded 37 samples, mean = 0.0 (flags = 0x41)
0  -------------------------------------O                                    (37 = 100.0%)
1  ... 

Histogram: ThirdPartyModules.InputMethodEditorsCount recorded 1 samples, mean = 0.0 (flags = 0x41)
0  -O                                                                        (1 = 100.0%)
1  ... 

Histogram: ThreadPool.UnnecessaryWakeup.Browser.Background recorded 3 samples, mean = 1.0 (flags = 0x41)
0  O                                                                         (0 = 0.0%)
1  ---O                                                                      (3 = 100.0%) {0.0%}
2  O                                                                         (0 = 0.0%) {100.0%}

Histogram: ThreadPool.UnnecessaryWakeup.Browser.Foreground recorded 83 samples, mean = 1.0 (flags = 0x41)
0  O                                                                         (0 = 0.0%)
1  ------------------------------------------------------------------------O (83 = 100.0%) {0.0%}
2  O                                                                         (0 = 0.0%) {100.0%}

Histogram: ThreadPool.UnnecessaryWakeup.GPU.Foreground recorded 2 samples, mean = 1.0 (flags = 0x41)
0  O                                                                         (0 = 0.0%)
1  --O                                                                       (2 = 100.0%) {0.0%}
2  O                                                                         (0 = 0.0%) {100.0%}

Histogram: ThreadPool.UnnecessaryWakeup.Renderer.Foreground recorded 47 samples, mean = 1.0 (flags = 0x41)
0  O                                                                         (0 = 0.0%)
1  -----------------------------------------------O                          (47 = 100.0%) {0.0%}
2  O                                                                         (0 = 0.0%) {100.0%}

Histogram: Translate.ApplicationStart.AlwaysTranslateLanguage.Count recorded 1 samples, mean = 0.0 (flags = 0x41)
0  -O                                                                        (1 = 100.0%)
1  ... 

Histogram: Translate.ApplicationStart.NeverTranslateLanguage recorded 1 samples (flags = 0x41)
-74147910-O                                                                        (1 = 100.0%)

Histogram: Translate.ApplicationStart.NeverTranslateLanguage.Count recorded 1 samples, mean = 1.0 (flags = 0x41)
0  O                                                                         (0 = 0.0%)
1  -O                                                                        (1 = 100.0%) {0.0%}
2  ... 

Histogram: Translate.ApplicationStart.NeverTranslateSite.Count recorded 1 samples, mean = 0.0 (flags = 0x41)
0  -O                                                                        (1 = 100.0%)
1  ... 

Histogram: Translate.LanguageDetection.ContentLength recorded 1 samples, mean = 2163.0 (flags = 0x41)
0     ... 
1757  -O                                                                        (1 = 100.0%) {0.0%}
2199  ... 

Histogram: Translate.LanguageDeterminedDuration recorded 1 samples, mean = 331.0 (flags = 0x41)
0    ... 
294  -O                                                                        (1 = 100.0%) {0.0%}
398  ... 

Histogram: Translate.PageLoad.FinalSourceLanguage recorded 1 samples (flags = 0x41)
350748440  -O                                                                        (1 = 100.0%)

Histogram: Translate.PageLoad.FinalState recorded 1 samples, mean = 1.0 (flags = 0x41)
0  O                                                                         (0 = 0.0%)
1  -O                                                                        (1 = 100.0%) {0.0%}
2  ... 

Histogram: Translate.PageLoad.FinalTargetLanguage recorded 1 samples (flags = 0x41)
-74147910-O                                                                        (1 = 100.0%)

Histogram: Translate.PageLoad.InitialSourceLanguage recorded 1 samples (flags = 0x41)
350748440  -O                                                                        (1 = 100.0%)

Histogram: Translate.PageLoad.InitialState recorded 1 samples, mean = 1.0 (flags = 0x41)
0  O                                                                         (0 = 0.0%)
1  -O                                                                        (1 = 100.0%) {0.0%}
2  ... 

Histogram: Translate.PageLoad.InitialTargetLanguage recorded 1 samples (flags = 0x41)
-74147910-O                                                                        (1 = 100.0%)

Histogram: Translate.PageLoad.InitialTargetLanguage.Origin recorded 1 samples, mean = 1.0 (flags = 0x41)
0  O                                                                         (0 = 0.0%)
1  -O                                                                        (1 = 100.0%) {0.0%}
2  ... 

Histogram: Translate.PageLoad.IsInitialSourceLanguageInUsersContentLanguages recorded 1 samples, mean = 0.0 (flags = 0x41)
0  -O                                                                        (1 = 100.0%)
1  ... 

Histogram: Translate.PageLoad.NumReversions recorded 1 samples, mean = 0.0 (flags = 0x41)
0  -O                                                                        (1 = 100.0%)
1  ... 

Histogram: Translate.PageLoad.NumTargetLanguageChanges recorded 1 samples, mean = 0.0 (flags = 0x41)
0  -O                                                                        (1 = 100.0%)
1  ... 

Histogram: Translate.PageLoad.NumTranslations recorded 1 samples, mean = 0.0 (flags = 0x41)
0  -O                                                                        (1 = 100.0%)
1  ... 

Histogram: Translate.PageLoad.Ranker.Decision recorded 1 samples, mean = 1.0 (flags = 0x41)
0  O                                                                         (0 = 0.0%)
1  -O                                                                        (1 = 100.0%) {0.0%}
2  ... 

Histogram: Translate.PageLoad.Ranker.Version recorded 1 samples (flags = 0x41)
0  -O                                                                        (1 = 100.0%)

Histogram: Translate.PageLoad.TriggerDecision recorded 1 samples, mean = 4.0 (flags = 0x41)
0  ... 
4  -O                                                                        (1 = 100.0%) {0.0%}
5  ... 

Histogram: Translate.Ranker.Model.Status2 recorded 2 samples, mean = 6.5 (flags = 0x41)
0  ... 
6  -O                                                                        (1 = 50.0%) {0.0%}
7  -O                                                                        (1 = 50.0%) {50.0%}
8  O                                                                         (0 = 0.0%) {100.0%}

Histogram: UI.DeviceScale recorded 1 samples (flags = 0x41)
100  -O                                                                        (1 = 100.0%)

Histogram: UKM.ConsentObserver.Purge recorded 1 samples, mean = 0.0 (flags = 0x41)
0  -O                                                                        (1 = 100.0%)
1  ... 

Histogram: UKM.Entries.Dropped recorded 271 samples, mean = 1.0 (flags = 0x41)
0  O                                                                         (0 = 0.0%)
1  ------------------------------------------------------------------------O (271 = 100.0%) {0.0%}
2  ... 

Histogram: UKM.Entries.Dropped.ByEntryHash recorded 271 samples (flags = 0x41)
58315124    -O                                                                        (1 = 0.4%)
181657211   --O                                                                       (2 = 0.7%)
189164898   -O                                                                        (1 = 0.4%)
251237400   -O                                                                        (1 = 0.4%)
270025173   -O                                                                        (1 = 0.4%)
277070773   -O                                                                        (1 = 0.4%)
385121421   -O                                                                        (1 = 0.4%)
465002269   -O                                                                        (1 = 0.4%)
480593958   -O                                                                        (1 = 0.4%)
532600439   -O                                                                        (1 = 0.4%)
624513781   -O                                                                        (1 = 0.4%)
654949485   ------O                                                                   (8 = 3.0%)
661477988   -O                                                                        (1 = 0.4%)
705322609   --O                                                                       (3 = 1.1%)
805578149   -O                                                                        (1 = 0.4%)
810755299   -O                                                                        (1 = 0.4%)
828084724   -----------------------------------------------------------------------O  (93 = 34.3%)
854760832   -O                                                                        (1 = 0.4%)
888761441   -O                                                                        (1 = 0.4%)
902138984   ---O                                                                      (4 = 1.5%)
986870865   ---O                                                                      (4 = 1.5%)
1004547038  -O                                                                        (1 = 0.4%)
1035062417  -O                                                                        (1 = 0.4%)
1039353520  --O                                                                       (2 = 0.7%)
1078164680  --O                                                                       (2 = 0.7%)
1149114043  -O                                                                        (1 = 0.4%)
1262170432  -----O                                                                    (7 = 2.6%)
1321082436  -O                                                                        (1 = 0.4%)
1350795912  -O                                                                        (1 = 0.4%)
1354891390  -O                                                                        (1 = 0.4%)
1404242571  ------------------------------------------------------------------------O (94 = 34.7%)
1548358279  -O                                                                        (1 = 0.4%)
1576109827  -O                                                                        (1 = 0.4%)
1604233346  --O                                                                       (3 = 1.1%)
1607081943  -O                                                                        (1 = 0.4%)
1663717192  -O                                                                        (1 = 0.4%)
1767609109  --------O                                                                 (11 = 4.1%)
1790338714  -O                                                                        (1 = 0.4%)
1832900131  ---O                                                                      (4 = 1.5%)
1866365893  -O                                                                        (1 = 0.4%)
1871083634  -O                                                                        (1 = 0.4%)
1982793904  -O                                                                        (1 = 0.4%)
2037740339  ---O                                                                      (4 = 1.5%)
2066033668  -O                                                                        (1 = 0.4%)

Histogram: UKM.PersistentLogRecall.Status recorded 1 samples, mean = 1.0 (flags = 0x41)
0  O                                                                         (0 = 0.0%)
1  -O                                                                        (1 = 100.0%) {0.0%}
2  ... 

Histogram: UKM.Sources.Dropped recorded 7 samples, mean = 1.0 (flags = 0x41)
0  O                                                                         (0 = 0.0%)
1  -------O                                                                  (7 = 100.0%) {0.0%}
2  ... 

Histogram: UKM.WebDXFeatureSets.Dropped recorded 2 samples, mean = 1.0 (flags = 0x41)
0  O                                                                         (0 = 0.0%)
1  --O                                                                       (2 = 100.0%) {0.0%}
2  ... 

Histogram: UMA.ChildProcess.Ping.Periodic recorded 45 samples, mean = 1.0 (flags = 0x41)
0  ---------------O                                                          (15 = 33.3%)
1  ---------------O                                                          (15 = 33.3%) {33.3%}
2  ---------------O                                                          (15 = 33.3%) {66.7%}
3  O                                                                         (0 = 0.0%) {100.0%}

Histogram: UMA.ChildProcess.Ping.SharedMemorySetUp recorded 22 samples, mean = 1.0 (flags = 0x41)
0  --------O                                                                 (8 = 36.4%)
1  -------O                                                                  (7 = 31.8%) {36.4%}
2  -------O                                                                  (7 = 31.8%) {68.2%}
3  O                                                                         (0 = 0.0%) {100.0%}

Histogram: UMA.CleanExitBeaconConsistency3 recorded 1 samples, mean = 4.0 (flags = 0x41)
0  ... 
4  -O                                                                        (1 = 100.0%) {0.0%}
5  ... 

Histogram: UMA.EntropySourceType recorded 1 samples, mean = 1.0 (flags = 0x41)
0  O                                                                         (0 = 0.0%)
1  -O                                                                        (1 = 100.0%) {0.0%}
2  ... 

Histogram: UMA.LocalHistogram recorded 9 samples, mean = 1.0 (flags = 0x40)
0  O                                                                         (0 = 0.0%)
1  ---------O                                                                (9 = 100.0%) {0.0%}
2  O                                                                         (0 = 0.0%) {100.0%}

Histogram: UMA.MachineIdState recorded 1 samples, mean = 3.0 (flags = 0x41)
0  ... 
3  -O                                                                        (1 = 100.0%) {0.0%}
4  O                                                                         (0 = 0.0%) {100.0%}

Histogram: UMA.MetricsService.Initialize.Time recorded 1 samples, mean = 1795.0 (flags = 0x41)
0     ... 
1774  -O                                                                        (1 = 100.0%) {0.0%}
2336  ... 

Histogram: UMA.MetricsService.PendingOngoingLogOnDisable recorded 1 samples, mean = 0.0 (flags = 0x41)
0  -O                                                                        (1 = 100.0%)
1  ... 

Histogram: UMA.PersistentAllocator.BrowserMetrics.Errors recorded 0 samples (flags = 0x41)
0 ... 

Histogram: UMA.PersistentAllocator.BrowserMetrics.UsedPct recorded 0 samples (flags = 0x41)
0 ... 

Histogram: UMA.PersistentAllocator.EarlyHistograms.BrowserMetrics recorded 1 samples, mean = 1.0 (flags = 0x41)
0  O                                                                         (0 = 0.0%)
1  -O                                                                        (1 = 100.0%) {0.0%}
2  ... 

Histogram: UMA.PersistentAllocator.EarlyHistograms.GpuMetrics recorded 1 samples, mean = 25.0 (flags = 0x41)
0   ... 
25  -O                                                                        (1 = 100.0%) {0.0%}
26  ... 

Histogram: UMA.PersistentAllocator.EarlyHistograms.RendererMetrics recorded 3 samples, mean = 28.7 (flags = 0x41)
0   ... 
25  -O                                                                        (1 = 33.3%) {0.0%}
26  ... 
30  --O                                                                       (2 = 66.7%) {33.3%}
32  ... 

Histogram: UMA.PersistentAllocator.EarlyHistograms.UtilityMetrics recorded 3 samples, mean = 11.0 (flags = 0x41)
0   ... 
7   --O                                                                       (2 = 66.7%) {0.0%}
8   ... 
19  -O                                                                        (1 = 33.3%) {66.7%}
20  ... 

Histogram: UMA.PersistentAllocator.FieldTrialAllocator.Errors recorded 0 samples (flags = 0x41)
0 ... 

Histogram: UMA.PersistentAllocator.FieldTrialAllocator.UsedPct recorded 8 samples, mean = 0.0 (flags = 0x41)
0  --------O                                                                 (8 = 100.0%)
1  ... 

Histogram: UMA.PersistentHistograms.InitResult recorded 1 samples, mean = 2.0 (flags = 0x41)
0  ... 
2  -O                                                                        (1 = 100.0%) {0.0%}
3  ... 

Histogram: UMA.Pseudo.PageLoad.LayoutInstability.CumulativeShiftScore recorded 1 samples, mean = 0.0 (flags = 0x41)
0  -O                                                                        (1 = 100.0%)
1  ... 

Histogram: UMA.Pseudo.PageLoad.LayoutInstability.MaxCumulativeShiftScore.SessionWindow.Gap1000ms.Max5000ms2 recorded 1 samples, mean = 0.0 (flags = 0x41)
0  -O                                                                        (1 = 100.0%)
1  ... 

Histogram: UnifiedConsent.MakeSearchesAndBrowsingBetter.OnProfileLoad recorded 1 samples, mean = 0.0 (flags = 0x41)
0  -O                                                                        (1 = 100.0%)
1  ... 

Histogram: UpdateClient.Component.UpdateCheckResult recorded 19 samples, mean = 3.0 (flags = 0x41)
0  ... 
3  -------------------O                                                      (19 = 100.0%) {0.0%}
4  O                                                                         (0 = 0.0%) {100.0%}

Histogram: V8.CollectSourcePositions recorded 9 samples, mean = 20.0 (flags = 0x41)
0   ... 
2   -O                                                                        (1 = 11.1%) {0.0%}
3   ... 
7   --O                                                                       (2 = 22.2%) {11.1%}
9   --O                                                                       (2 = 22.2%) {33.3%}
12  -O                                                                        (1 = 11.1%) {55.6%}
16  -O                                                                        (1 = 11.1%) {66.7%}
21  ... 
37  -O                                                                        (1 = 11.1%) {77.8%}
49  -O                                                                        (1 = 11.1%) {88.9%}
65  ... 

Histogram: V8.CompileDeserializeMicroSeconds recorded 20 samples, mean = 4.2 (flags = 0x41)
0   O                                                                         (0 = 0.0%)
1   -------O                                                                  (7 = 35.0%) {0.0%}
2   ---O                                                                      (3 = 15.0%) {35.0%}
3   --O                                                                       (2 = 10.0%) {50.0%}
4   ---O                                                                      (3 = 15.0%) {60.0%}
5   -O                                                                        (1 = 5.0%) {75.0%}
7   O                                                                         (0 = 0.0%) {80.0%}
9   ---O                                                                      (3 = 15.0%) {80.0%}
12  O                                                                         (0 = 0.0%) {95.0%}
16  -O                                                                        (1 = 5.0%) {95.0%}
21  ... 

Histogram: V8.CompileLazyMicroSeconds recorded 6 samples, mean = 1407.7 (flags = 0x41)
0     ... 
11    -O                                                                        (1 = 16.7%) {0.0%}
15    ... 
29    -O                                                                        (1 = 16.7%) {16.7%}
40    -O                                                                        (1 = 16.7%) {33.3%}
55    ... 
752   -O                                                                        (1 = 16.7%) {50.0%}
1043  ... 
2786  -O                                                                        (1 = 16.7%) {66.7%}
3865  -O                                                                        (1 = 16.7%) {83.3%}
5362  ... 

Histogram: V8.CompileMicroSeconds recorded 20 samples, mean = 18.6 (flags = 0x41)
0    O                                                                         (0 = 0.0%)
1    -------O                                                                  (7 = 35.0%) {0.0%}
2    ---O                                                                      (3 = 15.0%) {35.0%}
3    -O                                                                        (1 = 5.0%) {50.0%}
4    O                                                                         (0 = 0.0%) {55.0%}
5    -O                                                                        (1 = 5.0%) {55.0%}
7    -O                                                                        (1 = 5.0%) {60.0%}
9    --O                                                                       (2 = 10.0%) {65.0%}
12   --O                                                                       (2 = 10.0%) {75.0%}
16   -O                                                                        (1 = 5.0%) {85.0%}
21   ... 
113  -O                                                                        (1 = 5.0%) {90.0%}
149  -O                                                                        (1 = 5.0%) {95.0%}
196  ... 

Histogram: V8.CompileScript.CacheBehaviour recorded 45 samples, mean = 4.9 (flags = 0x41)
0   ... 
2   --------------------O                                                     (20 = 44.4%) {0.0%}
3   O                                                                         (0 = 0.0%) {44.4%}
4   ---------------O                                                          (15 = 33.3%) {44.4%}
5   ... 
8   -O                                                                        (1 = 2.2%) {77.8%}
9   ... 
12  -----O                                                                    (5 = 11.1%) {80.0%}
13  ----O                                                                     (4 = 8.9%) {91.1%}
14  ... 

Histogram: V8.CompileScriptMicroSeconds recorded 45 samples, mean = 28.8 (flags = 0x41)
0    O                                                                         (0 = 0.0%)
1    -----O                                                                    (5 = 11.1%) {0.0%}
2    -----O                                                                    (5 = 11.1%) {11.1%}
3    --O                                                                       (2 = 4.4%) {22.2%}
4    --O                                                                       (2 = 4.4%) {26.7%}
5    ---O                                                                      (3 = 6.7%) {31.1%}
7    ------O                                                                   (6 = 13.3%) {37.8%}
9    -----O                                                                    (5 = 11.1%) {51.1%}
12   ---O                                                                      (3 = 6.7%) {62.2%}
16   -----O                                                                    (5 = 11.1%) {68.9%}
21   ----O                                                                     (4 = 8.9%) {80.0%}
28   ... 
49   -O                                                                        (1 = 2.2%) {88.9%}
65   O                                                                         (0 = 0.0%) {91.1%}
86   -O                                                                        (1 = 2.2%) {91.1%}
113  O                                                                         (0 = 0.0%) {93.3%}
149  -O                                                                        (1 = 2.2%) {93.3%}
196  O                                                                         (0 = 0.0%) {95.6%}
258  --O                                                                       (2 = 4.4%) {95.6%}
340  ... 

Histogram: V8.CompileScriptMicroSeconds.BackgroundThread recorded 5 samples, mean = 7361.8 (flags = 0x41)
0      ... 
113    -O                                                                        (1 = 20.0%) {0.0%}
149    O                                                                         (0 = 0.0%) {20.0%}
196    -O                                                                        (1 = 20.0%) {20.0%}
258    -O                                                                        (1 = 20.0%) {40.0%}
340    ... 
1023   -O                                                                        (1 = 20.0%) {60.0%}
1347   ... 
27864  -O                                                                        (1 = 20.0%) {80.0%}
36699  ... 

Histogram: V8.CompileScriptMicroSeconds.ConsumeCache recorded 20 samples, mean = 6.1 (flags = 0x41)
0   O                                                                         (0 = 0.0%)
1   -----O                                                                    (5 = 25.0%) {0.0%}
2   ----O                                                                     (4 = 20.0%) {25.0%}
3   O                                                                         (0 = 0.0%) {45.0%}
4   --O                                                                       (2 = 10.0%) {45.0%}
5   -O                                                                        (1 = 5.0%) {55.0%}
7   --O                                                                       (2 = 10.0%) {60.0%}
9   --O                                                                       (2 = 10.0%) {70.0%}
12  --O                                                                       (2 = 10.0%) {80.0%}
16  --O                                                                       (2 = 10.0%) {90.0%}
21  ... 

Histogram: V8.CompileScriptMicroSeconds.ConsumeCache.BackgroundThread recorded 20 samples, mean = 281.4 (flags = 0x41)
0     ... 
7     -O                                                                        (1 = 5.0%) {0.0%}
9     O                                                                         (0 = 0.0%) {5.0%}
12    ----O                                                                     (4 = 20.0%) {5.0%}
16    -O                                                                        (1 = 5.0%) {25.0%}
21    ---O                                                                      (3 = 15.0%) {30.0%}
28    -O                                                                        (1 = 5.0%) {45.0%}
37    --O                                                                       (2 = 10.0%) {50.0%}
49    -O                                                                        (1 = 5.0%) {60.0%}
65    -O                                                                        (1 = 5.0%) {65.0%}
86    -O                                                                        (1 = 5.0%) {70.0%}
113   -O                                                                        (1 = 5.0%) {75.0%}
149   ... 
590   --O                                                                       (2 = 10.0%) {80.0%}
777   O                                                                         (0 = 0.0%) {90.0%}
1023  -O                                                                        (1 = 5.0%) {90.0%}
1347  ... 
2336  -O                                                                        (1 = 5.0%) {95.0%}
3077  ... 

Histogram: V8.CompileScriptMicroSeconds.NoCache.InlineScript recorded 15 samples, mean = 29.9 (flags = 0x41)
0    ... 
3    -O                                                                        (1 = 6.7%) {0.0%}
4    -O                                                                        (1 = 6.7%) {6.7%}
5    O                                                                         (0 = 0.0%) {13.3%}
7    ----O                                                                     (4 = 26.7%) {13.3%}
9    -O                                                                        (1 = 6.7%) {40.0%}
12   --O                                                                       (2 = 13.3%) {46.7%}
16   -O                                                                        (1 = 6.7%) {60.0%}
21   --O                                                                       (2 = 13.3%) {66.7%}
28   ... 
49   -O                                                                        (1 = 6.7%) {80.0%}
65   O                                                                         (0 = 0.0%) {86.7%}
86   -O                                                                        (1 = 6.7%) {86.7%}
113  O                                                                         (0 = 0.0%) {93.3%}
149  -O                                                                        (1 = 6.7%) {93.3%}
196  ... 

Histogram: V8.CompileScriptMicroSeconds.NoCache.Other recorded 5 samples, mean = 139.0 (flags = 0x41)
0    ... 
16   -O                                                                        (1 = 20.0%) {0.0%}
21   --O                                                                       (2 = 40.0%) {20.0%}
28   ... 
258  -O                                                                        (1 = 20.0%) {60.0%}
340  -O                                                                        (1 = 20.0%) {80.0%}
448  ... 

Histogram: V8.CompileScriptMicroSeconds.StreamingFinalization recorded 5 samples, mean = 10.2 (flags = 0x41)
0   ... 
2   -O                                                                        (1 = 20.0%) {0.0%}
3   ... 
5   -O                                                                        (1 = 20.0%) {20.0%}
7   O                                                                         (0 = 0.0%) {40.0%}
9   -O                                                                        (1 = 20.0%) {40.0%}
12  O                                                                         (0 = 0.0%) {60.0%}
16  --O                                                                       (2 = 40.0%) {60.0%}
21  ... 

Histogram: V8.ErrorsThrownPerContext recorded 1 samples, mean = 0.0 (flags = 0x41)
0  -O                                                                        (1 = 100.0%)
1  ... 

Histogram: V8.GC.Cycle.CollectionRate.Full recorded 1 samples, mean = 87.0 (flags = 0x41)
0   ... 
80  -O                                                                        (1 = 100.0%) {0.0%}
100 O                                                                         (0 = 0.0%) {100.0%}

Histogram: V8.GC.Cycle.CollectionRate.Full.Cpp recorded 1 samples, mean = 42.0 (flags = 0x41)
0   ... 
41  -O                                                                        (1 = 100.0%) {0.0%}
51  ... 

Histogram: V8.GC.Cycle.CollectionRate.Young recorded 11 samples, mean = 32.2 (flags = 0x41)
0   O                                                                         (0 = 0.0%)
1   -O                                                                        (1 = 9.1%) {0.0%}
2   ... 
14  -O                                                                        (1 = 9.1%) {9.1%}
17  -O                                                                        (1 = 9.1%) {18.2%}
21  -O                                                                        (1 = 9.1%) {27.3%}
26  -O                                                                        (1 = 9.1%) {36.4%}
33  -O                                                                        (1 = 9.1%) {45.5%}
41  ----O                                                                     (4 = 36.4%) {54.5%}
51  -O                                                                        (1 = 9.1%) {90.9%}
64  ... 

Histogram: V8.GC.Cycle.CollectionWeight.Full recorded 1 samples, mean = 0.0 (flags = 0x41)
0  -O                                                                        (1 = 100.0%)
1  ... 

Histogram: V8.GC.Cycle.CollectionWeight.Full.Cpp recorded 1 samples, mean = 0.0 (flags = 0x41)
0  -O                                                                        (1 = 100.0%)
1  ... 

Histogram: V8.GC.Cycle.CollectionWeight.MainThread.Full recorded 1 samples, mean = 0.0 (flags = 0x41)
0  -O                                                                        (1 = 100.0%)
1  ... 

Histogram: V8.GC.Cycle.CollectionWeight.MainThread.Full.Cpp recorded 1 samples, mean = 0.0 (flags = 0x41)
0  -O                                                                        (1 = 100.0%)
1  ... 

Histogram: V8.GC.Cycle.Efficiency.Full recorded 1 samples, mean = 56.0 (flags = 0x41)
0   ... 
48  -O                                                                        (1 = 100.0%) {0.0%}
65  ... 

Histogram: V8.GC.Cycle.Efficiency.Full.Cpp recorded 1 samples, mean = 797.0 (flags = 0x41)
0    ... 
760  -O                                                                        (1 = 100.0%) {0.0%}
1034 ... 

Histogram: V8.GC.Cycle.Efficiency.MainThread.Full recorded 1 samples, mean = 235.0 (flags = 0x41)
0    ... 
222  -O                                                                        (1 = 100.0%) {0.0%}
302  ... 

Histogram: V8.GC.Cycle.Efficiency.MainThread.Full.Cpp recorded 1 samples, mean = 1283.0 (flags = 0x41)
0     ... 
1034  -O                                                                        (1 = 100.0%) {0.0%}
1407  ... 

Histogram: V8.GC.Cycle.Efficiency.MainThread.Young recorded 11 samples, mean = 6556.1 (flags = 0x41)
0      ... 
760    -O                                                                        (1 = 9.1%) {0.0%}
1034   --O                                                                       (2 = 18.2%) {9.1%}
1407   --O                                                                       (2 = 18.2%) {27.3%}
1914   -O                                                                        (1 = 9.1%) {45.5%}
2604   O                                                                         (0 = 0.0%) {54.5%}
3542   -O                                                                        (1 = 9.1%) {54.5%}
4818   -O                                                                        (1 = 9.1%) {63.6%}
6554   -O                                                                        (1 = 9.1%) {72.7%}
8915   -O                                                                        (1 = 9.1%) {81.8%}
12127  ... 
30523  -O                                                                        (1 = 9.1%) {90.9%}
41520  ... 

Histogram: V8.GC.Cycle.Efficiency.Young recorded 11 samples, mean = 4418.7 (flags = 0x41)
0      ... 
411    --O                                                                       (2 = 18.2%) {0.0%}
559    --O                                                                       (2 = 18.2%) {18.2%}
760    --O                                                                       (2 = 18.2%) {36.4%}
1034   O                                                                         (0 = 0.0%) {54.5%}
1407   -O                                                                        (1 = 9.1%) {54.5%}
1914   -O                                                                        (1 = 9.1%) {63.6%}
2604   -O                                                                        (1 = 9.1%) {72.7%}
3542   -O                                                                        (1 = 9.1%) {81.8%}
4818   ... 
30523  -O                                                                        (1 = 9.1%) {90.9%}
41520  ... 

Histogram: V8.GC.Cycle.Full recorded 1 samples, mean = 26.0 (flags = 0x41)
0   ... 
24  -O                                                                        (1 = 100.0%) {0.0%}
29  ... 

Histogram: V8.GC.Cycle.Full.Compact recorded 1 samples, mean = 2.0 (flags = 0x41)
0  ... 
2  -O                                                                        (1 = 100.0%) {0.0%}
3  ... 

Histogram: V8.GC.Cycle.Full.Compact.Cpp recorded 1 samples, mean = 2.0 (flags = 0x41)
0  ... 
2  -O                                                                        (1 = 100.0%) {0.0%}
3  ... 

Histogram: V8.GC.Cycle.Full.Cpp recorded 1 samples, mean = 8.0 (flags = 0x41)
0  ... 
8  -O                                                                        (1 = 100.0%) {0.0%}
10 ... 

Histogram: V8.GC.Cycle.Full.Mark recorded 1 samples, mean = 18.0 (flags = 0x41)
0   ... 
17  -O                                                                        (1 = 100.0%) {0.0%}
20  ... 

Histogram: V8.GC.Cycle.Full.Mark.Cpp recorded 1 samples, mean = 4.0 (flags = 0x41)
0  ... 
4  -O                                                                        (1 = 100.0%) {0.0%}
5  ... 

Histogram: V8.GC.Cycle.Full.Sweep recorded 1 samples, mean = 2.0 (flags = 0x41)
0  ... 
2  -O                                                                        (1 = 100.0%) {0.0%}
3  ... 

Histogram: V8.GC.Cycle.Full.Sweep.Cpp recorded 1 samples, mean = 2.0 (flags = 0x41)
0  ... 
2  -O                                                                        (1 = 100.0%) {0.0%}
3  ... 

Histogram: V8.GC.Cycle.Full.Weak recorded 1 samples, mean = 0.0 (flags = 0x41)
0  -O                                                                        (1 = 100.0%)
1  ... 

Histogram: V8.GC.Cycle.Full.Weak.Cpp recorded 1 samples, mean = 0.0 (flags = 0x41)
0  -O                                                                        (1 = 100.0%)
1  ... 

Histogram: V8.GC.Cycle.MainThread.Full recorded 1 samples, mean = 6.0 (flags = 0x41)
0  ... 
6  -O                                                                        (1 = 100.0%) {0.0%}
7  ... 

Histogram: V8.GC.Cycle.MainThread.Full.Atomic recorded 1 samples, mean = 4.0 (flags = 0x41)
0  ... 
4  -O                                                                        (1 = 100.0%) {0.0%}
5  ... 

Histogram: V8.GC.Cycle.MainThread.Full.Atomic.Compact recorded 1 samples, mean = 1.0 (flags = 0x41)
0  O                                                                         (0 = 0.0%)
1  -O                                                                        (1 = 100.0%) {0.0%}
2  ... 

Histogram: V8.GC.Cycle.MainThread.Full.Atomic.Compact.Cpp recorded 1 samples, mean = 2.0 (flags = 0x41)
0  ... 
2  -O                                                                        (1 = 100.0%) {0.0%}
3  ... 

Histogram: V8.GC.Cycle.MainThread.Full.Atomic.Cpp recorded 1 samples, mean = 2.0 (flags = 0x41)
0  ... 
2  -O                                                                        (1 = 100.0%) {0.0%}
3  ... 

Histogram: V8.GC.Cycle.MainThread.Full.Atomic.Mark recorded 1 samples, mean = 0.0 (flags = 0x41)
0  -O                                                                        (1 = 100.0%)
1  ... 

Histogram: V8.GC.Cycle.MainThread.Full.Atomic.Mark.Cpp recorded 1 samples, mean = 0.0 (flags = 0x41)
0  -O                                                                        (1 = 100.0%)
1  ... 

Histogram: V8.GC.Cycle.MainThread.Full.Atomic.Sweep recorded 1 samples, mean = 0.0 (flags = 0x41)
0  -O                                                                        (1 = 100.0%)
1  ... 

Histogram: V8.GC.Cycle.MainThread.Full.Atomic.Sweep.Cpp recorded 1 samples, mean = 0.0 (flags = 0x41)
0  -O                                                                        (1 = 100.0%)
1  ... 

Histogram: V8.GC.Cycle.MainThread.Full.Atomic.Weak recorded 1 samples, mean = 0.0 (flags = 0x41)
0  -O                                                                        (1 = 100.0%)
1  ... 

Histogram: V8.GC.Cycle.MainThread.Full.Atomic.Weak.Cpp recorded 1 samples, mean = 0.0 (flags = 0x41)
0  -O                                                                        (1 = 100.0%)
1  ... 

Histogram: V8.GC.Cycle.MainThread.Full.Compact recorded 1 samples, mean = 1.0 (flags = 0x41)
0  O                                                                         (0 = 0.0%)
1  -O                                                                        (1 = 100.0%) {0.0%}
2  ... 

Histogram: V8.GC.Cycle.MainThread.Full.Compact.Cpp recorded 1 samples, mean = 2.0 (flags = 0x41)
0  ... 
2  -O                                                                        (1 = 100.0%) {0.0%}
3  ... 

Histogram: V8.GC.Cycle.MainThread.Full.Cpp recorded 1 samples, mean = 5.0 (flags = 0x41)
0  ... 
5  -O                                                                        (1 = 100.0%) {0.0%}
6  ... 

Histogram: V8.GC.Cycle.MainThread.Full.Incremental.Mark recorded 1 samples, mean = 1.0 (flags = 0x41)
0  O                                                                         (0 = 0.0%)
1  -O                                                                        (1 = 100.0%) {0.0%}
2  ... 

Histogram: V8.GC.Cycle.MainThread.Full.Incremental.Mark.Cpp recorded 1 samples, mean = 1.0 (flags = 0x41)
0  O                                                                         (0 = 0.0%)
1  -O                                                                        (1 = 100.0%) {0.0%}
2  ... 

Histogram: V8.GC.Cycle.MainThread.Full.Incremental.Mark.StartStop recorded 1 samples, mean = 3.0 (flags = 0x41)
0  ... 
3  -O                                                                        (1 = 100.0%) {0.0%}
4  ... 

Histogram: V8.GC.Cycle.MainThread.Full.Incremental.Sweep recorded 1 samples, mean = 0.0 (flags = 0x41)
0  -O                                                                        (1 = 100.0%)
1  ... 

Histogram: V8.GC.Cycle.MainThread.Full.Incremental.Sweep.Cpp recorded 1 samples, mean = 1.0 (flags = 0x41)
0  O                                                                         (0 = 0.0%)
1  -O                                                                        (1 = 100.0%) {0.0%}
2  ... 

Histogram: V8.GC.Cycle.MainThread.Full.Mark recorded 1 samples, mean = 1.0 (flags = 0x41)
0  O                                                                         (0 = 0.0%)
1  -O                                                                        (1 = 100.0%) {0.0%}
2  ... 

Histogram: V8.GC.Cycle.MainThread.Full.Mark.Cpp recorded 1 samples, mean = 1.0 (flags = 0x41)
0  O                                                                         (0 = 0.0%)
1  -O                                                                        (1 = 100.0%) {0.0%}
2  ... 

Histogram: V8.GC.Cycle.MainThread.Full.Sweep recorded 1 samples, mean = 0.0 (flags = 0x41)
0  -O                                                                        (1 = 100.0%)
1  ... 

Histogram: V8.GC.Cycle.MainThread.Full.Sweep.Cpp recorded 1 samples, mean = 1.0 (flags = 0x41)
0  O                                                                         (0 = 0.0%)
1  -O                                                                        (1 = 100.0%) {0.0%}
2  ... 

Histogram: V8.GC.Cycle.MainThread.Full.Weak recorded 1 samples, mean = 0.0 (flags = 0x41)
0  -O                                                                        (1 = 100.0%)
1  ... 

Histogram: V8.GC.Cycle.MainThread.Full.Weak.Cpp recorded 1 samples, mean = 0.0 (flags = 0x41)
0  -O                                                                        (1 = 100.0%)
1  ... 

Histogram: V8.GC.Cycle.MainThread.Young recorded 11 samples, mean = 0.0 (flags = 0x41)
0  -----------O                                                              (11 = 100.0%)
1  ... 

Histogram: V8.GC.Cycle.Memory.Freed.Full recorded 1 samples, mean = 8704.0 (flags = 0x41)
0     ... 
6554  -O                                                                        (1 = 100.0%) {0.0%}
8915  ... 

Histogram: V8.GC.Cycle.Memory.Freed.Full.Cpp recorded 1 samples, mean = 7552.0 (flags = 0x41)
0     ... 
6554  -O                                                                        (1 = 100.0%) {0.0%}
8915  ... 

Histogram: V8.GC.Cycle.Objects.After.Full recorded 1 samples, mean = 10501.0 (flags = 0x41)
0     ... 
8915  -O                                                                        (1 = 100.0%) {0.0%}
12127 ... 

Histogram: V8.GC.Cycle.Objects.After.Full.Cpp recorded 1 samples, mean = 5160.0 (flags = 0x41)
0     ... 
4818  -O                                                                        (1 = 100.0%) {0.0%}
6554  ... 

Histogram: V8.GC.Cycle.Objects.Before.Full recorded 1 samples, mean = 12012.0 (flags = 0x41)
0     ... 
8915  -O                                                                        (1 = 100.0%) {0.0%}
12127 ... 

Histogram: V8.GC.Cycle.Objects.Before.Full.Cpp recorded 1 samples, mean = 12209.0 (flags = 0x41)
0      ... 
12127  -O                                                                        (1 = 100.0%) {0.0%}
16496  ... 

Histogram: V8.GC.Cycle.Objects.Freed.Full recorded 1 samples, mean = 1511.0 (flags = 0x41)
0     ... 
1407  -O                                                                        (1 = 100.0%) {0.0%}
1914  ... 

Histogram: V8.GC.Cycle.Objects.Freed.Full.Cpp recorded 1 samples, mean = 7048.0 (flags = 0x41)
0     ... 
6554  -O                                                                        (1 = 100.0%) {0.0%}
8915  ... 

Histogram: V8.GC.Cycle.Reason.Full recorded 1 samples, mean = 9.0 (flags = 0x41)
0  ... 
9  -O                                                                        (1 = 100.0%) {0.0%}
10 ... 

Histogram: V8.GC.Cycle.Reason.Young recorded 11 samples, mean = 4.0 (flags = 0x41)
0   O                                                                         (0 = 0.0%)
1   --------O                                                                 (8 = 72.7%) {0.0%}
2   ... 
12  ---O                                                                      (3 = 27.3%) {72.7%}
13  ... 

Histogram: V8.GC.Cycle.Young recorded 11 samples, mean = 0.5 (flags = 0x41)
0  -------O                                                                  (7 = 63.6%)
1  --O                                                                       (2 = 18.2%) {63.6%}
2  --O                                                                       (2 = 18.2%) {81.8%}
3  ... 

Histogram: V8.GC.Event.MainThread.Full.Finalize.Incremental.ReduceMemory recorded 2 samples, mean = 3.0 (flags = 0x41)
0  ... 
2  -O                                                                        (1 = 50.0%) {0.0%}
3  O                                                                         (0 = 0.0%) {50.0%}
4  -O                                                                        (1 = 50.0%) {50.0%}
5  ... 

Histogram: V8.GC.Event.MainThread.Full.Finalize.Incremental.ReduceMemory.Foreground recorded 2 samples, mean = 3.0 (flags = 0x41)
0  ... 
2  -O                                                                        (1 = 50.0%) {0.0%}
3  O                                                                         (0 = 0.0%) {50.0%}
4  -O                                                                        (1 = 50.0%) {50.0%}
5  ... 

Histogram: V8.GC.Event.MainThread.Full.Incremental.Mark recorded 41 samples, mean = 0.0 (flags = 0x41)
0  -----------------------------------------O                                (41 = 100.0%)
1  ... 

Histogram: V8.GC.Event.MainThread.Full.Incremental.Mark.Cpp recorded 43 samples, mean = 0.0 (flags = 0x41)
0  -------------------------------------------O                              (43 = 100.0%)
1  ... 

Histogram: V8.GC.Event.MainThread.Full.Incremental.Sweep.Cpp recorded 65 samples, mean = 0.0 (flags = 0x41)
0  ----------------------------------------------------------------O         (64 = 98.5%)
1  -O                                                                        (1 = 1.5%) {98.5%}
2  ... 

Histogram: V8.GC.TimeToSafepoint recorded 15 samples, mean = 0.5 (flags = 0x41)
0  ----------O                                                               (10 = 66.7%)
1  ----O                                                                     (4 = 26.7%) {66.7%}
2  O                                                                         (0 = 0.0%) {93.3%}
3  -O                                                                        (1 = 6.7%) {93.3%}
4  ... 

Histogram: V8.GCIncrementalMarking recorded 50 samples, mean = 0.0 (flags = 0x41)
0  --------------------------------------------------O                       (50 = 100.0%)
1  ... 

Histogram: V8.GCIncrementalMarkingReason recorded 2 samples, mean = 17.0 (flags = 0x41)
0   ... 
17  --O                                                                       (2 = 100.0%) {0.0%}
18  ... 

Histogram: V8.GCIncrementalMarkingStart recorded 2 samples, mean = 0.0 (flags = 0x41)
0  --O                                                                       (2 = 100.0%)
1  ... 

Histogram: V8.GCMarkCompactReason recorded 1 samples, mean = 9.0 (flags = 0x41)
0  ... 
9  -O                                                                        (1 = 100.0%) {0.0%}
10 ... 

Histogram: V8.GCScavenger.ScavengeMain recorded 11 samples, mean = 0.0 (flags = 0x41)
0  -----------O                                                              (11 = 100.0%)
1  ... 

Histogram: V8.GCScavenger.ScavengeRoots recorded 11 samples, mean = 0.0 (flags = 0x41)
0  -----------O                                                              (11 = 100.0%)
1  ... 

Histogram: V8.JSDispatchTableEntriesCount recorded 2 samples, mean = 1.0 (flags = 0x41)
0  O                                                                         (0 = 0.0%)
1  --O                                                                       (2 = 100.0%) {0.0%}
2  ... 

Histogram: V8.LocalWindowProxy.CreateContextTime recorded 2 samples, mean = 1.0 (flags = 0x41)
0  O                                                                         (0 = 0.0%)
1  --O                                                                       (2 = 100.0%) {0.0%}
2  ... 

Histogram: V8.LocalWindowProxy.InitializeTime recorded 2 samples, mean = 1.5 (flags = 0x41)
0  O                                                                         (0 = 0.0%)
1  -O                                                                        (1 = 50.0%) {0.0%}
2  -O                                                                        (1 = 50.0%) {50.0%}
3  ... 

Histogram: V8.MaglevOptimizeExecute recorded 128 samples, mean = 169.3 (flags = 0x41)
0     ... 
20    -O                                                                        (1 = 0.8%) {0.0%}
25    --O                                                                       (2 = 1.6%) {0.8%}
31    ------O                                                                   (6 = 4.7%) {2.3%}
39    --------O                                                                 (8 = 6.2%) {7.0%}
49    -----O                                                                    (5 = 3.9%) {13.3%}
61    ----------O                                                               (10 = 7.8%) {17.2%}
76    ---------------O                                                          (15 = 11.7%) {25.0%}
95    ------------------O                                                       (18 = 14.1%) {36.7%}
119   -----------------O                                                        (17 = 13.3%) {50.8%}
149   ------------O                                                             (12 = 9.4%) {64.1%}
186   ------------O                                                             (12 = 9.4%) {73.4%}
233   ---------O                                                                (9 = 7.0%) {82.8%}
292   ---O                                                                      (3 = 2.3%) {89.8%}
365   ----O                                                                     (4 = 3.1%) {92.2%}
457   O                                                                         (0 = 0.0%) {95.3%}
572   --O                                                                       (2 = 1.6%) {95.3%}
716   --O                                                                       (2 = 1.6%) {96.9%}
896   O                                                                         (0 = 0.0%) {98.4%}
1122  --O                                                                       (2 = 1.6%) {98.4%}
1404  ... 

Histogram: V8.MaglevOptimizeFinalize recorded 128 samples, mean = 4.3 (flags = 0x41)
0   -----O                                                                    (5 = 3.9%)
1   -------------O                                                            (13 = 10.2%) {3.9%}
2   -------------------------O                                                (25 = 19.5%) {14.1%}
3   ----------------------O                                                   (22 = 17.2%) {33.6%}
4   ----------------O                                                         (16 = 12.5%) {50.8%}
5   ------------------O                                                       (18 = 14.1%) {63.3%}
6   -----------------O                                                        (17 = 13.3%) {77.3%}
8   -----O                                                                    (5 = 3.9%) {90.6%}
10  ----O                                                                     (4 = 3.1%) {94.5%}
13  ... 
20  --O                                                                       (2 = 1.6%) {97.7%}
25  -O                                                                        (1 = 0.8%) {99.2%}
31  ... 

Histogram: V8.MaglevOptimizePrepare recorded 128 samples, mean = 0.0 (flags = 0x41)
0  ------------------------------------------------------------------------O (124 = 96.9%)
1  --O                                                                       (4 = 3.1%) {96.9%}
2  ... 

Histogram: V8.MaglevOptimizeTotalTime recorded 128 samples, mean = 416.1 (flags = 0x41)
0      ... 
28     -O                                                                        (1 = 0.8%) {0.0%}
37     --O                                                                       (2 = 1.6%) {0.8%}
49     -----------O                                                              (11 = 8.6%) {2.3%}
65     ---------O                                                                (9 = 7.0%) {10.9%}
86     --------------O                                                           (14 = 10.9%) {18.0%}
113    -----------------------O                                                  (23 = 18.0%) {28.9%}
149    -------------------O                                                      (19 = 14.8%) {46.9%}
196    -----------------O                                                        (17 = 13.3%) {61.7%}
258    -------O                                                                  (7 = 5.5%) {75.0%}
340    -------O                                                                  (7 = 5.5%) {80.5%}
448    --------O                                                                 (8 = 6.2%) {85.9%}
590    ----O                                                                     (4 = 3.1%) {92.2%}
777    -O                                                                        (1 = 0.8%) {95.3%}
1023   -O                                                                        (1 = 0.8%) {96.1%}
1347   ... 
3077   -O                                                                        (1 = 0.8%) {96.9%}
4053   -O                                                                        (1 = 0.8%) {97.7%}
5338   -O                                                                        (1 = 0.8%) {98.4%}
7031   ... 
12196  -O                                                                        (1 = 0.8%) {99.2%}
16063  ... 

Histogram: V8.MemoryExternalFragmentationCodeSpace recorded 13 samples, mean = 44.4 (flags = 0x41)
0   ... 
16  --O                                                                       (2 = 15.4%) {0.0%}
17  ... 
19  -O                                                                        (1 = 7.7%) {15.4%}
20  ... 
22  --O                                                                       (2 = 15.4%) {23.1%}
23  -O                                                                        (1 = 7.7%) {38.5%}
24  ... 
35  -O                                                                        (1 = 7.7%) {46.2%}
36  ... 
55  -O                                                                        (1 = 7.7%) {53.8%}
56  ... 
65  -O                                                                        (1 = 7.7%) {61.5%}
66  O                                                                         (0 = 0.0%) {69.2%}
67  -O                                                                        (1 = 7.7%) {69.2%}
68  ... 
73  -O                                                                        (1 = 7.7%) {76.9%}
74  ... 
78  -O                                                                        (1 = 7.7%) {84.6%}
79  ... 
86  -O                                                                        (1 = 7.7%) {92.3%}
87  ... 

Histogram: V8.MemoryExternalFragmentationLoSpace recorded 13 samples, mean = 2.2 (flags = 0x41)
0  O                                                                         (0 = 0.0%)
1  -----O                                                                    (5 = 38.5%) {0.0%}
2  O                                                                         (0 = 0.0%) {38.5%}
3  --------O                                                                 (8 = 61.5%) {38.5%}
4  ... 

Histogram: V8.MemoryExternalFragmentationOldSpace recorded 13 samples, mean = 10.1 (flags = 0x41)
0   ... 
5   -O                                                                        (1 = 7.7%) {0.0%}
6   ... 
8   --O                                                                       (2 = 15.4%) {7.7%}
9   ----O                                                                     (4 = 30.8%) {23.1%}
10  O                                                                         (0 = 0.0%) {53.8%}
11  --O                                                                       (2 = 15.4%) {53.8%}
12  --O                                                                       (2 = 15.4%) {69.2%}
13  -O                                                                        (1 = 7.7%) {84.6%}
14  O                                                                         (0 = 0.0%) {92.3%}
15  -O                                                                        (1 = 7.7%) {92.3%}
16  ... 

Histogram: V8.MemoryExternalFragmentationTotal recorded 13 samples, mean = 41.9 (flags = 0x41)
0   ... 
15  -O                                                                        (1 = 7.7%) {0.0%}
16  ... 
19  -O                                                                        (1 = 7.7%) {7.7%}
20  ... 
40  -O                                                                        (1 = 7.7%) {15.4%}
41  ... 
43  --O                                                                       (2 = 15.4%) {23.1%}
44  O                                                                         (0 = 0.0%) {38.5%}
45  --O                                                                       (2 = 15.4%) {38.5%}
46  -O                                                                        (1 = 7.7%) {53.8%}
47  -O                                                                        (1 = 7.7%) {61.5%}
48  O                                                                         (0 = 0.0%) {69.2%}
49  --O                                                                       (2 = 15.4%) {69.2%}
50  O                                                                         (0 = 0.0%) {84.6%}
51  -O                                                                        (1 = 7.7%) {84.6%}
52  O                                                                         (0 = 0.0%) {92.3%}
53  -O                                                                        (1 = 7.7%) {92.3%}
54  ... 

Histogram: V8.MemoryHeapSampleCodeSpaceCommitted recorded 13 samples, mean = 1161.8 (flags = 0x41)
0     -----O                                                                    (5 = 38.5%)
1000  O                                                                         (0 = 0.0%) {38.5%}
1138  --O                                                                       (2 = 15.4%) {38.5%}
1295  O                                                                         (0 = 0.0%) {53.8%}
1474  ---O                                                                      (3 = 23.1%) {53.8%}
1678  ---O                                                                      (3 = 23.1%) {76.9%}
1910  ... 

Histogram: V8.MemoryHeapSampleMaximumCommitted recorded 13 samples, mean = 14864.3 (flags = 0x41)
0      ... 
5380   -O                                                                        (1 = 7.7%) {0.0%}
6124   -O                                                                        (1 = 7.7%) {7.7%}
6971   ... 
9032   ---O                                                                      (3 = 23.1%) {15.4%}
10281  O                                                                         (0 = 0.0%) {38.5%}
11702  --O                                                                       (2 = 15.4%) {38.5%}
13320  ... 
17257  -O                                                                        (1 = 7.7%) {53.8%}
19642  -----O                                                                    (5 = 38.5%) {61.5%}
22357  ... 

Histogram: V8.MemoryHeapSampleTotalCommitted recorded 13 samples, mean = 13466.2 (flags = 0x41)
0      ... 
5380   -O                                                                        (1 = 7.7%) {0.0%}
6124   -O                                                                        (1 = 7.7%) {7.7%}
6971   ... 
9032   ---O                                                                      (3 = 23.1%) {15.4%}
10281  O                                                                         (0 = 0.0%) {38.5%}
11702  ----O                                                                     (4 = 30.8%) {38.5%}
13320  ... 
17257  -O                                                                        (1 = 7.7%) {69.2%}
19642  ---O                                                                      (3 = 23.1%) {76.9%}
22357  ... 

Histogram: V8.MemoryHeapSampleTotalUsed recorded 13 samples, mean = 7776.6 (flags = 0x41)
0      ... 
2817   -O                                                                        (1 = 7.7%) {0.0%}
3206   -O                                                                        (1 = 7.7%) {7.7%}
3649   O                                                                         (0 = 0.0%) {15.4%}
4153   -O                                                                        (1 = 7.7%) {15.4%}
4727   --O                                                                       (2 = 15.4%) {23.1%}
5380   O                                                                         (0 = 0.0%) {38.5%}
6124   -O                                                                        (1 = 7.7%) {38.5%}
6971   -O                                                                        (1 = 7.7%) {46.2%}
7935   O                                                                         (0 = 0.0%) {53.8%}
9032   -O                                                                        (1 = 7.7%) {53.8%}
10281  --O                                                                       (2 = 15.4%) {61.5%}
11702  ---O                                                                      (3 = 23.1%) {76.9%}
13320  ... 

Histogram: V8.RegExpBacktracks recorded 260 samples, mean = 1.7 (flags = 0x41)
0    ------O                                                                   (18 = 6.9%)
1    ------------------------------------------------------------------------O (227 = 87.3%) {6.9%}
2    --O                                                                       (5 = 1.9%) {94.2%}
3    -O                                                                        (4 = 1.5%) {96.2%}
4    -O                                                                        (3 = 1.2%) {97.7%}
6    O                                                                         (1 = 0.4%) {98.8%}
9    O                                                                         (1 = 0.4%) {99.2%}
13   ... 
127  O                                                                         (1 = 0.4%) {99.6%}
185  ... 

Histogram: V8.SandboxedCodePointersCount recorded 2 samples, mean = 1101.0 (flags = 0x41)
0    ... 
977  --O                                                                       (2 = 100.0%) {0.0%}
1136 ... 

Histogram: V8.SandboxedCppHeapPointersCount recorded 2 samples, mean = 4322.5 (flags = 0x41)
0     ... 
452   -O                                                                        (1 = 50.0%) {0.0%}
537   ... 
7152  -O                                                                        (1 = 50.0%) {50.0%}
8499  ... 

Histogram: V8.SandboxedExternalPointersCount recorded 15 samples, mean = 777.9 (flags = 0x41)
0     ----O                                                                     (4 = 26.7%)
1     O                                                                         (0 = 0.0%) {26.7%}
2     -O                                                                        (1 = 6.7%) {26.7%}
3     ... 
14    -O                                                                        (1 = 6.7%) {33.3%}
17    O                                                                         (0 = 0.0%) {40.0%}
20    -O                                                                        (1 = 6.7%) {40.0%}
24    ... 
34    -O                                                                        (1 = 6.7%) {46.7%}
40    O                                                                         (0 = 0.0%) {53.3%}
48    -O                                                                        (1 = 6.7%) {53.3%}
57    O                                                                         (0 = 0.0%) {60.0%}
68    -O                                                                        (1 = 6.7%) {60.0%}
81    -O                                                                        (1 = 6.7%) {66.7%}
96    ... 
638   -O                                                                        (1 = 6.7%) {73.3%}
758   ... 
1513  -O                                                                        (1 = 6.7%) {80.0%}
1798  ... 
4261  --O                                                                       (2 = 13.3%) {86.7%}
5064  ... 

Histogram: V8.SandboxedTrustedPointersCount recorded 2 samples, mean = 3754.0 (flags = 0x41)
0     ... 
3267  --O                                                                       (2 = 100.0%) {0.0%}
3799  ... 

Histogram: V8.SnapshotDeserializeContextMicroSeconds recorded 4 samples, mean = 296.2 (flags = 0x41)
0    ... 
149  --O                                                                       (2 = 50.0%) {0.0%}
196  ... 
340  -O                                                                        (1 = 25.0%) {50.0%}
448  -O                                                                        (1 = 25.0%) {75.0%}
590  ... 

Histogram: V8.TurboFan1KTicks recorded 16 samples, mean = 11.8 (flags = 0x41)
0   ... 
3   --O                                                                       (2 = 12.5%) {0.0%}
4   -O                                                                        (1 = 6.2%) {12.5%}
5   ----O                                                                     (4 = 25.0%) {18.8%}
6   -O                                                                        (1 = 6.2%) {43.8%}
7   -O                                                                        (1 = 6.2%) {50.0%}
8   O                                                                         (0 = 0.0%) {56.2%}
9   --O                                                                       (2 = 12.5%) {56.2%}
10  ... 
14  -O                                                                        (1 = 6.2%) {68.8%}
15  -O                                                                        (1 = 6.2%) {75.0%}
16  ... 
22  -O                                                                        (1 = 6.2%) {81.2%}
23  ... 
31  -O                                                                        (1 = 6.2%) {87.5%}
33  ... 
45  -O                                                                        (1 = 6.2%) {93.8%}
47  ... 

Histogram: V8.TurboFanOptimizeConcurrentTotalTime recorded 16 samples, mean = 4508.6 (flags = 0x41)
0      ... 
282    -O                                                                        (1 = 6.2%) {0.0%}
391    ----O                                                                     (4 = 25.0%) {6.2%}
542    ----O                                                                     (4 = 25.0%) {31.2%}
752    ---O                                                                      (3 = 18.8%) {56.2%}
1043   O                                                                         (0 = 0.0%) {75.0%}
1447   --O                                                                       (2 = 12.5%) {75.0%}
2008   O                                                                         (0 = 0.0%) {87.5%}
2786   -O                                                                        (1 = 6.2%) {87.5%}
3865   ... 
53055  -O                                                                        (1 = 6.2%) {93.8%}
73609  ... 

Histogram: V8.TurboFanOptimizeExecute recorded 16 samples, mean = 990.8 (flags = 0x41)
0     ... 
340   ----O                                                                     (4 = 25.0%) {0.0%}
448   ---O                                                                      (3 = 18.8%) {25.0%}
590   ---O                                                                      (3 = 18.8%) {43.8%}
777   --O                                                                       (2 = 12.5%) {62.5%}
1023  O                                                                         (0 = 0.0%) {75.0%}
1347  --O                                                                       (2 = 12.5%) {75.0%}
1774  -O                                                                        (1 = 6.2%) {87.5%}
2336  O                                                                         (0 = 0.0%) {93.8%}
3077  -O                                                                        (1 = 6.2%) {93.8%}
4053  ... 

Histogram: V8.TurboFanOptimizeFinalize recorded 16 samples, mean = 9.2 (flags = 0x41)
0   ... 
2   -O                                                                        (1 = 6.2%) {0.0%}
3   ----O                                                                     (4 = 25.0%) {6.2%}
4   ----O                                                                     (4 = 25.0%) {31.2%}
5   -O                                                                        (1 = 6.2%) {56.2%}
7   ... 
12  --O                                                                       (2 = 12.5%) {62.5%}
16  ---O                                                                      (3 = 18.8%) {75.0%}
21  O                                                                         (0 = 0.0%) {93.8%}
28  -O                                                                        (1 = 6.2%) {93.8%}
37  ... 

Histogram: V8.TurboFanOptimizePrepare recorded 16 samples, mean = 2.3 (flags = 0x41)
0  --O                                                                       (2 = 12.5%)
1  ------O                                                                   (6 = 37.5%) {12.5%}
2  --O                                                                       (2 = 12.5%) {50.0%}
3  --O                                                                       (2 = 12.5%) {62.5%}
4  --O                                                                       (2 = 12.5%) {75.0%}
5  -O                                                                        (1 = 6.2%) {87.5%}
7  -O                                                                        (1 = 6.2%) {93.8%}
9  ... 

Histogram: V8.TurboFanOptimizeTotalBackground recorded 16 samples, mean = 990.8 (flags = 0x41)
0     ... 
282   -O                                                                        (1 = 6.2%) {0.0%}
391   -----O                                                                    (5 = 31.2%) {6.2%}
542   ----O                                                                     (4 = 25.0%) {37.5%}
752   --O                                                                       (2 = 12.5%) {62.5%}
1043  O                                                                         (0 = 0.0%) {75.0%}
1447  --O                                                                       (2 = 12.5%) {75.0%}
2008  -O                                                                        (1 = 6.2%) {87.5%}
2786  -O                                                                        (1 = 6.2%) {93.8%}
3865  ... 

Histogram: V8.TurboFanOptimizeTotalForeground recorded 16 samples, mean = 11.5 (flags = 0x41)
0   ... 
3   --O                                                                       (2 = 12.5%) {0.0%}
4   ------O                                                                   (6 = 37.5%) {12.5%}
6   -O                                                                        (1 = 6.2%) {50.0%}
8   O                                                                         (0 = 0.0%) {56.2%}
11  -O                                                                        (1 = 6.2%) {56.2%}
15  ----O                                                                     (4 = 25.0%) {62.5%}
21  -O                                                                        (1 = 6.2%) {87.5%}
29  -O                                                                        (1 = 6.2%) {93.8%}
40  ... 

Histogram: V8.TurboFanOptimizeTotalTime recorded 16 samples, mean = 4508.6 (flags = 0x41)
0      ... 
282    -O                                                                        (1 = 6.2%) {0.0%}
391    ----O                                                                     (4 = 25.0%) {6.2%}
542    ----O                                                                     (4 = 25.0%) {31.2%}
752    ---O                                                                      (3 = 18.8%) {56.2%}
1043   O                                                                         (0 = 0.0%) {75.0%}
1447   --O                                                                       (2 = 12.5%) {75.0%}
2008   O                                                                         (0 = 0.0%) {87.5%}
2786   -O                                                                        (1 = 6.2%) {87.5%}
3865   ... 
53055  -O                                                                        (1 = 6.2%) {93.8%}
73609  ... 

Histogram: V8.WasmCompilationMethod recorded 2 samples, mean = 0.0 (flags = 0x41)
0  --O                                                                       (2 = 100.0%)
1  ... 

Histogram: V8.WasmCompileModuleMicroSeconds.wasm recorded 1 samples, mean = 113.0 (flags = 0x41)
0    ... 
105  -O                                                                        (1 = 100.0%) {0.0%}
146  ... 

Histogram: V8.WasmFunctionsPerModule.wasm recorded 2 samples, mean = 0.0 (flags = 0x41)
0  --O                                                                       (2 = 100.0%)
1  ... 

Histogram: V8.WasmMemoryProtectionKeysSupport recorded 1 samples, mean = 0.0 (flags = 0x41)
0  -O                                                                        (1 = 100.0%)
1  ... 

Histogram: V8.WasmModuleCodeSizeKiB recorded 2 samples, mean = 8.0 (flags = 0x41)
0  ... 
8  --O                                                                       (2 = 100.0%) {0.0%}
9  ... 

Histogram: V8.WasmModuleCodeSizeMiB recorded 2 samples, mean = 0.0 (flags = 0x41)
0  --O                                                                       (2 = 100.0%)
1  ... 

Histogram: V8.WasmModuleMetadataSizeKiB recorded 2 samples, mean = 2.0 (flags = 0x41)
0  ... 
2  --O                                                                       (2 = 100.0%) {0.0%}
3  ... 

Histogram: V8.WasmModuleNumberOfCodeSpaces recorded 1 samples, mean = 1.0 (flags = 0x41)
0  O                                                                         (0 = 0.0%)
1  -O                                                                        (1 = 100.0%) {0.0%}
2  ... 

Histogram: V8.WasmModuleSizeBytes.wasm recorded 2 samples, mean = 8.0 (flags = 0x41)
0  ... 
8  --O                                                                       (2 = 100.0%) {0.0%}
12 ... 

Histogram: V8.WasmModulesPerEngine recorded 1 samples, mean = 1.0 (flags = 0x41)
0  O                                                                         (0 = 0.0%)
1  -O                                                                        (1 = 100.0%) {0.0%}
2  ... 

Histogram: V8.WasmModulesPerIsolate recorded 1 samples, mean = 1.0 (flags = 0x41)
0  O                                                                         (0 = 0.0%)
1  -O                                                                        (1 = 100.0%) {0.0%}
2  ... 

Histogram: Variations.ExtendedSafeMode.BeaconFileStateAtStartup recorded 1 samples, mean = 0.0 (flags = 0x41)
0  -O                                                                        (1 = 100.0%)
1  ... 

Histogram: Variations.ExtendedSafeMode.BeaconFileWrite recorded 2 samples, mean = 1.0 (flags = 0x41)
0  O                                                                         (0 = 0.0%)
1  --O                                                                       (2 = 100.0%) {0.0%}
2  O                                                                         (0 = 0.0%) {100.0%}

Histogram: Variations.ForcedFieldTrialsAtStartupForInternalsPage recorded 1 samples, mean = 0.0 (flags = 0x41)
0  -O                                                                        (1 = 100.0%)
1  ... 

Histogram: Variations.Headers.ExperimentCount recorded 92 samples, mean = 1.0 (flags = 0x41)
0  O                                                                         (0 = 0.0%)
1  ------------------------------------------------------------------------O (92 = 100.0%) {0.0%}
2  ... 

Histogram: Variations.Headers.HasLowEntropySourceValue recorded 92 samples, mean = 1.0 (flags = 0x41)
0  O                                                                         (0 = 0.0%)
1  ------------------------------------------------------------------------O (92 = 100.0%) {0.0%}
2  O                                                                         (0 = 0.0%) {100.0%}

Histogram: Variations.Headers.RequestContextCategory recorded 46 samples, mean = 3.9 (flags = 0x41)
0  -O                                                                        (1 = 2.2%)
1  ... 
4  ---------------------------------------------O                            (45 = 97.8%) {2.2%}
5  ... 

Histogram: Variations.Headers.URLValidationResult.Append recorded 46 samples, mean = 2.0 (flags = 0x41)
0  ... 
2  ----------------------------------------------O                           (46 = 100.0%) {0.0%}
3  ... 

Histogram: Variations.Headers.URLValidationResult.Remove recorded 2 samples, mean = 2.0 (flags = 0x41)
0  ... 
2  --O                                                                       (2 = 100.0%) {0.0%}
3  ... 

Histogram: Variations.Limits.VariationKeySize.Default recorded 23 samples, mean = 0.0 (flags = 0x41)
0  -----------------------O                                                  (23 = 100.0%)
1  ... 

Histogram: Variations.LoadPermanentConsistencyCountryResult recorded 1 samples, mean = 0.0 (flags = 0x41)
0  -O                                                                        (1 = 100.0%)
1  ... 

Histogram: Variations.PolicyRestriction recorded 1 samples, mean = 0.0 (flags = 0x41)
0  -O                                                                        (1 = 100.0%)
1  ... 

Histogram: Variations.SafeMode.Streak.Crashes recorded 1 samples (flags = 0x41)
12  -O                                                                        (1 = 100.0%)

Histogram: Variations.SafeMode.Streak.FetchFailures recorded 1 samples (flags = 0x41)
0  -O                                                                        (1 = 100.0%)

Histogram: Variations.SeedUsage recorded 1 samples, mean = 12.0 (flags = 0x41)
0   ... 
12  -O                                                                        (1 = 100.0%) {0.0%}
13  O                                                                         (0 = 0.0%) {100.0%}

Histogram: Variations.UserChannel recorded 1 samples (flags = 0x41)
-1 -O                                                                        (1 = 100.0%)

Histogram: Views.Browser.NumColorProvidersInitializedDuringOnNativeThemeUpdated recorded 5 samples, mean = 0.0 (flags = 0x41)
0  -----O                                                                    (5 = 100.0%)
1  ... 

Histogram: Views.Browser.TimeSpentInitializingColorProvider recorded 3 samples, mean = 0.0 (flags = 0x41)
0  ---O                                                                      (3 = 100.0%)
1  ... 

Histogram: Views.Browser.TimeSpentProcessingOnNativeThemeUpdatedEvent recorded 5 samples, mean = 0.0 (flags = 0x41)
0  -----O                                                                    (5 = 100.0%)
1  ... 

Histogram: Views.ColorProviderCacheSize recorded 3 samples, mean = 2.0 (flags = 0x41)
0  O                                                                         (0 = 0.0%)
1  -O                                                                        (1 = 33.3%) {0.0%}
2  -O                                                                        (1 = 33.3%) {33.3%}
3  -O                                                                        (1 = 33.3%) {66.7%}
4  ... 

Histogram: Viz.FrameSinkVideoCapturer.CaptureDuration recorded 3 samples, mean = 12.3 (flags = 0x41)
0   -O                                                                        (1 = 33.3%)
1   O                                                                         (0 = 0.0%) {33.3%}
2   -O                                                                        (1 = 33.3%) {33.3%}
3   ... 
33  -O                                                                        (1 = 33.3%) {66.7%}
37  ... 

Histogram: Viz.FrameSinkVideoCapturer.CaptureSucceeded recorded 3 samples, mean = 1.0 (flags = 0x41)
0  O                                                                         (0 = 0.0%)
1  ---O                                                                      (3 = 100.0%) {0.0%}
2  O                                                                         (0 = 0.0%) {100.0%}

Histogram: Viz.FrameSinkVideoCapturer.FrameResurrected recorded 3 samples, mean = 0.0 (flags = 0x41)
0  ---O                                                                      (3 = 100.0%)
1  ... 

Histogram: Viz.FrameSinkVideoCapturer.RGBA.CaptureDuration recorded 3 samples, mean = 12.3 (flags = 0x41)
0   -O                                                                        (1 = 33.3%)
1   O                                                                         (0 = 0.0%) {33.3%}
2   -O                                                                        (1 = 33.3%) {33.3%}
3   ... 
33  -O                                                                        (1 = 33.3%) {66.7%}
37  ... 

Histogram: Viz.FrameSinkVideoCapturer.RGBA.CaptureSucceeded recorded 3 samples, mean = 1.0 (flags = 0x41)
0  O                                                                         (0 = 0.0%)
1  ---O                                                                      (3 = 100.0%) {0.0%}
2  O                                                                         (0 = 0.0%) {100.0%}

Histogram: Viz.FrameSinkVideoCapturer.ReserveFrameDuration recorded 3 samples, mean = 9.7 (flags = 0x41)
0   --O                                                                       (2 = 66.7%)
1   ... 
28  -O                                                                        (1 = 33.3%) {66.7%}
30  ... 

Histogram: Viz.FrameSinkVideoCapturer.TotalDuration recorded 3 samples, mean = 12.3 (flags = 0x41)
0   -O                                                                        (1 = 33.3%)
1   O                                                                         (0 = 0.0%) {33.3%}
2   -O                                                                        (1 = 33.3%) {33.3%}
3   ... 
33  -O                                                                        (1 = 33.3%) {66.7%}
37  ... 

Histogram: WebAuthentication.Windows.KeyCredentialManagerSupported recorded 1 samples, mean = 0.0 (flags = 0x41)
0  -O                                                                        (1 = 100.0%)
1  ... 

Histogram: WebContentsObserver.DOMContentLoaded recorded 1 samples, mean = 0.0 (flags = 0x41)
0  -O                                                                        (1 = 100.0%)
1  ... 

Histogram: WebContentsObserver.DidChangeVisibleSecurityState recorded 2 samples, mean = 0.0 (flags = 0x41)
0  --O                                                                       (2 = 100.0%)
1  ... 

Histogram: WebContentsObserver.DidFinishLoad recorded 1 samples, mean = 0.0 (flags = 0x41)
0  -O                                                                        (1 = 100.0%)
1  ... 

Histogram: WebContentsObserver.DidFinishNavigation recorded 3 samples, mean = 0.0 (flags = 0x41)
0  ---O                                                                      (3 = 100.0%)
1  ... 

Histogram: WebContentsObserver.DidFirstVisuallyNonEmptyPaint recorded 1 samples, mean = 0.0 (flags = 0x41)
0  -O                                                                        (1 = 100.0%)
1  ... 

Histogram: WebContentsObserver.DidRedirectNavigation recorded 1 samples, mean = 0.0 (flags = 0x41)
0  -O                                                                        (1 = 100.0%)
1  ... 

Histogram: WebContentsObserver.DidStartLoading recorded 1 samples, mean = 0.0 (flags = 0x41)
0  -O                                                                        (1 = 100.0%)
1  ... 

Histogram: WebContentsObserver.DidStartNavigation recorded 3 samples, mean = 0.0 (flags = 0x41)
0  ---O                                                                      (3 = 100.0%)
1  ... 

Histogram: WebContentsObserver.DidStartNavigation.MainFrame recorded 3 samples, mean = 0.0 (flags = 0x41)
0  ---O                                                                      (3 = 100.0%)
1  ... 

Histogram: WebContentsObserver.DidStopLoading recorded 1 samples, mean = 0.0 (flags = 0x41)
0  -O                                                                        (1 = 100.0%)
1  ... 

Histogram: WebContentsObserver.DidUpdateNavigationHandleTiming recorded 5 samples, mean = 0.0 (flags = 0x41)
0  -----O                                                                    (5 = 100.0%)
1  ... 

Histogram: WebContentsObserver.LoadProgressChanged recorded 8 samples, mean = 0.0 (flags = 0x41)
0  --------O                                                                 (8 = 100.0%)
1  ... 

Histogram: WebContentsObserver.NavigationEntryCommitted recorded 2 samples, mean = 0.0 (flags = 0x41)
0  --O                                                                       (2 = 100.0%)
1  ... 

Histogram: WebContentsObserver.PrimaryMainDocumentElementAvailable recorded 1 samples, mean = 0.0 (flags = 0x41)
0  -O                                                                        (1 = 100.0%)
1  ... 

Histogram: WebContentsObserver.RenderFrameCreated recorded 2 samples, mean = 0.0 (flags = 0x41)
0  --O                                                                       (2 = 100.0%)
1  ... 

Histogram: WebContentsObserver.RenderFrameDeleted recorded 2 samples, mean = 0.0 (flags = 0x41)
0  --O                                                                       (2 = 100.0%)
1  ... 

Histogram: WebContentsObserver.RenderViewReady recorded 2 samples, mean = 0.0 (flags = 0x41)
0  --O                                                                       (2 = 100.0%)
1  ... 

Histogram: WebContentsObserver.TitleWasSet recorded 1 samples, mean = 0.0 (flags = 0x41)
0  -O                                                                        (1 = 100.0%)
1  ... 

Histogram: WebCore.Scripts.Async.NotStreamingReason recorded 20 samples, mean = 9.0 (flags = 0x41)
0  ... 
9  --------------------O                                                     (20 = 100.0%) {0.0%}
10 ... 

Histogram: WebCore.Scripts.Async.StartedStreaming recorded 25 samples, mean = 0.2 (flags = 0x41)
0  --------------------O                                                     (20 = 80.0%)
1  -----O                                                                    (5 = 20.0%) {80.0%}
2  O                                                                         (0 = 0.0%) {100.0%}

Histogram: WebCore.Scripts.Other.NotStreamingReason recorded 15 samples, mean = 11.0 (flags = 0x41)
0   ... 
11  ---------------O                                                          (15 = 100.0%) {0.0%}
12  ... 

Histogram: WebCore.Scripts.Other.StartedStreaming recorded 15 samples, mean = 0.0 (flags = 0x41)
0  ---------------O                                                          (15 = 100.0%)
1  ... 

Histogram: WebCore.Scripts.V8CodeCacheMetadata.Get recorded 47 samples, mean = 4.3 (flags = 0x41)
0  -------O                                                                  (7 = 14.9%)
1  ... 
5  ----------------------------------------O                                 (40 = 85.1%) {14.9%}
6  O                                                                         (0 = 0.0%) {100.0%}

Histogram: WebCore.Scripts.V8CodeCacheMetadata.Set recorded 2 samples, mean = 0.0 (flags = 0x41)
0  --O                                                                       (2 = 100.0%)
1  ... 

Histogram: WebCore.Scripts.V8CompileHintsStatus recorded 41 samples, mean = 8.4 (flags = 0x41)
0   ... 
6   --------------------O                                                     (20 = 48.8%) {0.0%}
7   ... 
10  -----O                                                                    (5 = 12.2%) {48.8%}
11  ----------------O                                                         (16 = 39.0%) {61.0%}
12  ... 

Histogram: WebCore.Scripts.V8CrowdsourcedCompileHints.ModelQuality recorded 1 samples, mean = 0.0 (flags = 0x41)
0  -O                                                                        (1 = 100.0%)
1  ... 

Histogram: WebDatabase.InitResult recorded 2 samples, mean = 0.0 (flags = 0x41)
0  --O                                                                       (2 = 100.0%)
1  ... 

Histogram: WebFont.CacheHit recorded 5 samples, mean = 1.4 (flags = 0x41)
0  O                                                                         (0 = 0.0%)
1  ----O                                                                     (4 = 80.0%) {0.0%}
2  O                                                                         (0 = 0.0%) {80.0%}
3  -O                                                                        (1 = 20.0%) {80.0%}
4  O                                                                         (0 = 0.0%) {100.0%}

Histogram: WebFont.Clients.RenderBlockingFonts.ExpiredFonts recorded 1 samples, mean = 1.0 (flags = 0x41)
0  O                                                                         (0 = 0.0%)
1  -O                                                                        (1 = 100.0%) {0.0%}
2  O                                                                         (0 = 0.0%) {100.0%}

Histogram: WebFont.HadBlankText recorded 1 samples, mean = 0.0 (flags = 0x41)
0  -O                                                                        (1 = 100.0%)
1  ... 

Histogram: WebFont.LocalFontUsed recorded 1 samples, mean = 1.0 (flags = 0x41)
0  O                                                                         (0 = 0.0%)
1  -O                                                                        (1 = 100.0%) {0.0%}
2  O                                                                         (0 = 0.0%) {100.0%}

Histogram: Windows.AcLayersLoaded recorded 1 samples, mean = 0.0 (flags = 0x41)
0  -O                                                                        (1 = 100.0%)
1  ... 

Histogram: Windows.CetAvailable recorded 1 samples, mean = 1.0 (flags = 0x41)
0  O                                                                         (0 = 0.0%)
1  -O                                                                        (1 = 100.0%) {0.0%}
2  O                                                                         (0 = 0.0%) {100.0%}

Histogram: Windows.CetEnabled recorded 1 samples, mean = 0.0 (flags = 0x41)
0  -O                                                                        (1 = 100.0%)
1  ... 

Histogram: Windows.DisplayIdFromDeviceId recorded 36 samples, mean = 3.0 (flags = 0x41)
0  ... 
3  ------------------------------------O                                     (36 = 100.0%) {0.0%}
4  O                                                                         (0 = 0.0%) {100.0%}

Histogram: Windows.DisplayIdFromDeviceKey recorded 36 samples, mean = 3.0 (flags = 0x41)
0  ... 
3  ------------------------------------O                                     (36 = 100.0%) {0.0%}
4  O                                                                         (0 = 0.0%) {100.0%}

Histogram: Windows.Enclave.SGX.Available recorded 1 samples, mean = 0.0 (flags = 0x41)
0  -O                                                                        (1 = 100.0%)
1  ... 

Histogram: Windows.Enclave.SGX2.Available recorded 1 samples, mean = 0.0 (flags = 0x41)
0  -O                                                                        (1 = 100.0%)
1  ... 

Histogram: Windows.Enclave.VBS.Available recorded 1 samples, mean = 1.0 (flags = 0x41)
0  O                                                                         (0 = 0.0%)
1  -O                                                                        (1 = 100.0%) {0.0%}
2  O                                                                         (0 = 0.0%) {100.0%}

Histogram: Windows.Enclave.VBSBasic.Available recorded 1 samples, mean = 0.0 (flags = 0x41)
0  -O                                                                        (1 = 100.0%)
1  ... 

Histogram: Windows.HasHighResolutionTimeTicks recorded 1 samples, mean = 1.0 (flags = 0x41)
0  O                                                                         (0 = 0.0%)
1  -O                                                                        (1 = 100.0%) {0.0%}
2  O                                                                         (0 = 0.0%) {100.0%}

Histogram: Windows.HasThreadTicks recorded 1 samples, mean = 1.0 (flags = 0x41)
0  O                                                                         (0 = 0.0%)
1  -O                                                                        (1 = 100.0%) {0.0%}
2  O                                                                         (0 = 0.0%) {100.0%}

Histogram: Windows.HighResolutionTimerUsage recorded 108 samples, mean = 0.0 (flags = 0x41)
0  ------------------------------------------------------------------------O (108 = 100.0%)
1  ... 

Histogram: Windows.HypervPresent recorded 1 samples, mean = 1.0 (flags = 0x41)
0  O                                                                         (0 = 0.0%)
1  -O                                                                        (1 = 100.0%) {0.0%}
2  O                                                                         (0 = 0.0%) {100.0%}

Histogram: Windows.LegacyDisplayIdAlgorithm recorded 74 samples, mean = 0.0 (flags = 0x41)
0  ------------------------------------------------------------------------O (74 = 100.0%)
1  ... 

Histogram: Windows.ParallelDllLoadingEnabled recorded 1 samples, mean = 1.0 (flags = 0x41)
0  O                                                                         (0 = 0.0%)
1  -O                                                                        (1 = 100.0%) {0.0%}
2  O                                                                         (0 = 0.0%) {100.0%}

Histogram: Windows.PatchLevel recorded 1 samples (flags = 0x41)
1717051446  -O                                                                        (1 = 100.0%)

Histogram: Windows.PatchLevelKernel32 recorded 1 samples (flags = 0x41)
1710497846  -O                                                                        (1 = 100.0%)

Histogram: Windows.ProcessorFamily recorded 1 samples (flags = 0x41)
107  -O                                                                        (1 = 100.0%)

Histogram: Windows.ProcessorVirtualizationFirmwareEnabled recorded 1 samples, mean = 1.0 (flags = 0x41)
0  O                                                                         (0 = 0.0%)
1  -O                                                                        (1 = 100.0%) {0.0%}
2  O                                                                         (0 = 0.0%) {100.0%}


