[43980:45580:0627/105656.428:WARNING:chrome_main_delegate.cc(745)] This is Chrome version 128.0.6613.138 (not a warning)
[43980:44672:0627/105656.644:ERROR:google_update_settings.cc(265)] Failed opening key Software\Chromium to set usagestats; result: 5
[43980:45580:0627/105656.729:WARNING:account_consistency_mode_manager.cc(77)] Desktop Identity Consistency cannot be enabled as no OAuth client ID and client secret have been configured.
[43980:45580:0627/105700.490:WARNING:external_registry_loader_win.cc(232)] Error observing HKLM: 5
[43980:44672:0627/105700.495:WARNING:leveldb_database.cc(141)] Unable to open D:\Robotics\OuractMain\Ouract_WispCPP7VR-Core\WispCPP7VR Core\WispCPP7VR Core\WispCPP7VR\Saved\webcache_6613\Default\shared_proto_db\metadata: IO error: D:\Robotics\OuractMain\Ouract_WispCPP7VR-Core\WispCPP7VR Core\WispCPP7VR Core\WispCPP7VR\Saved\webcache_6613\Default\shared_proto_db\metadata/MANIFEST-000001: Unable to create sequential file (ChromeMethodBFE: 7::NewSequentialFile::1)
[43980:44672:0627/105700.495:WARNING:leveldb_database.cc(141)] Unable to open D:\Robotics\OuractMain\Ouract_WispCPP7VR-Core\WispCPP7VR Core\WispCPP7VR Core\WispCPP7VR\Saved\webcache_6613\Default\shared_proto_db\metadata: IO error: D:\Robotics\OuractMain\Ouract_WispCPP7VR-Core\WispCPP7VR Core\WispCPP7VR Core\WispCPP7VR\Saved\webcache_6613\Default\shared_proto_db\metadata/MANIFEST-000001: Unable to create sequential file (ChromeMethodBFE: 7::NewSequentialFile::1)
[43980:44672:0627/105700.497:WARNING:leveldb_database.cc(141)] Unable to open D:\Robotics\OuractMain\Ouract_WispCPP7VR-Core\WispCPP7VR Core\WispCPP7VR Core\WispCPP7VR\Saved\webcache_6613\Default\shared_proto_db\metadata: IO error: D:\Robotics\OuractMain\Ouract_WispCPP7VR-Core\WispCPP7VR Core\WispCPP7VR Core\WispCPP7VR\Saved\webcache_6613\Default\shared_proto_db\metadata/MANIFEST-000001: Unable to create sequential file (ChromeMethodBFE: 7::NewSequentialFile::1)
[43980:44672:0627/105700.499:WARNING:leveldb_database.cc(141)] Unable to open D:\Robotics\OuractMain\Ouract_WispCPP7VR-Core\WispCPP7VR Core\WispCPP7VR Core\WispCPP7VR\Saved\webcache_6613\Default\shared_proto_db\metadata: IO error: D:\Robotics\OuractMain\Ouract_WispCPP7VR-Core\WispCPP7VR Core\WispCPP7VR Core\WispCPP7VR\Saved\webcache_6613\Default\shared_proto_db\metadata/MANIFEST-000001: Unable to create sequential file (ChromeMethodBFE: 7::NewSequentialFile::1)
[43980:33116:0627/105700.606:WARNING:value_store_frontend.cc(47)] Reading ahfgeienlihckogmohjhadlkjgocpleb.alarms from  failed: IO error: .../MANIFEST-000001: Unable to create sequential file (ChromeMethodBFE: 7::NewSequentialFile::1)
[43980:33116:0627/105700.607:WARNING:value_store_frontend.cc(47)] Reading mhjfbmdgcfjbbpaeojofohoefgiehjai.alarms from  failed: IO error: .../MANIFEST-000001: Unable to create sequential file (ChromeMethodBFE: 7::NewSequentialFile::1)
[34396:11280:0627/105700.836:WARNING:frame_impl.cc(430)] virtual CefFrameImpl::SendProcessMessage sent to detached frame 5-BDE148651BCB372D74E343340EA354A4 will be ignored
[43980:45580:0627/105703.946:ERROR:device_event_log_impl.cc(196)] [10:57:03.940] USB: usb_service_win.cc:105 SetupDiGetDeviceProperty({{A45C254E-DF1C-4EFD-8020-67D146A850E0}, 6}) failed: Element not found. (0x490)
[43980:43252:0627/105704.060:WARNING:leveldb_database.cc(141)] Unable to open D:\Robotics\OuractMain\Ouract_WispCPP7VR-Core\WispCPP7VR Core\WispCPP7VR Core\WispCPP7VR\Saved\webcache_6613\Default\GCM Store\Encryption: IO error: D:\Robotics\OuractMain\Ouract_WispCPP7VR-Core\WispCPP7VR Core\WispCPP7VR Core\WispCPP7VR\Saved\webcache_6613\Default\GCM Store\Encryption/MANIFEST-000001: Unable to create sequential file (ChromeMethodBFE: 7::NewSequentialFile::1)
[43980:46700:0627/112459.455:VERBOSE1:media_stream_manager.cc(1533)] MSPL::OnSpeedLimitChange({this=00005BA4000BED40}, {new_limit=79})
[43980:46700:0627/112502.455:VERBOSE1:media_stream_manager.cc(1533)] MSPL::OnSpeedLimitChange({this=00005BA4000BED40}, {new_limit=78})
[43980:46700:0627/112503.455:VERBOSE1:media_stream_manager.cc(1533)] MSPL::OnSpeedLimitChange({this=00005BA4000BED40}, {new_limit=79})
[43980:46700:0627/112505.455:VERBOSE1:media_stream_manager.cc(1533)] MSPL::OnSpeedLimitChange({this=00005BA4000BED40}, {new_limit=80})
[43980:46700:0627/112507.456:VERBOSE1:media_stream_manager.cc(1533)] MSPL::OnSpeedLimitChange({this=00005BA4000BED40}, {new_limit=79})
[43980:46700:0627/112508.457:VERBOSE1:media_stream_manager.cc(1533)] MSPL::OnSpeedLimitChange({this=00005BA4000BED40}, {new_limit=78})
[43980:46700:0627/112509.456:VERBOSE1:media_stream_manager.cc(1533)] MSPL::OnSpeedLimitChange({this=00005BA4000BED40}, {new_limit=79})
[43980:46700:0627/112518.456:VERBOSE1:media_stream_manager.cc(1533)] MSPL::OnSpeedLimitChange({this=00005BA4000BED40}, {new_limit=80})
[43980:46700:0627/112531.458:VERBOSE1:media_stream_manager.cc(1533)] MSPL::OnSpeedLimitChange({this=00005BA4000BED40}, {new_limit=79})
[43980:46700:0627/112532.458:VERBOSE1:media_stream_manager.cc(1533)] MSPL::OnSpeedLimitChange({this=00005BA4000BED40}, {new_limit=80})
[43980:46700:0627/112540.457:VERBOSE1:media_stream_manager.cc(1533)] MSPL::OnSpeedLimitChange({this=00005BA4000BED40}, {new_limit=81})
[43980:46700:0627/112555.460:VERBOSE1:media_stream_manager.cc(1533)] MSPL::OnSpeedLimitChange({this=00005BA4000BED40}, {new_limit=80})
[43980:46700:0627/112557.461:VERBOSE1:media_stream_manager.cc(1533)] MSPL::OnSpeedLimitChange({this=00005BA4000BED40}, {new_limit=78})
[43980:46700:0627/112601.462:VERBOSE1:media_stream_manager.cc(1533)] MSPL::OnSpeedLimitChange({this=00005BA4000BED40}, {new_limit=79})
[43980:46700:0627/112607.463:VERBOSE1:media_stream_manager.cc(1533)] MSPL::OnSpeedLimitChange({this=00005BA4000BED40}, {new_limit=81})
[43980:46700:0627/112612.463:VERBOSE1:media_stream_manager.cc(1533)] MSPL::OnSpeedLimitChange({this=00005BA4000BED40}, {new_limit=80})
[43980:46700:0627/112614.464:VERBOSE1:media_stream_manager.cc(1533)] MSPL::OnSpeedLimitChange({this=00005BA4000BED40}, {new_limit=81})
[43980:46700:0627/112616.464:VERBOSE1:media_stream_manager.cc(1533)] MSPL::OnSpeedLimitChange({this=00005BA4000BED40}, {new_limit=80})
[43980:46700:0627/112624.465:VERBOSE1:media_stream_manager.cc(1533)] MSPL::OnSpeedLimitChange({this=00005BA4000BED40}, {new_limit=79})
[43980:46700:0627/112631.465:VERBOSE1:media_stream_manager.cc(1533)] MSPL::OnSpeedLimitChange({this=00005BA4000BED40}, {new_limit=78})
[43980:46700:0627/112632.465:VERBOSE1:media_stream_manager.cc(1533)] MSPL::OnSpeedLimitChange({this=00005BA4000BED40}, {new_limit=79})
[43980:46700:0627/112635.799:VERBOSE1:media_stream_manager.cc(1533)] MSPL::OnSpeedLimitChange({this=00005BA4000BED40}, {new_limit=78})
[43980:46700:0627/112636.799:VERBOSE1:media_stream_manager.cc(1533)] MSPL::OnSpeedLimitChange({this=00005BA4000BED40}, {new_limit=77})
[43980:46700:0627/112637.799:VERBOSE1:media_stream_manager.cc(1533)] MSPL::OnSpeedLimitChange({this=00005BA4000BED40}, {new_limit=76})
[43980:46700:0627/112639.799:VERBOSE1:media_stream_manager.cc(1533)] MSPL::OnSpeedLimitChange({this=00005BA4000BED40}, {new_limit=75})
[43980:46700:0627/112641.799:VERBOSE1:media_stream_manager.cc(1533)] MSPL::OnSpeedLimitChange({this=00005BA4000BED40}, {new_limit=76})
[43980:46700:0627/112642.800:VERBOSE1:media_stream_manager.cc(1533)] MSPL::OnSpeedLimitChange({this=00005BA4000BED40}, {new_limit=75})
[43980:46700:0627/112644.799:VERBOSE1:media_stream_manager.cc(1533)] MSPL::OnSpeedLimitChange({this=00005BA4000BED40}, {new_limit=76})
[43980:46700:0627/112646.800:VERBOSE1:media_stream_manager.cc(1533)] MSPL::OnSpeedLimitChange({this=00005BA4000BED40}, {new_limit=77})
[43980:46700:0627/112647.800:VERBOSE1:media_stream_manager.cc(1533)] MSPL::OnSpeedLimitChange({this=00005BA4000BED40}, {new_limit=78})
[43980:46700:0627/112648.800:VERBOSE1:media_stream_manager.cc(1533)] MSPL::OnSpeedLimitChange({this=00005BA4000BED40}, {new_limit=79})
[43980:46700:0627/112649.800:VERBOSE1:media_stream_manager.cc(1533)] MSPL::OnSpeedLimitChange({this=00005BA4000BED40}, {new_limit=78})
[43980:46700:0627/112651.799:VERBOSE1:media_stream_manager.cc(1533)] MSPL::OnSpeedLimitChange({this=00005BA4000BED40}, {new_limit=76})
[43980:46700:0627/112655.800:VERBOSE1:media_stream_manager.cc(1533)] MSPL::OnSpeedLimitChange({this=00005BA4000BED40}, {new_limit=77})
[43980:46700:0627/112657.800:VERBOSE1:media_stream_manager.cc(1533)] MSPL::OnSpeedLimitChange({this=00005BA4000BED40}, {new_limit=76})
[25772:47008:0627/112657.800:VERBOSE1:network_delegate.cc(36)] NetworkDelegate::NotifyBeforeURLRequest: https://safebrowsing.googleapis.com/v4/threatListUpdates:fetch?$req=ChoKCGNocm9taXVtEg4xMjguMC42NjEzLjEzOBoMCAUQASIEIAEgAigBGgwIARABIgQgASACKAEaDAgDEAEiBCABIAIoARoMCAcQASIEIAEgAigBGgwIARAIIgQgASACKAQaDAgPEAEiBCABIAIoARoMCAkQASIEIAEgAigBIgIIAQ==&$ct=application/x-protobuf&key=dummytoken
[25772:47008:0627/112657.817:VERBOSE1:tls_handshaker.cc(105)] TlsClient: Continuing handshake
[25772:47008:0627/112657.834:VERBOSE1:tls_handshaker.cc(105)] TlsClient: Continuing handshake
[25772:47008:0627/112657.834:VERBOSE1:tls_handshaker.cc(105)] TlsClient: Continuing handshake
[25772:47008:0627/112657.834:VERBOSE1:tls_handshaker.cc(105)] TlsClient: Continuing handshake
[25772:47008:0627/112657.834:VERBOSE1:tls_handshaker.cc(105)] TlsClient: Continuing handshake
[25772:47008:0627/112657.834:VERBOSE1:tls_handshaker.cc(105)] TlsClient: Continuing handshake
[25772:47008:0627/112657.834:VERBOSE1:tls_client_handshaker.cc(528)] Client: handshake finished
[43980:46700:0627/112701.800:VERBOSE1:media_stream_manager.cc(1533)] MSPL::OnSpeedLimitChange({this=00005BA4000BED40}, {new_limit=78})
[43980:46700:0627/112703.800:VERBOSE1:media_stream_manager.cc(1533)] MSPL::OnSpeedLimitChange({this=00005BA4000BED40}, {new_limit=79})
[43980:46700:0627/112704.801:VERBOSE1:media_stream_manager.cc(1533)] MSPL::OnSpeedLimitChange({this=00005BA4000BED40}, {new_limit=78})
[43980:46700:0627/112707.802:VERBOSE1:media_stream_manager.cc(1533)] MSPL::OnSpeedLimitChange({this=00005BA4000BED40}, {new_limit=76})
[43980:46700:0627/112709.801:VERBOSE1:media_stream_manager.cc(1533)] MSPL::OnSpeedLimitChange({this=00005BA4000BED40}, {new_limit=77})
[43980:46700:0627/112712.802:VERBOSE1:media_stream_manager.cc(1533)] MSPL::OnSpeedLimitChange({this=00005BA4000BED40}, {new_limit=76})
[43980:46700:0627/112717.802:VERBOSE1:media_stream_manager.cc(1533)] MSPL::OnSpeedLimitChange({this=00005BA4000BED40}, {new_limit=78})
[43980:46700:0627/112719.802:VERBOSE1:media_stream_manager.cc(1533)] MSPL::OnSpeedLimitChange({this=00005BA4000BED40}, {new_limit=77})
[43980:46700:0627/112720.802:VERBOSE1:media_stream_manager.cc(1533)] MSPL::OnSpeedLimitChange({this=00005BA4000BED40}, {new_limit=78})
[43980:46700:0627/112726.802:VERBOSE1:media_stream_manager.cc(1533)] MSPL::OnSpeedLimitChange({this=00005BA4000BED40}, {new_limit=77})
[43980:46700:0627/112727.803:VERBOSE1:media_stream_manager.cc(1533)] MSPL::OnSpeedLimitChange({this=00005BA4000BED40}, {new_limit=76})
[43980:46700:0627/112731.803:VERBOSE1:media_stream_manager.cc(1533)] MSPL::OnSpeedLimitChange({this=00005BA4000BED40}, {new_limit=75})
[43980:46700:0627/112734.803:VERBOSE1:media_stream_manager.cc(1533)] MSPL::OnSpeedLimitChange({this=00005BA4000BED40}, {new_limit=76})
[43980:46700:0627/112736.803:VERBOSE1:media_stream_manager.cc(1533)] MSPL::OnSpeedLimitChange({this=00005BA4000BED40}, {new_limit=77})
[43980:46700:0627/112738.803:VERBOSE1:media_stream_manager.cc(1533)] MSPL::OnSpeedLimitChange({this=00005BA4000BED40}, {new_limit=78})
[43980:46700:0627/112740.804:VERBOSE1:media_stream_manager.cc(1533)] MSPL::OnSpeedLimitChange({this=00005BA4000BED40}, {new_limit=79})
[43980:46700:0627/112742.803:VERBOSE1:media_stream_manager.cc(1533)] MSPL::OnSpeedLimitChange({this=00005BA4000BED40}, {new_limit=78})
[43980:46700:0627/112743.804:VERBOSE1:media_stream_manager.cc(1533)] MSPL::OnSpeedLimitChange({this=00005BA4000BED40}, {new_limit=79})
[43980:46700:0627/112747.804:VERBOSE1:media_stream_manager.cc(1533)] MSPL::OnSpeedLimitChange({this=00005BA4000BED40}, {new_limit=80})
[43980:46700:0627/112748.804:VERBOSE1:media_stream_manager.cc(1533)] MSPL::OnSpeedLimitChange({this=00005BA4000BED40}, {new_limit=79})
[43980:46700:0627/112751.804:VERBOSE1:media_stream_manager.cc(1533)] MSPL::OnSpeedLimitChange({this=00005BA4000BED40}, {new_limit=80})
[43980:46700:0627/112808.804:VERBOSE1:media_stream_manager.cc(1533)] MSPL::OnSpeedLimitChange({this=00005BA4000BED40}, {new_limit=81})
[43980:46700:0627/112809.805:VERBOSE1:media_stream_manager.cc(1533)] MSPL::OnSpeedLimitChange({this=00005BA4000BED40}, {new_limit=80})
[43980:46700:0627/112811.805:VERBOSE1:media_stream_manager.cc(1533)] MSPL::OnSpeedLimitChange({this=00005BA4000BED40}, {new_limit=81})
[43980:46700:0627/112819.806:VERBOSE1:media_stream_manager.cc(1533)] MSPL::OnSpeedLimitChange({this=00005BA4000BED40}, {new_limit=82})
[43980:46700:0627/112823.806:VERBOSE1:media_stream_manager.cc(1533)] MSPL::OnSpeedLimitChange({this=00005BA4000BED40}, {new_limit=81})
[43980:46700:0627/112837.809:VERBOSE1:media_stream_manager.cc(1533)] MSPL::OnSpeedLimitChange({this=00005BA4000BED40}, {new_limit=80})
[43980:46700:0627/112842.810:VERBOSE1:media_stream_manager.cc(1533)] MSPL::OnSpeedLimitChange({this=00005BA4000BED40}, {new_limit=79})
[43980:46700:0627/112846.810:VERBOSE1:media_stream_manager.cc(1533)] MSPL::OnSpeedLimitChange({this=00005BA4000BED40}, {new_limit=80})
[43980:46700:0627/112847.810:VERBOSE1:media_stream_manager.cc(1533)] MSPL::OnSpeedLimitChange({this=00005BA4000BED40}, {new_limit=79})
[43980:46700:0627/112848.810:VERBOSE1:media_stream_manager.cc(1533)] MSPL::OnSpeedLimitChange({this=00005BA4000BED40}, {new_limit=80})
[43980:46700:0627/112852.811:VERBOSE1:media_stream_manager.cc(1533)] MSPL::OnSpeedLimitChange({this=00005BA4000BED40}, {new_limit=81})
[43980:46700:0627/112859.810:VERBOSE1:media_stream_manager.cc(1533)] MSPL::OnSpeedLimitChange({this=00005BA4000BED40}, {new_limit=80})
[43980:46700:0627/112909.811:VERBOSE1:media_stream_manager.cc(1533)] MSPL::OnSpeedLimitChange({this=00005BA4000BED40}, {new_limit=81})
[43980:46700:0627/112915.810:VERBOSE1:media_stream_manager.cc(1533)] MSPL::OnSpeedLimitChange({this=00005BA4000BED40}, {new_limit=82})
[43980:46700:0627/112916.811:VERBOSE1:media_stream_manager.cc(1533)] MSPL::OnSpeedLimitChange({this=00005BA4000BED40}, {new_limit=81})
[43980:46700:0627/112918.812:VERBOSE1:media_stream_manager.cc(1533)] MSPL::OnSpeedLimitChange({this=00005BA4000BED40}, {new_limit=80})
[43980:46700:0627/112919.812:VERBOSE1:media_stream_manager.cc(1533)] MSPL::OnSpeedLimitChange({this=00005BA4000BED40}, {new_limit=79})
[43980:46700:0627/112920.812:VERBOSE1:media_stream_manager.cc(1533)] MSPL::OnSpeedLimitChange({this=00005BA4000BED40}, {new_limit=78})
[43980:46700:0627/112923.812:VERBOSE1:media_stream_manager.cc(1533)] MSPL::OnSpeedLimitChange({this=00005BA4000BED40}, {new_limit=76})
[43980:46700:0627/112924.812:VERBOSE1:media_stream_manager.cc(1533)] MSPL::OnSpeedLimitChange({this=00005BA4000BED40}, {new_limit=75})
[43980:46700:0627/112926.812:VERBOSE1:media_stream_manager.cc(1533)] MSPL::OnSpeedLimitChange({this=00005BA4000BED40}, {new_limit=76})
[43980:46700:0627/112927.814:VERBOSE1:media_stream_manager.cc(1533)] MSPL::OnSpeedLimitChange({this=00005BA4000BED40}, {new_limit=75})
[43980:46700:0627/112928.813:VERBOSE1:media_stream_manager.cc(1533)] MSPL::OnSpeedLimitChange({this=00005BA4000BED40}, {new_limit=76})
[43980:46700:0627/112929.814:VERBOSE1:media_stream_manager.cc(1533)] MSPL::OnSpeedLimitChange({this=00005BA4000BED40}, {new_limit=77})
[43980:46700:0627/112930.814:VERBOSE1:media_stream_manager.cc(1533)] MSPL::OnSpeedLimitChange({this=00005BA4000BED40}, {new_limit=78})
[43980:46700:0627/112932.813:VERBOSE1:media_stream_manager.cc(1533)] MSPL::OnSpeedLimitChange({this=00005BA4000BED40}, {new_limit=79})
[43980:46700:0627/112933.813:VERBOSE1:media_stream_manager.cc(1533)] MSPL::OnSpeedLimitChange({this=00005BA4000BED40}, {new_limit=81})
[43980:46700:0627/113009.817:VERBOSE1:media_stream_manager.cc(1533)] MSPL::OnSpeedLimitChange({this=00005BA4000BED40}, {new_limit=80})
[43980:46700:0627/113012.817:VERBOSE1:media_stream_manager.cc(1533)] MSPL::OnSpeedLimitChange({this=00005BA4000BED40}, {new_limit=79})
[43980:46700:0627/113013.817:VERBOSE1:media_stream_manager.cc(1533)] MSPL::OnSpeedLimitChange({this=00005BA4000BED40}, {new_limit=80})
[43980:46700:0627/113017.817:VERBOSE1:media_stream_manager.cc(1533)] MSPL::OnSpeedLimitChange({this=00005BA4000BED40}, {new_limit=81})
[43980:46700:0627/113018.818:VERBOSE1:media_stream_manager.cc(1533)] MSPL::OnSpeedLimitChange({this=00005BA4000BED40}, {new_limit=80})
[43980:46700:0627/113019.817:VERBOSE1:media_stream_manager.cc(1533)] MSPL::OnSpeedLimitChange({this=00005BA4000BED40}, {new_limit=81})
[43980:46700:0627/113021.816:VERBOSE1:media_stream_manager.cc(1533)] MSPL::OnSpeedLimitChange({this=00005BA4000BED40}, {new_limit=82})
[43980:46700:0627/113022.817:VERBOSE1:media_stream_manager.cc(1533)] MSPL::OnSpeedLimitChange({this=00005BA4000BED40}, {new_limit=81})
[43980:46700:0627/113026.817:VERBOSE1:media_stream_manager.cc(1533)] MSPL::OnSpeedLimitChange({this=00005BA4000BED40}, {new_limit=80})
[43980:46700:0627/113031.818:VERBOSE1:media_stream_manager.cc(1533)] MSPL::OnSpeedLimitChange({this=00005BA4000BED40}, {new_limit=78})
[43980:46700:0627/113032.818:VERBOSE1:media_stream_manager.cc(1533)] MSPL::OnSpeedLimitChange({this=00005BA4000BED40}, {new_limit=79})
[43980:46700:0627/113033.818:VERBOSE1:media_stream_manager.cc(1533)] MSPL::OnSpeedLimitChange({this=00005BA4000BED40}, {new_limit=77})
[43980:46700:0627/113036.819:VERBOSE1:media_stream_manager.cc(1533)] MSPL::OnSpeedLimitChange({this=00005BA4000BED40}, {new_limit=76})
[43980:46700:0627/113042.820:VERBOSE1:media_stream_manager.cc(1533)] MSPL::OnSpeedLimitChange({this=00005BA4000BED40}, {new_limit=77})
[43980:46700:0627/113045.821:VERBOSE1:media_stream_manager.cc(1533)] MSPL::OnSpeedLimitChange({this=00005BA4000BED40}, {new_limit=76})
[43980:46700:0627/113046.821:VERBOSE1:media_stream_manager.cc(1533)] MSPL::OnSpeedLimitChange({this=00005BA4000BED40}, {new_limit=77})
[43980:46700:0627/113053.820:VERBOSE1:media_stream_manager.cc(1533)] MSPL::OnSpeedLimitChange({this=00005BA4000BED40}, {new_limit=78})
[43980:46700:0627/113055.821:VERBOSE1:media_stream_manager.cc(1533)] MSPL::OnSpeedLimitChange({this=00005BA4000BED40}, {new_limit=79})
[43980:46700:0627/113058.821:VERBOSE1:media_stream_manager.cc(1533)] MSPL::OnSpeedLimitChange({this=00005BA4000BED40}, {new_limit=80})
[43980:46700:0627/113100.821:VERBOSE1:media_stream_manager.cc(1533)] MSPL::OnSpeedLimitChange({this=00005BA4000BED40}, {new_limit=79})
[43980:46700:0627/113104.822:VERBOSE1:media_stream_manager.cc(1533)] MSPL::OnSpeedLimitChange({this=00005BA4000BED40}, {new_limit=78})
[43980:46700:0627/113109.822:VERBOSE1:media_stream_manager.cc(1533)] MSPL::OnSpeedLimitChange({this=00005BA4000BED40}, {new_limit=77})
[43980:46700:0627/113110.822:VERBOSE1:media_stream_manager.cc(1533)] MSPL::OnSpeedLimitChange({this=00005BA4000BED40}, {new_limit=78})
[43980:46700:0627/113111.822:VERBOSE1:media_stream_manager.cc(1533)] MSPL::OnSpeedLimitChange({this=00005BA4000BED40}, {new_limit=79})
[43980:46700:0627/113112.822:VERBOSE1:media_stream_manager.cc(1533)] MSPL::OnSpeedLimitChange({this=00005BA4000BED40}, {new_limit=78})
[43980:46700:0627/113117.823:VERBOSE1:media_stream_manager.cc(1533)] MSPL::OnSpeedLimitChange({this=00005BA4000BED40}, {new_limit=77})
[43980:46700:0627/113125.823:VERBOSE1:media_stream_manager.cc(1533)] MSPL::OnSpeedLimitChange({this=00005BA4000BED40}, {new_limit=76})
[43980:46700:0627/113127.823:VERBOSE1:media_stream_manager.cc(1533)] MSPL::OnSpeedLimitChange({this=00005BA4000BED40}, {new_limit=75})
[43980:46700:0627/113128.823:VERBOSE1:media_stream_manager.cc(1533)] MSPL::OnSpeedLimitChange({this=00005BA4000BED40}, {new_limit=76})
[43980:46700:0627/113134.823:VERBOSE1:media_stream_manager.cc(1533)] MSPL::OnSpeedLimitChange({this=00005BA4000BED40}, {new_limit=77})
[43980:46700:0627/113135.823:VERBOSE1:media_stream_manager.cc(1533)] MSPL::OnSpeedLimitChange({this=00005BA4000BED40}, {new_limit=78})
[43980:46700:0627/113136.824:VERBOSE1:media_stream_manager.cc(1533)] MSPL::OnSpeedLimitChange({this=00005BA4000BED40}, {new_limit=80})
[43980:46700:0627/113140.825:VERBOSE1:media_stream_manager.cc(1533)] MSPL::OnSpeedLimitChange({this=00005BA4000BED40}, {new_limit=79})
[43980:46700:0627/113141.825:VERBOSE1:media_stream_manager.cc(1533)] MSPL::OnSpeedLimitChange({this=00005BA4000BED40}, {new_limit=78})
[43980:46700:0627/113142.825:VERBOSE1:media_stream_manager.cc(1533)] MSPL::OnSpeedLimitChange({this=00005BA4000BED40}, {new_limit=77})
[43980:46700:0627/113151.826:VERBOSE1:media_stream_manager.cc(1533)] MSPL::OnSpeedLimitChange({this=00005BA4000BED40}, {new_limit=78})
[43980:46700:0627/113152.826:VERBOSE1:media_stream_manager.cc(1533)] MSPL::OnSpeedLimitChange({this=00005BA4000BED40}, {new_limit=79})
[43980:46700:0627/113158.826:VERBOSE1:media_stream_manager.cc(1533)] MSPL::OnSpeedLimitChange({this=00005BA4000BED40}, {new_limit=80})
[43980:46700:0627/113200.826:VERBOSE1:media_stream_manager.cc(1533)] MSPL::OnSpeedLimitChange({this=00005BA4000BED40}, {new_limit=81})
[43980:46700:0627/113202.826:VERBOSE1:media_stream_manager.cc(1533)] MSPL::OnSpeedLimitChange({this=00005BA4000BED40}, {new_limit=82})
[43980:46700:0627/113209.828:VERBOSE1:media_stream_manager.cc(1533)] MSPL::OnSpeedLimitChange({this=00005BA4000BED40}, {new_limit=79})
[43980:46700:0627/113210.827:VERBOSE1:media_stream_manager.cc(1533)] MSPL::OnSpeedLimitChange({this=00005BA4000BED40}, {new_limit=78})
[43980:46700:0627/113211.828:VERBOSE1:media_stream_manager.cc(1533)] MSPL::OnSpeedLimitChange({this=00005BA4000BED40}, {new_limit=76})
[43980:46700:0627/113212.828:VERBOSE1:media_stream_manager.cc(1533)] MSPL::OnSpeedLimitChange({this=00005BA4000BED40}, {new_limit=75})
[43980:46700:0627/113214.828:VERBOSE1:media_stream_manager.cc(1533)] MSPL::OnSpeedLimitChange({this=00005BA4000BED40}, {new_limit=73})
[43980:46700:0627/113215.827:VERBOSE1:media_stream_manager.cc(1533)] MSPL::OnSpeedLimitChange({this=00005BA4000BED40}, {new_limit=72})
[43980:46700:0627/113216.828:VERBOSE1:media_stream_manager.cc(1533)] MSPL::OnSpeedLimitChange({this=00005BA4000BED40}, {new_limit=71})
[43980:46700:0627/113218.828:VERBOSE1:media_stream_manager.cc(1533)] MSPL::OnSpeedLimitChange({this=00005BA4000BED40}, {new_limit=72})
[43980:46700:0627/113219.828:VERBOSE1:media_stream_manager.cc(1533)] MSPL::OnSpeedLimitChange({this=00005BA4000BED40}, {new_limit=74})
[43980:46700:0627/113221.829:VERBOSE1:media_stream_manager.cc(1533)] MSPL::OnSpeedLimitChange({this=00005BA4000BED40}, {new_limit=75})
[43980:46700:0627/113222.829:VERBOSE1:media_stream_manager.cc(1533)] MSPL::OnSpeedLimitChange({this=00005BA4000BED40}, {new_limit=76})
[43980:46700:0627/113224.829:VERBOSE1:media_stream_manager.cc(1533)] MSPL::OnSpeedLimitChange({this=00005BA4000BED40}, {new_limit=77})
[43980:46700:0627/113229.829:VERBOSE1:media_stream_manager.cc(1533)] MSPL::OnSpeedLimitChange({this=00005BA4000BED40}, {new_limit=76})
[43980:46700:0627/113230.829:VERBOSE1:media_stream_manager.cc(1533)] MSPL::OnSpeedLimitChange({this=00005BA4000BED40}, {new_limit=77})
[43980:46700:0627/113233.829:VERBOSE1:media_stream_manager.cc(1533)] MSPL::OnSpeedLimitChange({this=00005BA4000BED40}, {new_limit=78})
[43980:46700:0627/113234.830:VERBOSE1:media_stream_manager.cc(1533)] MSPL::OnSpeedLimitChange({this=00005BA4000BED40}, {new_limit=79})
[43980:46700:0627/113236.829:VERBOSE1:media_stream_manager.cc(1533)] MSPL::OnSpeedLimitChange({this=00005BA4000BED40}, {new_limit=80})
[43980:46700:0627/113237.829:VERBOSE1:media_stream_manager.cc(1533)] MSPL::OnSpeedLimitChange({this=00005BA4000BED40}, {new_limit=79})
[43980:46700:0627/113238.829:VERBOSE1:media_stream_manager.cc(1533)] MSPL::OnSpeedLimitChange({this=00005BA4000BED40}, {new_limit=80})
[43980:46700:0627/113241.829:VERBOSE1:media_stream_manager.cc(1533)] MSPL::OnSpeedLimitChange({this=00005BA4000BED40}, {new_limit=81})
[43980:46700:0627/113242.829:VERBOSE1:media_stream_manager.cc(1533)] MSPL::OnSpeedLimitChange({this=00005BA4000BED40}, {new_limit=80})
[43980:46700:0627/113247.830:VERBOSE1:media_stream_manager.cc(1533)] MSPL::OnSpeedLimitChange({this=00005BA4000BED40}, {new_limit=79})
[43980:46700:0627/113250.831:VERBOSE1:media_stream_manager.cc(1533)] MSPL::OnSpeedLimitChange({this=00005BA4000BED40}, {new_limit=78})
[43980:46700:0627/113254.831:VERBOSE1:media_stream_manager.cc(1533)] MSPL::OnSpeedLimitChange({this=00005BA4000BED40}, {new_limit=79})
[43980:46700:0627/113257.832:VERBOSE1:media_stream_manager.cc(1533)] MSPL::OnSpeedLimitChange({this=00005BA4000BED40}, {new_limit=80})
[43980:46700:0627/113258.831:VERBOSE1:media_stream_manager.cc(1533)] MSPL::OnSpeedLimitChange({this=00005BA4000BED40}, {new_limit=79})
[43980:46700:0627/113259.831:VERBOSE1:media_stream_manager.cc(1533)] MSPL::OnSpeedLimitChange({this=00005BA4000BED40}, {new_limit=78})
[43980:46700:0627/113300.832:VERBOSE1:media_stream_manager.cc(1533)] MSPL::OnSpeedLimitChange({this=00005BA4000BED40}, {new_limit=79})
[43980:46700:0627/113303.833:VERBOSE1:media_stream_manager.cc(1533)] MSPL::OnSpeedLimitChange({this=00005BA4000BED40}, {new_limit=78})
[43980:46700:0627/113308.834:VERBOSE1:media_stream_manager.cc(1533)] MSPL::OnSpeedLimitChange({this=00005BA4000BED40}, {new_limit=79})
[43980:46700:0627/113309.833:VERBOSE1:media_stream_manager.cc(1533)] MSPL::OnSpeedLimitChange({this=00005BA4000BED40}, {new_limit=80})
[43980:46700:0627/113314.834:VERBOSE1:media_stream_manager.cc(1533)] MSPL::OnSpeedLimitChange({this=00005BA4000BED40}, {new_limit=79})
[43980:46700:0627/113316.834:VERBOSE1:media_stream_manager.cc(1533)] MSPL::OnSpeedLimitChange({this=00005BA4000BED40}, {new_limit=78})
[43980:46700:0627/113317.835:VERBOSE1:media_stream_manager.cc(1533)] MSPL::OnSpeedLimitChange({this=00005BA4000BED40}, {new_limit=77})
[43980:46700:0627/113323.836:VERBOSE1:media_stream_manager.cc(1533)] MSPL::OnSpeedLimitChange({this=00005BA4000BED40}, {new_limit=76})
[43980:46700:0627/113326.835:VERBOSE1:media_stream_manager.cc(1533)] MSPL::OnSpeedLimitChange({this=00005BA4000BED40}, {new_limit=77})
[43980:46700:0627/113329.836:VERBOSE1:media_stream_manager.cc(1533)] MSPL::OnSpeedLimitChange({this=00005BA4000BED40}, {new_limit=76})
[43980:46700:0627/113333.838:VERBOSE1:media_stream_manager.cc(1533)] MSPL::OnSpeedLimitChange({this=00005BA4000BED40}, {new_limit=79})
[43980:46700:0627/113337.838:VERBOSE1:media_stream_manager.cc(1533)] MSPL::OnSpeedLimitChange({this=00005BA4000BED40}, {new_limit=78})
[43980:46700:0627/113338.837:VERBOSE1:media_stream_manager.cc(1533)] MSPL::OnSpeedLimitChange({this=00005BA4000BED40}, {new_limit=79})
[43980:45580:0627/113340.971:VERBOSE1:device_event_log_impl.cc(198)] [11:33:40.970] Display: EVENT: screen_win.cc:893 Displays updated, count: 2
[43980:45580:0627/113340.971:VERBOSE1:device_event_log_impl.cc(198)] [11:33:40.971] Display: EVENT: screen_win.cc:895 Display[3643572631] bounds=[0,0 1920x1080], workarea=[0,0 1920x1032], scale=1, rotation=0, panel_rotation=0 external detected
[43980:45580:0627/113340.971:VERBOSE1:device_event_log_impl.cc(198)] [11:33:40.971] Display: EVENT: screen_win.cc:895 Display[39221243] bounds=[1920,0 1366x768], workarea=[1920,0 1366x768], scale=1, rotation=0, panel_rotation=0 external detected
[43980:46700:0627/113341.703:VERBOSE1:media_stream_manager.cc(1533)] MSPL::OnSpeedLimitChange({this=00005BA4000BED40}, {new_limit=77})
[43980:46700:0627/113344.698:VERBOSE1:media_stream_manager.cc(1533)] MSPL::OnSpeedLimitChange({this=00005BA4000BED40}, {new_limit=75})
[43980:46700:0627/113347.700:VERBOSE1:media_stream_manager.cc(1533)] MSPL::OnSpeedLimitChange({this=00005BA4000BED40}, {new_limit=76})
[43980:45580:0627/113347.702:VERBOSE1:frame_host_impl.cc(515)] frame 6-55B261485B36A6C75C26A2EBF621903C (sub) detached (reason=RENDER_FRAME_DELETED, is_connected=1)
[43552:34700:0627/113347.703:VERBOSE1:dispatcher.cc(596)] Num tracked contexts: 1
[43552:34700:0627/113347.703:VERBOSE1:frame_impl.cc(620)] frame 6-55B261485B36A6C75C26A2EBF621903C disconnected (reason=DETACHED, current_state=CONNECTION_ACKED, FRAME_INVALID)
[43552:34700:0627/113347.704:VERBOSE1:script_context.cc(164)] Destroyed context for extension
  extension id: 
  effective extension id: 
[43552:34700:0627/113347.704:VERBOSE1:script_context.cc(164)] Destroyed context for extension
  extension id: 
  effective extension id: 
[43552:34700:0627/113347.704:VERBOSE1:frame_impl.cc(620)] frame 6-38A28845C909B6D5B85F5DA1879F2007 disconnected (reason=BROWSER_FRAME_DISCONNECT, current_state=CONNECTION_ACKED)
[43552:34700:0627/113347.704:VERBOSE1:frame_impl.cc(633)] frame 6-38A28845C909B6D5B85F5DA1879F2007 connection retry scheduled
[43980:45580:0627/113347.705:VERBOSE1:frame_host_impl.cc(515)] frame 6-38A28845C909B6D5B85F5DA1879F2007 (main) detached (reason=NEW_MAIN_FRAME, is_connected=1)
[43980:45580:0627/113347.731:VERBOSE1:account_reconcilor.cc(264)] AccountReconcilor::Shutdown
[43980:45580:0627/113347.731:VERBOSE1:account_reconcilor.cc(718)] AccountReconcilor::AbortReconcile: try again later
[43980:45580:0627/113347.731:VERBOSE1:account_reconcilor.cc(827)] AccountReconcilor::CalculateIfMultiloginReconcileIsDone: Error was 
[43980:45580:0627/113347.731:VERBOSE1:account_reconcilor.cc(313)] AccountReconcilor::UnregisterWithIdentityManager
[43980:45580:0627/113347.731:VERBOSE1:account_reconcilor.cc(286)] AccountReconcilor::UnregisterWithContentSettings
[43980:45580:0627/113347.732:VERBOSE1:gaia_cookie_manager_service.cc(628)] GaiaCookieManagerService::CancelAll
[43980:45580:0627/113347.732:VERBOSE1:mutable_profile_oauth2_token_service_delegate.cc(752)] MutablePO2TS::Shutdown
[43980:45580:0627/113347.732:VERBOSE1:mutable_profile_oauth2_token_service_delegate.cc(235)] MutablePO2TS::~MutablePO2TS
[43980:45580:0627/113347.732:VERBOSE1:device_event_log_impl.cc(198)] [11:33:47.732] Bluetooth: EVENT: bluetooth_api.cc:109 BluetoothAPI: Shutdown
[43980:45580:0627/113347.743:VERBOSE1:account_reconcilor.cc(193)] AccountReconcilor::~AccountReconcilor
[43980:45580:0627/113347.746:VERBOSE1:device_event_log_impl.cc(198)] [11:33:47.745] Bluetooth: EVENT: bluetooth_api.cc:95 ~BluetoothAPI: 00005BA400332200
[43980:45580:0627/113347.806:VERBOSE1:component_updater_service.cc(180)] CrxUpdateService stopping
[43980:45580:0627/113347.807:WARNING:pref_notifier_impl.cc(41)] Pref observer for media_router.cast_allow_all_ips found at shutdown.
[43980:45580:0627/113347.824:VERBOSE1:statistics_recorder.cc(607)] Collections of all histograms
Histogram: API.StorageAccess.AllowedRequests2 recorded 187 samples, mean = 0.0 (flags = 0x41)
0  ------------------------------------------------------------------------O (178 = 95.2%)
1  ----O                                                                     (9 = 4.8%) {95.2%}
2  ... 

Histogram: API.StorageAccess.DocumentInheritedStorageAccess recorded 8 samples, mean = 0.0 (flags = 0x41)
0  --------O                                                                 (8 = 100.0%)
1  ... 

Histogram: API.StorageAccess.DocumentLoadedWithStorageAccess recorded 8 samples, mean = 0.0 (flags = 0x41)
0  --------O                                                                 (8 = 100.0%)
1  ... 

Histogram: Accessibility.CaptionSettingsLoadedFromSystemSettings recorded 1 samples, mean = 0.0 (flags = 0x41)
0  -O                                                                        (1 = 100.0%)
1  ... 

Histogram: Accessibility.ImageLabels2 recorded 1 samples, mean = 0.0 (flags = 0x41)
0  -O                                                                        (1 = 100.0%)
1  ... 

Histogram: Accessibility.LiveCaption.FeatureEnabled2 recorded 1 samples, mean = 1.0 (flags = 0x41)
0  O                                                                         (0 = 0.0%)
1  -O                                                                        (1 = 100.0%) {0.0%}
2  O                                                                         (0 = 0.0%) {100.0%}

Histogram: Accessibility.LiveCaption2 recorded 1 samples, mean = 0.0 (flags = 0x41)
0  -O                                                                        (1 = 100.0%)
1  ... 

Histogram: Accessibility.ManuallyEnabled recorded 1 samples, mean = 0.0 (flags = 0x41)
0  -O                                                                        (1 = 100.0%)
1  ... 

Histogram: Accessibility.WinJAWS recorded 1 samples, mean = 0.0 (flags = 0x41)
0  -O                                                                        (1 = 100.0%)
1  ... 

Histogram: Accessibility.WinNVDA recorded 1 samples, mean = 0.0 (flags = 0x41)
0  -O                                                                        (1 = 100.0%)
1  ... 

Histogram: Accessibility.WinSAToGo recorded 1 samples, mean = 0.0 (flags = 0x41)
0  -O                                                                        (1 = 100.0%)
1  ... 

Histogram: Accessibility.WinScreenReader2 recorded 1 samples, mean = 0.0 (flags = 0x41)
0  -O                                                                        (1 = 100.0%)
1  ... 

Histogram: Accessibility.WinStickyKeys recorded 1 samples, mean = 0.0 (flags = 0x41)
0  -O                                                                        (1 = 100.0%)
1  ... 

Histogram: Accessibility.WinSupernova recorded 1 samples, mean = 0.0 (flags = 0x41)
0  -O                                                                        (1 = 100.0%)
1  ... 

Histogram: Accessibility.WinZoomText recorded 1 samples, mean = 0.0 (flags = 0x41)
0  -O                                                                        (1 = 100.0%)
1  ... 

Histogram: AppBanners.InstallableStatusCode recorded 1 samples (flags = 0x41)
8  -O                                                                        (1 = 100.0%)

Histogram: Apps.PreferredApps.EntryCount recorded 1 samples, mean = 0.0 (flags = 0x41)
0  -O                                                                        (1 = 100.0%)
1  ... 

Histogram: Autofill.Address.IsEnabled.PageLoad recorded 1 samples, mean = 1.0 (flags = 0x41)
0  O                                                                         (0 = 0.0%)
1  -O                                                                        (1 = 100.0%) {0.0%}
2  O                                                                         (0 = 0.0%) {100.0%}

Histogram: Autofill.Address.IsEnabled.PageLoad.SignedOut recorded 1 samples, mean = 1.0 (flags = 0x41)
0  O                                                                         (0 = 0.0%)
1  -O                                                                        (1 = 100.0%) {0.0%}
2  O                                                                         (0 = 0.0%) {100.0%}

Histogram: Autofill.Address.IsEnabled.Startup recorded 1 samples, mean = 1.0 (flags = 0x41)
0  O                                                                         (0 = 0.0%)
1  -O                                                                        (1 = 100.0%) {0.0%}
2  O                                                                         (0 = 0.0%) {100.0%}

Histogram: Autofill.CreditCard.IsEnabled.PageLoad recorded 1 samples, mean = 1.0 (flags = 0x41)
0  O                                                                         (0 = 0.0%)
1  -O                                                                        (1 = 100.0%) {0.0%}
2  O                                                                         (0 = 0.0%) {100.0%}

Histogram: Autofill.CreditCard.IsEnabled.PageLoad.SignedOut recorded 1 samples, mean = 1.0 (flags = 0x41)
0  O                                                                         (0 = 0.0%)
1  -O                                                                        (1 = 100.0%) {0.0%}
2  O                                                                         (0 = 0.0%) {100.0%}

Histogram: Autofill.CreditCard.IsEnabled.Startup recorded 1 samples, mean = 1.0 (flags = 0x41)
0  O                                                                         (0 = 0.0%)
1  -O                                                                        (1 = 100.0%) {0.0%}
2  O                                                                         (0 = 0.0%) {100.0%}

Histogram: Autofill.DOMContentLoadedInOutermostMainFrame recorded 3 samples, mean = 0.3 (flags = 0x41)
0  --O                                                                       (2 = 66.7%)
1  -O                                                                        (1 = 33.3%) {66.7%}
2  O                                                                         (0 = 0.0%) {100.0%}

Histogram: Autofill.ExtractFormUnowned.FieldCount recorded 4 samples, mean = 0.0 (flags = 0x41)
0  ----O                                                                     (4 = 100.0%)
1  ... 

Histogram: Autofill.FormForest.GetBrowserFormOfRendererForm.Duration recorded 1 samples, mean = 0.0 (flags = 0x41)
0  -O                                                                        (1 = 100.0%)
1  ... 

Histogram: Autofill.FormForest.UpdateTreeOfRendererForm.Duration recorded 1 samples, mean = 21.0 (flags = 0x41)
0   ... 
21  -O                                                                        (1 = 100.0%) {0.0%}
28  ... 

Histogram: Autofill.FormForest.UpdateTreeOfRendererForm.Visits recorded 1 samples, mean = 2.0 (flags = 0x41)
0  ... 
2  -O                                                                        (1 = 100.0%) {0.0%}
3  ... 

Histogram: Autofill.Funnel.ParsedAsType.Address recorded 6 samples, mean = 0.0 (flags = 0x41)
0  ------O                                                                   (6 = 100.0%)
1  ... 

Histogram: Autofill.Funnel.ParsedAsType.CreditCard recorded 6 samples, mean = 0.0 (flags = 0x41)
0  ------O                                                                   (6 = 100.0%)
1  ... 

Histogram: Autofill.Funnel.ParsedAsType.VirtualCard.StandaloneCvc recorded 6 samples, mean = 0.0 (flags = 0x41)
0  ------O                                                                   (6 = 100.0%)
1  ... 

Histogram: Autofill.IsEnabled.PageLoad recorded 1 samples, mean = 1.0 (flags = 0x41)
0  O                                                                         (0 = 0.0%)
1  -O                                                                        (1 = 100.0%) {0.0%}
2  O                                                                         (0 = 0.0%) {100.0%}

Histogram: Autofill.IsEnabled.PageLoad.SignedOut recorded 1 samples, mean = 1.0 (flags = 0x41)
0  O                                                                         (0 = 0.0%)
1  -O                                                                        (1 = 100.0%) {0.0%}
2  O                                                                         (0 = 0.0%) {100.0%}

Histogram: Autofill.IsEnabled.Startup recorded 1 samples, mean = 1.0 (flags = 0x41)
0  O                                                                         (0 = 0.0%)
1  -O                                                                        (1 = 100.0%) {0.0%}
2  O                                                                         (0 = 0.0%) {100.0%}

Histogram: Autofill.Leipzig.Duplication.NumberOfLocalSupersetProfilesOnStartup recorded 1 samples, mean = 0.0 (flags = 0x41)
0  -O                                                                        (1 = 100.0%)
1  ... 

Histogram: Autofill.NumberOfDriversPerFactory recorded 1 samples, mean = 3.0 (flags = 0x41)
0  ... 
3  -O                                                                        (1 = 100.0%) {0.0%}
4  ... 

Histogram: Autofill.Offer.StoredOfferCount2.CardLinkedOffer recorded 1 samples, mean = 0.0 (flags = 0x41)
0  -O                                                                        (1 = 100.0%)
1  ... 

Histogram: Autofill.Offer.StoredOfferCount2.GPayPromoCodeOffer recorded 1 samples, mean = 0.0 (flags = 0x41)
0  -O                                                                        (1 = 100.0%)
1  ... 

Histogram: Autofill.PaymentMethods.CvcStorageIsEnabled.Startup recorded 1 samples, mean = 0.0 (flags = 0x41)
0  -O                                                                        (1 = 100.0%)
1  ... 

Histogram: Autofill.StoredCreditCardCount recorded 1 samples, mean = 0.0 (flags = 0x41)
0  -O                                                                        (1 = 100.0%)
1  ... 

Histogram: Autofill.StoredCreditCardCount.Local recorded 1 samples, mean = 0.0 (flags = 0x41)
0  -O                                                                        (1 = 100.0%)
1  ... 

Histogram: Autofill.StoredCreditCardCount.Local.WithInvalidCardNumber recorded 1 samples, mean = 0.0 (flags = 0x41)
0  -O                                                                        (1 = 100.0%)
1  ... 

Histogram: Autofill.StoredCreditCardCount.Local.WithNickname recorded 1 samples, mean = 0.0 (flags = 0x41)
0  -O                                                                        (1 = 100.0%)
1  ... 

Histogram: Autofill.StoredCreditCardCount.Server recorded 1 samples, mean = 0.0 (flags = 0x41)
0  -O                                                                        (1 = 100.0%)
1  ... 

Histogram: Autofill.StoredCreditCardCount.Server.Masked recorded 1 samples, mean = 0.0 (flags = 0x41)
0  -O                                                                        (1 = 100.0%)
1  ... 

Histogram: Autofill.StoredCreditCardCount.Server.Masked.WithNickname recorded 1 samples, mean = 0.0 (flags = 0x41)
0  -O                                                                        (1 = 100.0%)
1  ... 

Histogram: Autofill.StoredCreditCardCount.Server.Unmasked recorded 1 samples, mean = 0.0 (flags = 0x41)
0  -O                                                                        (1 = 100.0%)
1  ... 

Histogram: Autofill.StoredCreditCardCount.Server.WithCardArtImage recorded 1 samples, mean = 0.0 (flags = 0x41)
0  -O                                                                        (1 = 100.0%)
1  ... 

Histogram: Autofill.StoredCreditCardCount.Server.WithVirtualCardMetadata recorded 1 samples, mean = 0.0 (flags = 0x41)
0  -O                                                                        (1 = 100.0%)
1  ... 

Histogram: Autofill.StoredIbanCount recorded 1 samples, mean = 0.0 (flags = 0x41)
0  -O                                                                        (1 = 100.0%)
1  ... 

Histogram: Autofill.StoredProfileCount.AccountChrome recorded 1 samples, mean = 0.0 (flags = 0x41)
0  -O                                                                        (1 = 100.0%)
1  ... 

Histogram: Autofill.StoredProfileCount.AccountNonChrome recorded 1 samples, mean = 0.0 (flags = 0x41)
0  -O                                                                        (1 = 100.0%)
1  ... 

Histogram: Autofill.StoredProfileCount.Legacy recorded 1 samples, mean = 0.0 (flags = 0x41)
0  -O                                                                        (1 = 100.0%)
1  ... 

Histogram: Autofill.StoredProfileCount.Total recorded 1 samples, mean = 0.0 (flags = 0x41)
0  -O                                                                        (1 = 100.0%)
1  ... 

Histogram: Autofill.StrikeDatabase.StrikeDatabaseInitFailed recorded 4 samples, mean = 1.5 (flags = 0x41)
0  -O                                                                        (1 = 25.0%)
1  -O                                                                        (1 = 25.0%) {25.0%}
2  -O                                                                        (1 = 25.0%) {50.0%}
3  -O                                                                        (1 = 25.0%) {75.0%}
4  ... 

Histogram: Autofill.SubmissionDetectionSource.FormTracker recorded 2 samples, mean = 3.0 (flags = 0x41)
0  ... 
3  --O                                                                       (2 = 100.0%) {0.0%}
4  ... 

Histogram: Autofill.Timing.ParseFormsAsync recorded 1 samples, mean = 0.0 (flags = 0x41)
0  -O                                                                        (1 = 100.0%)
1  ... 

Histogram: Autofill.Timing.ParseFormsAsync.RunHeuristics recorded 1 samples, mean = 0.0 (flags = 0x41)
0  -O                                                                        (1 = 100.0%)
1  ... 

Histogram: Autofill.Timing.ParseFormsAsync.UpdateCache recorded 1 samples, mean = 0.0 (flags = 0x41)
0  -O                                                                        (1 = 100.0%)
1  ... 

Histogram: Autofill.TimingInterval.ExtractFormData.GetFormDataFromUnownedInputElements.AutofillAgentReset recorded 2 samples, mean = 495044.5 (flags = 0x41)
0       ... 
332665  -O                                                                        (1 = 50.0%) {0.0%}
388319  ... 
617637  -O                                                                        (1 = 50.0%) {50.0%}
720966  ... 

Histogram: Autofill.TimingInterval.ExtractFormData.GetFormDataFromUnownedInputElements.DOMContentLoaded recorded 2 samples, mean = 1073887360.0 (flags = 0x41)
0         ... 
284987    -O                                                                        (1 = 50.0%) {0.0%}
332665    ... 
10000000  -O                                                                        (1 = 50.0%) {50.0%}

Histogram: Autofill.TimingInterval.ExtractFormData.UpdateFormCache.AutofillAgentReset recorded 4 samples, mean = 247729.8 (flags = 0x41)
0       ... 
79      -O                                                                        (1 = 25.0%) {0.0%}
92      ... 
684     -O                                                                        (1 = 25.0%) {25.0%}
798     ... 
332665  -O                                                                        (1 = 25.0%) {50.0%}
388319  ... 
617637  -O                                                                        (1 = 25.0%) {75.0%}
720966  ... 

Histogram: Autofill.TimingInterval.ExtractFormData.UpdateFormCache.DOMContentLoaded recorded 4 samples, mean = 72877.2 (flags = 0x41)
0       ... 
4       -O                                                                        (1 = 25.0%) {0.0%}
5       ... 
11      -O                                                                        (1 = 25.0%) {25.0%}
13      ... 
368     -O                                                                        (1 = 25.0%) {50.0%}
430     ... 
284987  -O                                                                        (1 = 25.0%) {75.0%}
332665  ... 

Histogram: Autofill.TimingInterval.UpdateFormCache.UpdateFormCache.AutofillAgentReset recorded 4 samples, mean = 247788.5 (flags = 0x41)
0       ... 
79      -O                                                                        (1 = 25.0%) {0.0%}
92      ... 
932     -O                                                                        (1 = 25.0%) {25.0%}
1088    ... 
332665  -O                                                                        (1 = 25.0%) {50.0%}
388319  ... 
617637  -O                                                                        (1 = 25.0%) {75.0%}
720966  ... 

Histogram: Autofill.TimingInterval.UpdateFormCache.UpdateFormCache.DOMContentLoaded recorded 4 samples, mean = 72936.0 (flags = 0x41)
0       ... 
15      --O                                                                       (2 = 50.0%) {0.0%}
17      ... 
586     -O                                                                        (1 = 25.0%) {50.0%}
684     ... 
284987  -O                                                                        (1 = 25.0%) {75.0%}
332665  ... 

Histogram: Autofill.TimingPrecise.ExtractFormData recorded 6 samples, mean = 111.2 (flags = 0x41)
0    ... 
3    -O                                                                        (1 = 16.7%) {0.0%}
4    -O                                                                        (1 = 16.7%) {16.7%}
5    ... 
9    -O                                                                        (1 = 16.7%) {33.3%}
10   ... 
32   -O                                                                        (1 = 16.7%) {50.0%}
36   ... 
217  -O                                                                        (1 = 16.7%) {66.7%}
247  ... 
364  -O                                                                        (1 = 16.7%) {83.3%}
414  ... 

Histogram: Autofill.TimingPrecise.ExtractFormData.GetFormDataFromUnownedInputElements recorded 2 samples, mean = 195.5 (flags = 0x41)
0    ... 
4    -O                                                                        (1 = 50.0%) {0.0%}
5    ... 
364  -O                                                                        (1 = 50.0%) {50.0%}
414  ... 

Histogram: Autofill.TimingPrecise.ExtractFormData.UpdateFormCache recorded 4 samples, mean = 69.0 (flags = 0x41)
0    ... 
3    -O                                                                        (1 = 25.0%) {0.0%}
4    ... 
9    -O                                                                        (1 = 25.0%) {25.0%}
10   ... 
32   -O                                                                        (1 = 25.0%) {50.0%}
36   ... 
217  -O                                                                        (1 = 25.0%) {75.0%}
247  ... 

Histogram: Autofill.TimingPrecise.InferLabelForElement recorded 6 samples, mean = 0.0 (flags = 0x41)
0  ------O                                                                   (6 = 100.0%)
1  ... 

Histogram: Autofill.TimingPrecise.UpdateFormCache recorded 4 samples, mean = 132.0 (flags = 0x41)
0    ... 
15   --O                                                                       (2 = 50.0%) {0.0%}
17   ... 
53   -O                                                                        (1 = 25.0%) {50.0%}
60   ... 
414  -O                                                                        (1 = 25.0%) {75.0%}
471  ... 

Histogram: Autofill.TimingPrecise.UpdateFormCache.UpdateFormCache recorded 4 samples, mean = 132.0 (flags = 0x41)
0    ... 
15   --O                                                                       (2 = 50.0%) {0.0%}
17   ... 
53   -O                                                                        (1 = 25.0%) {50.0%}
60   ... 
414  -O                                                                        (1 = 25.0%) {75.0%}
471  ... 

Histogram: Autofill.VirtualCardUsageData.StoredUsageDataCount recorded 1 samples, mean = 0.0 (flags = 0x41)
0  -O                                                                        (1 = 100.0%)
1  ... 

Histogram: Blink.CSSStyleSheetResource.ParseTime recorded 7 samples, mean = 1055.3 (flags = 0x41)
0     ... 
105   -O                                                                        (1 = 14.3%) {0.0%}
146   --O                                                                       (2 = 28.6%) {14.3%}
203   ... 
542   --O                                                                       (2 = 28.6%) {42.9%}
752   -O                                                                        (1 = 14.3%) {71.4%}
1043  ... 
3865  -O                                                                        (1 = 14.3%) {85.7%}
5362  ... 

Histogram: Blink.CommitDocumentLoaderTime recorded 8 samples, mean = 5.9 (flags = 0x41)
0   ---O                                                                      (3 = 37.5%)
1   --O                                                                       (2 = 25.0%) {37.5%}
2   O                                                                         (0 = 0.0%) {62.5%}
3   -O                                                                        (1 = 12.5%) {62.5%}
4   ... 
14  -O                                                                        (1 = 12.5%) {75.0%}
17  ... 
24  -O                                                                        (1 = 12.5%) {87.5%}
29  ... 

Histogram: Blink.CookiesTime recorded 21 samples, mean = 0.1 (flags = 0x41)
0  --------------------O                                                     (20 = 95.2%)
1  ... 
3  -O                                                                        (1 = 4.8%) {95.2%}
4  ... 

Histogram: Blink.CullRect.UpdateTime recorded 21 samples, mean = 21.8 (flags = 0x41)
0    ---O                                                                      (3 = 14.3%)
1    -------O                                                                  (7 = 33.3%) {14.3%}
2    -O                                                                        (1 = 4.8%) {47.6%}
3    ... 
6    --O                                                                       (2 = 9.5%) {52.4%}
8    -O                                                                        (1 = 4.8%) {61.9%}
11   --O                                                                       (2 = 9.5%) {66.7%}
15   --O                                                                       (2 = 9.5%) {76.2%}
21   --O                                                                       (2 = 9.5%) {85.7%}
29   ... 
282  -O                                                                        (1 = 4.8%) {95.2%}
391  ... 

Histogram: Blink.DocumentLoader.CommitNavigationToStartLoadingResponse.Time.OutermostMainFrame.NewNavigation.IsHTTPOrHTTPS recorded 1 samples, mean = 3.0 (flags = 0x41)
0  ... 
3  -O                                                                        (1 = 100.0%) {0.0%}
4  ... 

Histogram: Blink.DocumentLoader.CreateParserPostCommit.Time.OutermostMainFrame.NewNavigation.IsHTTPOrHTTPS recorded 1 samples, mean = 12.0 (flags = 0x41)
0   ... 
12  -O                                                                        (1 = 100.0%) {0.0%}
14  ... 

Histogram: Blink.Experimental.Cookies.CacheLookupResult2 recorded 21 samples, mean = 0.9 (flags = 0x41)
0  --O                                                                       (2 = 9.5%)
1  -------------------O                                                      (19 = 90.5%) {9.5%}
2  ... 

Histogram: Blink.Experimental.Cookies.FirstCookieRequest recorded 2 samples, mean = 1.0 (flags = 0x41)
0  O                                                                         (0 = 0.0%)
1  --O                                                                       (2 = 100.0%) {0.0%}
2  ... 

Histogram: Blink.Fetch.RequestResourceTime2 recorded 133 samples, mean = 190.6 (flags = 0x41)
0      ... 
11     ---O                                                                      (3 = 2.3%) {0.0%}
15     -------------------------------O                                          (31 = 23.3%) {2.3%}
21     --------------O                                                           (14 = 10.5%) {25.6%}
29     ------------------O                                                       (18 = 13.5%) {36.1%}
40     ------O                                                                   (6 = 4.5%) {49.6%}
55     --------------------O                                                     (20 = 15.0%) {54.1%}
76     ---------O                                                                (9 = 6.8%) {69.2%}
105    ----------O                                                               (10 = 7.5%) {75.9%}
146    ------O                                                                   (6 = 4.5%) {83.5%}
203    -------O                                                                  (7 = 5.3%) {88.0%}
282    ----O                                                                     (4 = 3.0%) {93.2%}
391    --O                                                                       (2 = 1.5%) {96.2%}
542    -O                                                                        (1 = 0.8%) {97.7%}
752    ... 
1447   -O                                                                        (1 = 0.8%) {98.5%}
2008   ... 
10321  -O                                                                        (1 = 0.8%) {99.2%}
14319  ... 

Histogram: Blink.Fetch.RequestResourceTime2.Preload recorded 39 samples, mean = 114.3 (flags = 0x41)
0     ... 
15    ----O                                                                     (4 = 10.3%) {0.0%}
21    --------O                                                                 (8 = 20.5%) {10.3%}
29    -----O                                                                    (5 = 12.8%) {30.8%}
40    -----O                                                                    (5 = 12.8%) {43.6%}
55    ------O                                                                   (6 = 15.4%) {56.4%}
76    -O                                                                        (1 = 2.6%) {71.8%}
105   --O                                                                       (2 = 5.1%) {74.4%}
146   -----O                                                                    (5 = 12.8%) {79.5%}
203   -O                                                                        (1 = 2.6%) {92.3%}
282   O                                                                         (0 = 0.0%) {94.9%}
391   -O                                                                        (1 = 2.6%) {94.9%}
542   ... 
1447  -O                                                                        (1 = 2.6%) {97.4%}
2008  ... 

Histogram: Blink.FetchQueuedPreloadsTime.MainFrame.Initial recorded 1 samples, mean = 1.0 (flags = 0x41)
0  O                                                                         (0 = 0.0%)
1  -O                                                                        (1 = 100.0%) {0.0%}
2  ... 

Histogram: Blink.Fonts.DecodeTime recorded 5 samples, mean = 5649.6 (flags = 0x41)
0      ... 
2786   ---O                                                                      (3 = 60.0%) {0.0%}
3865   -O                                                                        (1 = 20.0%) {60.0%}
5362   ... 
10321  -O                                                                        (1 = 20.0%) {80.0%}
14319  ... 

Histogram: Blink.Fonts.VariableFontsRatio recorded 5 samples, mean = 1.2 (flags = 0x41)
0  O                                                                         (0 = 0.0%)
1  ----O                                                                     (4 = 80.0%) {0.0%}
2  -O                                                                        (1 = 20.0%) {80.0%}
3  ... 

Histogram: Blink.ForcedStyleAndLayout.UpdateTime.PreFCP recorded 2 samples, mean = 16.5 (flags = 0x41)
0   ... 
15  --O                                                                       (2 = 100.0%) {0.0%}
21  ... 

Histogram: Blink.HTMLFastPathParser.AbortedParseSize recorded 32 samples, mean = 1.7 (flags = 0x41)
0  -----O                                                                    (5 = 15.6%)
1  O                                                                         (0 = 0.0%) {15.6%}
2  ---------------------------O                                              (27 = 84.4%) {15.6%}
3  ... 

Histogram: Blink.HTMLFastPathParser.AbortedParseTime2 recorded 32 samples, mean = 6.4 (flags = 0x41)
0    -----------O                                                              (11 = 34.4%)
1    ----------O                                                               (10 = 31.2%) {34.4%}
2    ---------O                                                                (9 = 28.1%) {65.6%}
3    ... 
5    -O                                                                        (1 = 3.1%) {93.8%}
6    ... 
161  -O                                                                        (1 = 3.1%) {96.9%}
174  ... 

Histogram: Blink.HTMLFastPathParser.ParseResult recorded 63 samples, mean = 8.0 (flags = 0x41)
0   -------------------------------O                                          (31 = 49.2%)
1   ... 
4   -----O                                                                    (5 = 7.9%) {49.2%}
5   ... 
18  ---------------------------O                                              (27 = 42.9%) {57.1%}
19  ... 

Histogram: Blink.HTMLFastPathParser.SuccessfulParseSize recorded 31 samples, mean = 313.8 (flags = 0x41)
0    ... 
146  ---O                                                                      (3 = 9.7%) {0.0%}
203  ------------O                                                             (12 = 38.7%) {9.7%}
282  --------O                                                                 (8 = 25.8%) {48.4%}
391  --------O                                                                 (8 = 25.8%) {74.2%}
542  ... 

Histogram: Blink.HTMLFastPathParser.SuccessfulParseTime2 recorded 31 samples, mean = 4.3 (flags = 0x41)
0   O                                                                         (0 = 0.0%)
1   -------O                                                                  (7 = 22.6%) {0.0%}
2   -------O                                                                  (7 = 22.6%) {22.6%}
3   ---------O                                                                (9 = 29.0%) {45.2%}
4   -O                                                                        (1 = 3.2%) {74.2%}
5   -O                                                                        (1 = 3.2%) {77.4%}
6   --O                                                                       (2 = 6.5%) {80.6%}
7   -O                                                                        (1 = 3.2%) {87.1%}
8   ... 
10  -O                                                                        (1 = 3.2%) {90.3%}
11  ... 
18  -O                                                                        (1 = 3.2%) {93.5%}
19  ... 
29  -O                                                                        (1 = 3.2%) {96.8%}
31  ... 

Histogram: Blink.HTMLFastPathParser.TotalParseTime2 recorded 63 samples, mean = 19.5 (flags = 0x41)
0    O                                                                         (0 = 0.0%)
1    ----O                                                                     (4 = 6.3%) {0.0%}
2    -----O                                                                    (5 = 7.9%) {6.3%}
3    ---------O                                                                (9 = 14.3%) {14.3%}
4    ---O                                                                      (3 = 4.8%) {28.6%}
5    ---O                                                                      (3 = 4.8%) {33.3%}
6    ---O                                                                      (3 = 4.8%) {38.1%}
7    -O                                                                        (1 = 1.6%) {42.9%}
8    --O                                                                       (2 = 3.2%) {44.4%}
9    -O                                                                        (1 = 1.6%) {47.6%}
10   ---O                                                                      (3 = 4.8%) {49.2%}
11   O                                                                         (0 = 0.0%) {54.0%}
12   --O                                                                       (2 = 3.2%) {54.0%}
13   -O                                                                        (1 = 1.6%) {57.1%}
14   -O                                                                        (1 = 1.6%) {58.7%}
15   ... 
19   ----O                                                                     (4 = 6.3%) {60.3%}
21   --O                                                                       (2 = 3.2%) {66.7%}
23   -O                                                                        (1 = 1.6%) {69.8%}
25   -O                                                                        (1 = 1.6%) {71.4%}
27   ---O                                                                      (3 = 4.8%) {73.0%}
29   O                                                                         (0 = 0.0%) {77.8%}
31   -O                                                                        (1 = 1.6%) {77.8%}
34   --O                                                                       (2 = 3.2%) {79.4%}
37   --O                                                                       (2 = 3.2%) {82.5%}
40   -O                                                                        (1 = 1.6%) {85.7%}
43   --O                                                                       (2 = 3.2%) {87.3%}
46   ---O                                                                      (3 = 4.8%) {90.5%}
50   -O                                                                        (1 = 1.6%) {95.2%}
54   O                                                                         (0 = 0.0%) {96.8%}
58   -O                                                                        (1 = 1.6%) {96.8%}
63   ... 
219  -O                                                                        (1 = 1.6%) {98.4%}
237  ... 

Histogram: Blink.HTMLParsing.ChunkCount4 recorded 1 samples, mean = 1.0 (flags = 0x41)
0  O                                                                         (0 = 0.0%)
1  -O                                                                        (1 = 100.0%) {0.0%}
2  ... 

Histogram: Blink.HTMLParsing.InputCharacterCount4 recorded 1 samples, mean = 158355.0 (flags = 0x41)
0       ... 
141691  -O                                                                        (1 = 100.0%) {0.0%}
196583  ... 

Histogram: Blink.HTMLParsing.ParsingTimeMax4 recorded 1 samples, mean = 4314.0 (flags = 0x41)
0     ... 
4289  -O                                                                        (1 = 100.0%) {0.0%}
4355  ... 

Histogram: Blink.HTMLParsing.ParsingTimeMin4 recorded 1 samples, mean = 4314.0 (flags = 0x41)
0     ... 
4279  -O                                                                        (1 = 100.0%) {0.0%}
4872  ... 

Histogram: Blink.HTMLParsing.ParsingTimeTotal4 recorded 1 samples, mean = 4314.0 (flags = 0x41)
0     ... 
4289  -O                                                                        (1 = 100.0%) {0.0%}
4355  ... 

Histogram: Blink.HTMLParsing.PreloadRequestCount recorded 1 samples, mean = 32.0 (flags = 0x41)
0   ... 
29  -O                                                                        (1 = 100.0%) {0.0%}
33  ... 

Histogram: Blink.HTMLParsing.TimeToDeferredPumpTokenizer4 recorded 1 samples, mean = 70966.0 (flags = 0x41)
0      ... 
65415  -O                                                                        (1 = 100.0%) {0.0%}
74486  ... 

Histogram: Blink.HTMLParsing.TokensParsedAverage4 recorded 1 samples, mean = 126.0 (flags = 0x41)
0    ... 
113  -O                                                                        (1 = 100.0%) {0.0%}
149  ... 

Histogram: Blink.HTMLParsing.TokensParsedMax4 recorded 1 samples, mean = 126.0 (flags = 0x41)
0    ... 
113  -O                                                                        (1 = 100.0%) {0.0%}
149  ... 

Histogram: Blink.HTMLParsing.TokensParsedMin4 recorded 1 samples, mean = 126.0 (flags = 0x41)
0    ... 
114  -O                                                                        (1 = 100.0%) {0.0%}
135  ... 

Histogram: Blink.HTMLParsing.TokensParsedTotal4 recorded 1 samples, mean = 126.0 (flags = 0x41)
0    ... 
105  -O                                                                        (1 = 100.0%) {0.0%}
146  ... 

Histogram: Blink.HTMLParsing.YieldedTimeAverage4 recorded 1 samples, mean = 35870.0 (flags = 0x41)
0      ... 
32680  -O                                                                        (1 = 100.0%) {0.0%}
38147  ... 

Histogram: Blink.HTMLParsing.YieldedTimeMax4 recorded 1 samples, mean = 70980.0 (flags = 0x41)
0      ... 
70896  -O                                                                        (1 = 100.0%) {0.0%}
71991  ... 

Histogram: Blink.HTMLParsing.YieldedTimeMin4 recorded 1 samples, mean = 760.0 (flags = 0x41)
0    ... 
684  -O                                                                        (1 = 100.0%) {0.0%}
798  ... 

Histogram: Blink.History.VisitedLinks.IsLinkStyledAsVisited recorded 41 samples, mean = 0.0 (flags = 0x41)
0  -----------------------------------------O                                (41 = 100.0%)
1  ... 

Histogram: Blink.JavascriptDocumentUpdate.UpdateTime.PreFCP recorded 1 samples, mean = 15.0 (flags = 0x41)
0   ... 
15  -O                                                                        (1 = 100.0%) {0.0%}
21  ... 

Histogram: Blink.Layout.InlineNode.ShapeText.MaxTime.InOutermostMainFrame3 recorded 1 samples, mean = 0.0 (flags = 0x41)
0  -O                                                                        (1 = 100.0%)
1  ... 

Histogram: Blink.Layout.InlineNode.ShapeText.TotalTime.InOutermostMainFrame3 recorded 1 samples, mean = 0.0 (flags = 0x41)
0  -O                                                                        (1 = 100.0%)
1  ... 

Histogram: Blink.Layout.SVGImage.Count.InOutermostMainFrame recorded 1 samples, mean = 0.0 (flags = 0x41)
0  -O                                                                        (1 = 100.0%)
1  ... 

Histogram: Blink.Layout.SVGImage.TotalTime.InOutermostMainFrame recorded 1 samples, mean = 0.0 (flags = 0x41)
0  -O                                                                        (1 = 100.0%)
1  ... 

Histogram: Blink.MainFrame.UpdateTime.PreFCP recorded 20 samples, mean = 4738.2 (flags = 0x41)
0      ... 
76     -O                                                                        (1 = 5.0%) {0.0%}
105    -----O                                                                    (5 = 25.0%) {5.0%}
146    -O                                                                        (1 = 5.0%) {30.0%}
203    O                                                                         (0 = 0.0%) {35.0%}
282    --O                                                                       (2 = 10.0%) {35.0%}
391    --O                                                                       (2 = 10.0%) {45.0%}
542    O                                                                         (0 = 0.0%) {55.0%}
752    -O                                                                        (1 = 5.0%) {55.0%}
1043   O                                                                         (0 = 0.0%) {60.0%}
1447   -O                                                                        (1 = 5.0%) {60.0%}
2008   O                                                                         (0 = 0.0%) {65.0%}
2786   -O                                                                        (1 = 5.0%) {65.0%}
3865   -O                                                                        (1 = 5.0%) {70.0%}
5362   --O                                                                       (2 = 10.0%) {75.0%}
7439   -O                                                                        (1 = 5.0%) {85.0%}
10321  ... 
19866  -O                                                                        (1 = 5.0%) {90.0%}
27562  -O                                                                        (1 = 5.0%) {95.0%}
38240  ... 

Histogram: Blink.MemoryCache.RevalidationPolicy.AsyncScript recorded 48 samples, mean = 1.6 (flags = 0x41)
0  -----------------------O                                                  (23 = 47.9%)
1  ... 
3  -------------------------O                                                (25 = 52.1%) {47.9%}
4  ... 

Histogram: Blink.MemoryCache.RevalidationPolicy.CSSStyleSheet recorded 7 samples, mean = 0.0 (flags = 0x41)
0  -------O                                                                  (7 = 100.0%)
1  ... 

Histogram: Blink.MemoryCache.RevalidationPolicy.Dead.CSSStyleSheet recorded 1 samples, mean = 0.0 (flags = 0x41)
0  -O                                                                        (1 = 100.0%)
1  ... 

Histogram: Blink.MemoryCache.RevalidationPolicy.Dead.Font recorded 2 samples, mean = 0.0 (flags = 0x41)
0  --O                                                                       (2 = 100.0%)
1  ... 

Histogram: Blink.MemoryCache.RevalidationPolicy.Dead.Script recorded 21 samples, mean = 0.0 (flags = 0x41)
0  ---------------------O                                                    (21 = 100.0%)
1  ... 

Histogram: Blink.MemoryCache.RevalidationPolicy.Font recorded 23 samples, mean = 4.0 (flags = 0x41)
0  -O                                                                        (1 = 4.3%)
1  ... 
4  ------------------O                                                       (18 = 78.3%) {4.3%}
5  ----O                                                                     (4 = 17.4%) {82.6%}
6  O                                                                         (0 = 0.0%) {100.0%}

Histogram: Blink.MemoryCache.RevalidationPolicy.Image recorded 34 samples, mean = 4.0 (flags = 0x41)
0  ... 
3  -O                                                                        (1 = 2.9%) {0.0%}
4  ---------------------------------O                                        (33 = 97.1%) {2.9%}
5  ... 

Histogram: Blink.MemoryCache.RevalidationPolicy.Manifest recorded 1 samples, mean = 3.0 (flags = 0x41)
0  ... 
3  -O                                                                        (1 = 100.0%) {0.0%}
4  ... 

Histogram: Blink.MemoryCache.RevalidationPolicy.Preload.CSSStyleSheet recorded 13 samples, mean = 1.6 (flags = 0x41)
0  ------O                                                                   (6 = 46.2%)
1  ... 
3  -------O                                                                  (7 = 53.8%) {46.2%}
4  ... 

Histogram: Blink.MemoryCache.RevalidationPolicy.Preload.Font recorded 2 samples, mean = 1.5 (flags = 0x41)
0  -O                                                                        (1 = 50.0%)
1  ... 
3  -O                                                                        (1 = 50.0%) {50.0%}
4  ... 

Histogram: Blink.MemoryCache.RevalidationPolicy.Preload.Script recorded 24 samples, mean = 2.8 (flags = 0x41)
0  --O                                                                       (2 = 8.3%)
1  ... 
3  ----------------------O                                                   (22 = 91.7%) {8.3%}
4  ... 

Histogram: Blink.MemoryCache.RevalidationPolicy.Raw recorded 7 samples, mean = 3.0 (flags = 0x41)
0  ... 
3  -------O                                                                  (7 = 100.0%) {0.0%}
4  ... 

Histogram: Blink.MemoryCache.RevalidationPolicy.Script recorded 26 samples, mean = 0.5 (flags = 0x41)
0  ----------------------O                                                   (22 = 84.6%)
1  ... 
3  ----O                                                                     (4 = 15.4%) {84.6%}
4  ... 

Histogram: Blink.PreloadRequestStartDuration recorded 39 samples, mean = 124.3 (flags = 0x41)
0     ... 
15    ----O                                                                     (4 = 10.3%) {0.0%}
21    -------O                                                                  (7 = 17.9%) {10.3%}
29    ------O                                                                   (6 = 15.4%) {28.2%}
40    ----O                                                                     (4 = 10.3%) {43.6%}
55    -------O                                                                  (7 = 17.9%) {53.8%}
76    -O                                                                        (1 = 2.6%) {71.8%}
105   --O                                                                       (2 = 5.1%) {74.4%}
146   ----O                                                                     (4 = 10.3%) {79.5%}
203   -O                                                                        (1 = 2.6%) {89.7%}
282   -O                                                                        (1 = 2.6%) {92.3%}
391   -O                                                                        (1 = 2.6%) {94.9%}
542   ... 
1447  -O                                                                        (1 = 2.6%) {97.4%}
2008  ... 

Histogram: Blink.PreloadRequestWaitTime recorded 30 samples, mean = 2.0 (flags = 0x41)
0  O                                                                         (0 = 0.0%)
1  -------O                                                                  (7 = 23.3%) {0.0%}
2  -----------------O                                                        (17 = 56.7%) {23.3%}
3  ------O                                                                   (6 = 20.0%) {80.0%}
4  ... 

Histogram: Blink.PrepareToStopParsingTime recorded 40 samples, mean = 0.9 (flags = 0x41)
0   -------------------------------------O                                    (37 = 92.5%)
1   -O                                                                        (1 = 2.5%) {92.5%}
2   ... 
4   -O                                                                        (1 = 2.5%) {95.0%}
5   ... 
29  -O                                                                        (1 = 2.5%) {97.5%}
34  ... 

Histogram: Blink.PumpTokenizerTime recorded 76 samples, mean = 0.3 (flags = 0x41)
0   ------------------------------------------------------------------------O (72 = 94.7%)
1   ... 
3   -O                                                                        (1 = 1.3%) {94.7%}
4   O                                                                         (0 = 0.0%) {96.1%}
5   -O                                                                        (1 = 1.3%) {96.1%}
6   ... 
8   -O                                                                        (1 = 1.3%) {97.4%}
10  -O                                                                        (1 = 1.3%) {98.7%}
12  ... 

Histogram: Blink.ResourceRequest.BackgroundResourceFetchSupportStatus recorded 51 samples, mean = 0.1 (flags = 0x41)
0  -------------------------------------------------O                        (49 = 96.1%)
1  O                                                                         (0 = 0.0%) {96.1%}
2  --O                                                                       (2 = 3.9%) {96.1%}
3  ... 

Histogram: Blink.ResourceRequest.CompletionDelay2 recorded 51 samples, mean = 9.2 (flags = 0x41)
0   -------------------O                                                      (19 = 37.3%)
1   -------O                                                                  (7 = 13.7%) {37.3%}
2   -----O                                                                    (5 = 9.8%) {51.0%}
3   ... 
5   -O                                                                        (1 = 2.0%) {60.8%}
6   O                                                                         (0 = 0.0%) {62.7%}
7   --O                                                                       (2 = 3.9%) {62.7%}
8   --O                                                                       (2 = 3.9%) {66.7%}
10  -O                                                                        (1 = 2.0%) {70.6%}
12  -O                                                                        (1 = 2.0%) {72.5%}
14  ----O                                                                     (4 = 7.8%) {74.5%}
17  O                                                                         (0 = 0.0%) {82.4%}
20  ---O                                                                      (3 = 5.9%) {82.4%}
24  -O                                                                        (1 = 2.0%) {88.2%}
29  -O                                                                        (1 = 2.0%) {90.2%}
34  -O                                                                        (1 = 2.0%) {92.2%}
40  -O                                                                        (1 = 2.0%) {94.1%}
48  O                                                                         (0 = 0.0%) {96.1%}
57  --O                                                                       (2 = 3.9%) {96.1%}
68  ... 

Histogram: Blink.ResourceRequest.RedirectDelay2 recorded 2 samples, mean = 13.0 (flags = 0x41)
0   ... 
10  -O                                                                        (1 = 50.0%) {0.0%}
12  O                                                                         (0 = 0.0%) {50.0%}
14  -O                                                                        (1 = 50.0%) {50.0%}
17  ... 

Histogram: Blink.ResourceRequest.ResponseDelay2 recorded 47 samples, mean = 8.8 (flags = 0x41)
0   --------------O                                                           (14 = 29.8%)
1   -----------O                                                              (11 = 23.4%) {29.8%}
2   ---O                                                                      (3 = 6.4%) {53.2%}
3   ------O                                                                   (6 = 12.8%) {59.6%}
4   O                                                                         (0 = 0.0%) {72.3%}
5   -O                                                                        (1 = 2.1%) {72.3%}
6   ... 
14  ----O                                                                     (4 = 8.5%) {74.5%}
17  -O                                                                        (1 = 2.1%) {83.0%}
20  --O                                                                       (2 = 4.3%) {85.1%}
24  ... 
40  ---O                                                                      (3 = 6.4%) {89.4%}
48  O                                                                         (0 = 0.0%) {95.7%}
57  --O                                                                       (2 = 4.3%) {95.7%}
68  ... 

Histogram: Blink.ResourceRequest.StartDelay2 recorded 47 samples, mean = 27.5 (flags = 0x41)
0    -O                                                                        (1 = 2.1%)
1    -O                                                                        (1 = 2.1%) {2.1%}
2    ---------O                                                                (9 = 19.1%) {4.3%}
3    --------------O                                                           (14 = 29.8%) {23.4%}
4    ---O                                                                      (3 = 6.4%) {53.2%}
5    O                                                                         (0 = 0.0%) {59.6%}
6    -O                                                                        (1 = 2.1%) {59.6%}
7    -O                                                                        (1 = 2.1%) {61.7%}
8    O                                                                         (0 = 0.0%) {63.8%}
10   -O                                                                        (1 = 2.1%) {63.8%}
12   ---O                                                                      (3 = 6.4%) {66.0%}
14   ----O                                                                     (4 = 8.5%) {72.3%}
17   ... 
68   --O                                                                       (2 = 4.3%) {80.9%}
81   ------O                                                                   (6 = 12.8%) {85.1%}
96   ... 
449  -O                                                                        (1 = 2.1%) {97.9%}
533  ... 

Histogram: Blink.SVGImage.DataChanged recorded 1 samples, mean = 3125.0 (flags = 0x41)
0     ... 
2786  -O                                                                        (1 = 100.0%) {0.0%}
3865  ... 

Histogram: Blink.SVGImage.IsolatedSVGDocumentHostCreationTime recorded 1 samples, mean = 773.0 (flags = 0x41)
0    ... 
752  -O                                                                        (1 = 100.0%) {0.0%}
1043 ... 

Histogram: Blink.ScanAndPreloadTime.MainFrame.Initial recorded 1 samples, mean = 4.0 (flags = 0x41)
0  ... 
4  -O                                                                        (1 = 100.0%) {0.0%}
5  ... 

Histogram: Blink.ScanAndPreloadTime.MainFrame.NonInitial recorded 1 samples, mean = 0.0 (flags = 0x41)
0  -O                                                                        (1 = 100.0%)
1  ... 

Histogram: Blink.ScanAndPreloadTime2.MainFrame.Initial recorded 1 samples, mean = 4009.0 (flags = 0x41)
0     ... 
3865  -O                                                                        (1 = 100.0%) {0.0%}
5362  ... 

Histogram: Blink.ScanAndPreloadTime2.MainFrame.NonInitial recorded 1 samples, mean = 14.0 (flags = 0x41)
0   ... 
11  -O                                                                        (1 = 100.0%) {0.0%}
15  ... 

Histogram: Blink.ScanAndPreloadTime2.Preload.MainFrame.Initial recorded 1 samples, mean = 2041.0 (flags = 0x41)
0     ... 
2008  -O                                                                        (1 = 100.0%) {0.0%}
2786  ... 

Histogram: Blink.ScanAndPreloadTime2.Preload.MainFrame.NonInitial recorded 1 samples, mean = 1.0 (flags = 0x41)
0  O                                                                         (0 = 0.0%)
1  -O                                                                        (1 = 100.0%) {0.0%}
2  ... 

Histogram: Blink.ScanAndPreloadTime2.Scan.MainFrame.Initial recorded 1 samples, mean = 1951.0 (flags = 0x41)
0     ... 
1447  -O                                                                        (1 = 100.0%) {0.0%}
2008  ... 

Histogram: Blink.ScanAndPreloadTime2.Scan.MainFrame.NonInitial recorded 1 samples, mean = 1.0 (flags = 0x41)
0  O                                                                         (0 = 0.0%)
1  -O                                                                        (1 = 100.0%) {0.0%}
2  ... 

Histogram: Blink.Script.AsyncScript.FromReadyToStartExecution.Time recorded 26 samples, mean = 22.4 (flags = 0x41)
0    ----------O                                                               (10 = 38.5%)
1    -O                                                                        (1 = 3.8%) {38.5%}
2    ... 
5    -O                                                                        (1 = 3.8%) {42.3%}
6    ... 
10   ---O                                                                      (3 = 11.5%) {46.2%}
13   ---O                                                                      (3 = 11.5%) {57.7%}
16   O                                                                         (0 = 0.0%) {69.2%}
20   --O                                                                       (2 = 7.7%) {69.2%}
25   O                                                                         (0 = 0.0%) {76.9%}
32   -O                                                                        (1 = 3.8%) {76.9%}
41   O                                                                         (0 = 0.0%) {80.8%}
52   ---O                                                                      (3 = 11.5%) {80.8%}
66   O                                                                         (0 = 0.0%) {92.3%}
84   -O                                                                        (1 = 3.8%) {92.3%}
107  O                                                                         (0 = 0.0%) {96.2%}
136  -O                                                                        (1 = 3.8%) {96.2%}
173  ... 

Histogram: Blink.Script.SchedulingType recorded 41 samples, mean = 5.3 (flags = 0x41)
0  ... 
3  -O                                                                        (1 = 2.4%) {0.0%}
4  O                                                                         (0 = 0.0%) {2.4%}
5  -------------------------O                                                (25 = 61.0%) {2.4%}
6  ---------------O                                                          (15 = 36.6%) {63.4%}
7  ... 

Histogram: Blink.UseCounter.AnimatedCSSProperties recorded 1 samples, mean = 1.0 (flags = 0x41)
0  O                                                                         (0 = 0.0%)
1  -O                                                                        (1 = 100.0%) {0.0%}
2  ... 

Histogram: Blink.UseCounter.CSSProperties recorded 96 samples, mean = 275.0 (flags = 0x41)
0    O                                                                         (0 = 0.0%)
1    -O                                                                        (1 = 1.0%) {0.0%}
2    -O                                                                        (1 = 1.0%) {1.0%}
3    -O                                                                        (1 = 1.0%) {2.1%}
4    -O                                                                        (1 = 1.0%) {3.1%}
5    -O                                                                        (1 = 1.0%) {4.2%}
6    -O                                                                        (1 = 1.0%) {5.2%}
7    -O                                                                        (1 = 1.0%) {6.2%}
8    -O                                                                        (1 = 1.0%) {7.3%}
9    O                                                                         (0 = 0.0%) {8.3%}
10   -O                                                                        (1 = 1.0%) {8.3%}
11   ... 
14   -O                                                                        (1 = 1.0%) {9.4%}
15   ... 
20   -O                                                                        (1 = 1.0%) {10.4%}
21   -O                                                                        (1 = 1.0%) {11.5%}
22   ... 
24   -O                                                                        (1 = 1.0%) {12.5%}
25   ... 
34   -O                                                                        (1 = 1.0%) {13.5%}
35   ... 
42   -O                                                                        (1 = 1.0%) {14.6%}
43   ... 
53   -O                                                                        (1 = 1.0%) {15.6%}
54   ... 
59   -O                                                                        (1 = 1.0%) {16.7%}
60   ... 
66   -O                                                                        (1 = 1.0%) {17.7%}
67   ... 
69   -O                                                                        (1 = 1.0%) {18.8%}
70   ... 
72   -O                                                                        (1 = 1.0%) {19.8%}
73   O                                                                         (0 = 0.0%) {20.8%}
74   -O                                                                        (1 = 1.0%) {20.8%}
75   ... 
77   -O                                                                        (1 = 1.0%) {21.9%}
78   ... 
81   -O                                                                        (1 = 1.0%) {22.9%}
82   ... 
84   -O                                                                        (1 = 1.0%) {24.0%}
85   ... 
89   -O                                                                        (1 = 1.0%) {25.0%}
90   ... 
95   -O                                                                        (1 = 1.0%) {26.0%}
96   -O                                                                        (1 = 1.0%) {27.1%}
97   -O                                                                        (1 = 1.0%) {28.1%}
98   -O                                                                        (1 = 1.0%) {29.2%}
99   O                                                                         (0 = 0.0%) {30.2%}
100  -O                                                                        (1 = 1.0%) {30.2%}
101  ... 
105  -O                                                                        (1 = 1.0%) {31.2%}
106  -O                                                                        (1 = 1.0%) {32.3%}
107  -O                                                                        (1 = 1.0%) {33.3%}
108  O                                                                         (0 = 0.0%) {34.4%}
109  -O                                                                        (1 = 1.0%) {34.4%}
110  ... 
118  -O                                                                        (1 = 1.0%) {35.4%}
119  -O                                                                        (1 = 1.0%) {36.5%}
120  ... 
124  -O                                                                        (1 = 1.0%) {37.5%}
125  ... 
127  -O                                                                        (1 = 1.0%) {38.5%}
128  -O                                                                        (1 = 1.0%) {39.6%}
129  -O                                                                        (1 = 1.0%) {40.6%}
130  ... 
143  -O                                                                        (1 = 1.0%) {41.7%}
144  ... 
150  -O                                                                        (1 = 1.0%) {42.7%}
151  O                                                                         (0 = 0.0%) {43.8%}
152  -O                                                                        (1 = 1.0%) {43.8%}
153  -O                                                                        (1 = 1.0%) {44.8%}
154  -O                                                                        (1 = 1.0%) {45.8%}
155  O                                                                         (0 = 0.0%) {46.9%}
156  -O                                                                        (1 = 1.0%) {46.9%}
157  -O                                                                        (1 = 1.0%) {47.9%}
158  O                                                                         (0 = 0.0%) {49.0%}
159  -O                                                                        (1 = 1.0%) {49.0%}
160  O                                                                         (0 = 0.0%) {50.0%}
161  -O                                                                        (1 = 1.0%) {50.0%}
162  ... 
164  -O                                                                        (1 = 1.0%) {51.0%}
165  -O                                                                        (1 = 1.0%) {52.1%}
166  ... 
175  -O                                                                        (1 = 1.0%) {53.1%}
176  ... 
231  -O                                                                        (1 = 1.0%) {54.2%}
232  -O                                                                        (1 = 1.0%) {55.2%}
233  O                                                                         (0 = 0.0%) {56.2%}
234  -O                                                                        (1 = 1.0%) {56.2%}
235  -O                                                                        (1 = 1.0%) {57.3%}
236  O                                                                         (0 = 0.0%) {58.3%}
237  -O                                                                        (1 = 1.0%) {58.3%}
238  -O                                                                        (1 = 1.0%) {59.4%}
239  -O                                                                        (1 = 1.0%) {60.4%}
240  -O                                                                        (1 = 1.0%) {61.5%}
241  O                                                                         (0 = 0.0%) {62.5%}
242  -O                                                                        (1 = 1.0%) {62.5%}
243  ... 
303  -O                                                                        (1 = 1.0%) {63.5%}
304  ... 
369  -O                                                                        (1 = 1.0%) {64.6%}
370  -O                                                                        (1 = 1.0%) {65.6%}
371  ... 
415  -O                                                                        (1 = 1.0%) {66.7%}
416  ... 
432  -O                                                                        (1 = 1.0%) {67.7%}
433  -O                                                                        (1 = 1.0%) {68.8%}
434  ... 
437  -O                                                                        (1 = 1.0%) {69.8%}
438  ... 
446  -O                                                                        (1 = 1.0%) {70.8%}
447  ... 
508  -O                                                                        (1 = 1.0%) {71.9%}
509  ... 
514  -O                                                                        (1 = 1.0%) {72.9%}
515  -O                                                                        (1 = 1.0%) {74.0%}
516  -O                                                                        (1 = 1.0%) {75.0%}
517  ... 
537  -O                                                                        (1 = 1.0%) {76.0%}
538  ... 
549  -O                                                                        (1 = 1.0%) {77.1%}
550  ... 
563  -O                                                                        (1 = 1.0%) {78.1%}
564  ... 
591  -O                                                                        (1 = 1.0%) {79.2%}
592  -O                                                                        (1 = 1.0%) {80.2%}
593  O                                                                         (0 = 0.0%) {81.2%}
594  -O                                                                        (1 = 1.0%) {81.2%}
595  -O                                                                        (1 = 1.0%) {82.3%}
596  ... 
598  -O                                                                        (1 = 1.0%) {83.3%}
599  -O                                                                        (1 = 1.0%) {84.4%}
600  ... 
618  -O                                                                        (1 = 1.0%) {85.4%}
619  -O                                                                        (1 = 1.0%) {86.5%}
620  -O                                                                        (1 = 1.0%) {87.5%}
621  -O                                                                        (1 = 1.0%) {88.5%}
622  ... 
636  -O                                                                        (1 = 1.0%) {89.6%}
637  ... 
657  -O                                                                        (1 = 1.0%) {90.6%}
658  -O                                                                        (1 = 1.0%) {91.7%}
659  ... 
662  -O                                                                        (1 = 1.0%) {92.7%}
663  ... 
672  -O                                                                        (1 = 1.0%) {93.8%}
673  -O                                                                        (1 = 1.0%) {94.8%}
674  O                                                                         (0 = 0.0%) {95.8%}
675  -O                                                                        (1 = 1.0%) {95.8%}
676  ... 
696  -O                                                                        (1 = 1.0%) {96.9%}
697  ... 
746  -O                                                                        (1 = 1.0%) {97.9%}
747  ... 
770  -O                                                                        (1 = 1.0%) {99.0%}
771  ... 

Histogram: Blink.UseCounter.Features recorded 181 samples, mean = 2238.4 (flags = 0x41)
0     ... 
13    -O                                                                        (1 = 0.6%) {0.0%}
14    ... 
16    -O                                                                        (1 = 0.6%) {0.6%}
17    ... 
52    -O                                                                        (1 = 0.6%) {1.1%}
53    ... 
69    -O                                                                        (1 = 0.6%) {1.7%}
70    ... 
123   -O                                                                        (1 = 0.6%) {2.2%}
124   -O                                                                        (1 = 0.6%) {2.8%}
125   -O                                                                        (1 = 0.6%) {3.3%}
126   ... 
138   -O                                                                        (1 = 0.6%) {3.9%}
139   ... 
240   -O                                                                        (1 = 0.6%) {4.4%}
241   ... 
250   -O                                                                        (1 = 0.6%) {5.0%}
251   ... 
429   -O                                                                        (1 = 0.6%) {5.5%}
430   -O                                                                        (1 = 0.6%) {6.1%}
431   -O                                                                        (1 = 0.6%) {6.6%}
432   -O                                                                        (1 = 0.6%) {7.2%}
433   ... 
469   -O                                                                        (1 = 0.6%) {7.7%}
470   ... 
494   -O                                                                        (1 = 0.6%) {8.3%}
495   ... 
522   -O                                                                        (1 = 0.6%) {8.8%}
523   -O                                                                        (1 = 0.6%) {9.4%}
524   -O                                                                        (1 = 0.6%) {9.9%}
525   ... 
540   -O                                                                        (1 = 0.6%) {10.5%}
541   ... 
587   -O                                                                        (1 = 0.6%) {11.0%}
588   -O                                                                        (1 = 0.6%) {11.6%}
589   ... 
675   -O                                                                        (1 = 0.6%) {12.2%}
676   ... 
710   -O                                                                        (1 = 0.6%) {12.7%}
711   -O                                                                        (1 = 0.6%) {13.3%}
712   -O                                                                        (1 = 0.6%) {13.8%}
713   ... 
717   -O                                                                        (1 = 0.6%) {14.4%}
718   ... 
730   -O                                                                        (1 = 0.6%) {14.9%}
731   ... 
744   -O                                                                        (1 = 0.6%) {15.5%}
745   ... 
780   -O                                                                        (1 = 0.6%) {16.0%}
781   -O                                                                        (1 = 0.6%) {16.6%}
782   ... 
786   -O                                                                        (1 = 0.6%) {17.1%}
787   -O                                                                        (1 = 0.6%) {17.7%}
788   ... 
804   -O                                                                        (1 = 0.6%) {18.2%}
805   ... 
900   -O                                                                        (1 = 0.6%) {18.8%}
901   -O                                                                        (1 = 0.6%) {19.3%}
902   ... 
907   -O                                                                        (1 = 0.6%) {19.9%}
908   ... 
954   -O                                                                        (1 = 0.6%) {20.4%}
955   ... 
970   -O                                                                        (1 = 0.6%) {21.0%}
971   O                                                                         (0 = 0.0%) {21.5%}
972   -O                                                                        (1 = 0.6%) {21.5%}
973   -O                                                                        (1 = 0.6%) {22.1%}
974   ... 
976   -O                                                                        (1 = 0.6%) {22.7%}
977   ... 
1023  -O                                                                        (1 = 0.6%) {23.2%}
1024  ... 
1069  -O                                                                        (1 = 0.6%) {23.8%}
1070  -O                                                                        (1 = 0.6%) {24.3%}
1071  ... 
1075  -O                                                                        (1 = 0.6%) {24.9%}
1076  -O                                                                        (1 = 0.6%) {25.4%}
1077  ... 
1124  -O                                                                        (1 = 0.6%) {26.0%}
1125  ... 
1302  -O                                                                        (1 = 0.6%) {26.5%}
1303  ... 
1347  -O                                                                        (1 = 0.6%) {27.1%}
1348  ... 
1351  -O                                                                        (1 = 0.6%) {27.6%}
1352  ... 
1354  -O                                                                        (1 = 0.6%) {28.2%}
1355  ... 
1368  -O                                                                        (1 = 0.6%) {28.7%}
1369  ... 
1417  -O                                                                        (1 = 0.6%) {29.3%}
1418  ... 
1441  -O                                                                        (1 = 0.6%) {29.8%}
1442  ... 
1458  -O                                                                        (1 = 0.6%) {30.4%}
1459  -O                                                                        (1 = 0.6%) {30.9%}
1460  ... 
1462  -O                                                                        (1 = 0.6%) {31.5%}
1463  -O                                                                        (1 = 0.6%) {32.0%}
1464  ... 
1467  -O                                                                        (1 = 0.6%) {32.6%}
1468  ... 
1502  -O                                                                        (1 = 0.6%) {33.1%}
1503  ... 
1692  -O                                                                        (1 = 0.6%) {33.7%}
1693  -O                                                                        (1 = 0.6%) {34.3%}
1694  ... 
1827  -O                                                                        (1 = 0.6%) {34.8%}
1828  ... 
2013  -O                                                                        (1 = 0.6%) {35.4%}
2014  ... 
2077  -O                                                                        (1 = 0.6%) {35.9%}
2078  ... 
2094  -O                                                                        (1 = 0.6%) {36.5%}
2095  O                                                                         (0 = 0.0%) {37.0%}
2096  -O                                                                        (1 = 0.6%) {37.0%}
2097  ... 
2100  -O                                                                        (1 = 0.6%) {37.6%}
2101  ... 
2112  -O                                                                        (1 = 0.6%) {38.1%}
2113  ... 
2121  -O                                                                        (1 = 0.6%) {38.7%}
2122  ... 
2157  -O                                                                        (1 = 0.6%) {39.2%}
2158  ... 
2188  -O                                                                        (1 = 0.6%) {39.8%}
2189  O                                                                         (0 = 0.0%) {40.3%}
2190  -O                                                                        (1 = 0.6%) {40.3%}
2191  -O                                                                        (1 = 0.6%) {40.9%}
2192  ... 
2195  -O                                                                        (1 = 0.6%) {41.4%}
2196  ... 
2203  -O                                                                        (1 = 0.6%) {42.0%}
2204  -O                                                                        (1 = 0.6%) {42.5%}
2205  ... 
2217  -O                                                                        (1 = 0.6%) {43.1%}
2218  ... 
2226  -O                                                                        (1 = 0.6%) {43.6%}
2227  O                                                                         (0 = 0.0%) {44.2%}
2228  -O                                                                        (1 = 0.6%) {44.2%}
2229  -O                                                                        (1 = 0.6%) {44.8%}
2230  ... 
2236  -O                                                                        (1 = 0.6%) {45.3%}
2237  ... 
2298  -O                                                                        (1 = 0.6%) {45.9%}
2299  ... 
2314  -O                                                                        (1 = 0.6%) {46.4%}
2315  ... 
2319  -O                                                                        (1 = 0.6%) {47.0%}
2320  ... 
2322  -O                                                                        (1 = 0.6%) {47.5%}
2323  ... 
2347  -O                                                                        (1 = 0.6%) {48.1%}
2348  ... 
2355  -O                                                                        (1 = 0.6%) {48.6%}
2356  ... 
2361  -O                                                                        (1 = 0.6%) {49.2%}
2362  ... 
2387  -O                                                                        (1 = 0.6%) {49.7%}
2388  -O                                                                        (1 = 0.6%) {50.3%}
2389  ... 
2399  -O                                                                        (1 = 0.6%) {50.8%}
2400  ... 
2413  -O                                                                        (1 = 0.6%) {51.4%}
2414  ... 
2429  -O                                                                        (1 = 0.6%) {51.9%}
2430  O                                                                         (0 = 0.0%) {52.5%}
2431  -O                                                                        (1 = 0.6%) {52.5%}
2432  ... 
2487  -O                                                                        (1 = 0.6%) {53.0%}
2488  ... 
2518  -O                                                                        (1 = 0.6%) {53.6%}
2519  ... 
2598  -O                                                                        (1 = 0.6%) {54.1%}
2599  ... 
2618  -O                                                                        (1 = 0.6%) {54.7%}
2619  ... 
2654  -O                                                                        (1 = 0.6%) {55.2%}
2655  -O                                                                        (1 = 0.6%) {55.8%}
2656  -O                                                                        (1 = 0.6%) {56.4%}
2657  -O                                                                        (1 = 0.6%) {56.9%}
2658  -O                                                                        (1 = 0.6%) {57.5%}
2659  -O                                                                        (1 = 0.6%) {58.0%}
2660  -O                                                                        (1 = 0.6%) {58.6%}
2661  -O                                                                        (1 = 0.6%) {59.1%}
2662  -O                                                                        (1 = 0.6%) {59.7%}
2663  -O                                                                        (1 = 0.6%) {60.2%}
2664  ... 
2699  -O                                                                        (1 = 0.6%) {60.8%}
2700  -O                                                                        (1 = 0.6%) {61.3%}
2701  -O                                                                        (1 = 0.6%) {61.9%}
2702  -O                                                                        (1 = 0.6%) {62.4%}
2703  -O                                                                        (1 = 0.6%) {63.0%}
2704  -O                                                                        (1 = 0.6%) {63.5%}
2705  -O                                                                        (1 = 0.6%) {64.1%}
2706  -O                                                                        (1 = 0.6%) {64.6%}
2707  -O                                                                        (1 = 0.6%) {65.2%}
2708  ... 
2710  -O                                                                        (1 = 0.6%) {65.7%}
2711  -O                                                                        (1 = 0.6%) {66.3%}
2712  ... 
2714  -O                                                                        (1 = 0.6%) {66.9%}
2715  -O                                                                        (1 = 0.6%) {67.4%}
2716  -O                                                                        (1 = 0.6%) {68.0%}
2717  ... 
2723  -O                                                                        (1 = 0.6%) {68.5%}
2724  ... 
2738  -O                                                                        (1 = 0.6%) {69.1%}
2739  ... 
2769  -O                                                                        (1 = 0.6%) {69.6%}
2770  ... 
2789  -O                                                                        (1 = 0.6%) {70.2%}
2790  -O                                                                        (1 = 0.6%) {70.7%}
2791  -O                                                                        (1 = 0.6%) {71.3%}
2792  -O                                                                        (1 = 0.6%) {71.8%}
2793  ... 
2841  -O                                                                        (1 = 0.6%) {72.4%}
2842  ... 
2903  -O                                                                        (1 = 0.6%) {72.9%}
2904  -O                                                                        (1 = 0.6%) {73.5%}
2905  ... 
2927  -O                                                                        (1 = 0.6%) {74.0%}
2928  ... 
2935  -O                                                                        (1 = 0.6%) {74.6%}
2936  ... 
3004  -O                                                                        (1 = 0.6%) {75.1%}
3005  ... 
3019  -O                                                                        (1 = 0.6%) {75.7%}
3020  -O                                                                        (1 = 0.6%) {76.2%}
3021  ... 
3028  -O                                                                        (1 = 0.6%) {76.8%}
3029  ... 
3066  -O                                                                        (1 = 0.6%) {77.3%}
3067  ... 
3116  -O                                                                        (1 = 0.6%) {77.9%}
3117  ... 
3157  -O                                                                        (1 = 0.6%) {78.5%}
3158  ... 
3189  -O                                                                        (1 = 0.6%) {79.0%}
3190  ... 
3198  -O                                                                        (1 = 0.6%) {79.6%}
3199  ... 
3254  -O                                                                        (1 = 0.6%) {80.1%}
3255  ... 
3273  -O                                                                        (1 = 0.6%) {80.7%}
3274  O                                                                         (0 = 0.0%) {81.2%}
3275  -O                                                                        (1 = 0.6%) {81.2%}
3276  ... 
3279  -O                                                                        (1 = 0.6%) {81.8%}
3280  ... 
3307  -O                                                                        (1 = 0.6%) {82.3%}
3308  -O                                                                        (1 = 0.6%) {82.9%}
3309  ... 
3349  -O                                                                        (1 = 0.6%) {83.4%}
3350  ... 
3359  -O                                                                        (1 = 0.6%) {84.0%}
3360  ... 
3409  -O                                                                        (1 = 0.6%) {84.5%}
3410  ... 
3444  -O                                                                        (1 = 0.6%) {85.1%}
3445  ... 
3698  -O                                                                        (1 = 0.6%) {85.6%}
3699  ... 
3789  -O                                                                        (1 = 0.6%) {86.2%}
3790  -O                                                                        (1 = 0.6%) {86.7%}
3791  ... 
3803  -O                                                                        (1 = 0.6%) {87.3%}
3804  ... 
3870  -O                                                                        (1 = 0.6%) {87.8%}
3871  ... 
3945  -O                                                                        (1 = 0.6%) {88.4%}
3946  ... 
3973  -O                                                                        (1 = 0.6%) {89.0%}
3974  ... 
4007  -O                                                                        (1 = 0.6%) {89.5%}
4008  ... 
4079  -O                                                                        (1 = 0.6%) {90.1%}
4080  ... 
4113  -O                                                                        (1 = 0.6%) {90.6%}
4114  ... 
4161  -O                                                                        (1 = 0.6%) {91.2%}
4162  ... 
4177  -O                                                                        (1 = 0.6%) {91.7%}
4178  ... 
4194  -O                                                                        (1 = 0.6%) {92.3%}
4195  O                                                                         (0 = 0.0%) {92.8%}
4196  -O                                                                        (1 = 0.6%) {92.8%}
4197  ... 
4240  -O                                                                        (1 = 0.6%) {93.4%}
4241  O                                                                         (0 = 0.0%) {93.9%}
4242  -O                                                                        (1 = 0.6%) {93.9%}
4243  ... 
4307  -O                                                                        (1 = 0.6%) {94.5%}
4308  ... 
4317  -O                                                                        (1 = 0.6%) {95.0%}
4318  ... 
4372  -O                                                                        (1 = 0.6%) {95.6%}
4373  ... 
4379  -O                                                                        (1 = 0.6%) {96.1%}
4380  ... 
4419  -O                                                                        (1 = 0.6%) {96.7%}
4420  ... 
4561  -O                                                                        (1 = 0.6%) {97.2%}
4562  ... 
4673  -O                                                                        (1 = 0.6%) {97.8%}
4674  ... 
4743  -O                                                                        (1 = 0.6%) {98.3%}
4744  ... 
4961  -O                                                                        (1 = 0.6%) {98.9%}
4962  ... 
4994  -O                                                                        (1 = 0.6%) {99.4%}
4995  ... 

Histogram: Blink.UseCounter.MainFrame.Features recorded 181 samples, mean = 2238.4 (flags = 0x41)
0     ... 
13    -O                                                                        (1 = 0.6%) {0.0%}
14    ... 
16    -O                                                                        (1 = 0.6%) {0.6%}
17    ... 
52    -O                                                                        (1 = 0.6%) {1.1%}
53    ... 
69    -O                                                                        (1 = 0.6%) {1.7%}
70    ... 
123   -O                                                                        (1 = 0.6%) {2.2%}
124   -O                                                                        (1 = 0.6%) {2.8%}
125   -O                                                                        (1 = 0.6%) {3.3%}
126   ... 
138   -O                                                                        (1 = 0.6%) {3.9%}
139   ... 
240   -O                                                                        (1 = 0.6%) {4.4%}
241   ... 
250   -O                                                                        (1 = 0.6%) {5.0%}
251   ... 
429   -O                                                                        (1 = 0.6%) {5.5%}
430   -O                                                                        (1 = 0.6%) {6.1%}
431   -O                                                                        (1 = 0.6%) {6.6%}
432   -O                                                                        (1 = 0.6%) {7.2%}
433   ... 
469   -O                                                                        (1 = 0.6%) {7.7%}
470   ... 
494   -O                                                                        (1 = 0.6%) {8.3%}
495   ... 
522   -O                                                                        (1 = 0.6%) {8.8%}
523   -O                                                                        (1 = 0.6%) {9.4%}
524   -O                                                                        (1 = 0.6%) {9.9%}
525   ... 
540   -O                                                                        (1 = 0.6%) {10.5%}
541   ... 
587   -O                                                                        (1 = 0.6%) {11.0%}
588   -O                                                                        (1 = 0.6%) {11.6%}
589   ... 
675   -O                                                                        (1 = 0.6%) {12.2%}
676   ... 
710   -O                                                                        (1 = 0.6%) {12.7%}
711   -O                                                                        (1 = 0.6%) {13.3%}
712   -O                                                                        (1 = 0.6%) {13.8%}
713   ... 
717   -O                                                                        (1 = 0.6%) {14.4%}
718   ... 
730   -O                                                                        (1 = 0.6%) {14.9%}
731   ... 
744   -O                                                                        (1 = 0.6%) {15.5%}
745   ... 
780   -O                                                                        (1 = 0.6%) {16.0%}
781   -O                                                                        (1 = 0.6%) {16.6%}
782   ... 
786   -O                                                                        (1 = 0.6%) {17.1%}
787   -O                                                                        (1 = 0.6%) {17.7%}
788   ... 
804   -O                                                                        (1 = 0.6%) {18.2%}
805   ... 
900   -O                                                                        (1 = 0.6%) {18.8%}
901   -O                                                                        (1 = 0.6%) {19.3%}
902   ... 
907   -O                                                                        (1 = 0.6%) {19.9%}
908   ... 
954   -O                                                                        (1 = 0.6%) {20.4%}
955   ... 
970   -O                                                                        (1 = 0.6%) {21.0%}
971   O                                                                         (0 = 0.0%) {21.5%}
972   -O                                                                        (1 = 0.6%) {21.5%}
973   -O                                                                        (1 = 0.6%) {22.1%}
974   ... 
976   -O                                                                        (1 = 0.6%) {22.7%}
977   ... 
1023  -O                                                                        (1 = 0.6%) {23.2%}
1024  ... 
1069  -O                                                                        (1 = 0.6%) {23.8%}
1070  -O                                                                        (1 = 0.6%) {24.3%}
1071  ... 
1075  -O                                                                        (1 = 0.6%) {24.9%}
1076  -O                                                                        (1 = 0.6%) {25.4%}
1077  ... 
1124  -O                                                                        (1 = 0.6%) {26.0%}
1125  ... 
1302  -O                                                                        (1 = 0.6%) {26.5%}
1303  ... 
1347  -O                                                                        (1 = 0.6%) {27.1%}
1348  ... 
1351  -O                                                                        (1 = 0.6%) {27.6%}
1352  ... 
1354  -O                                                                        (1 = 0.6%) {28.2%}
1355  ... 
1368  -O                                                                        (1 = 0.6%) {28.7%}
1369  ... 
1417  -O                                                                        (1 = 0.6%) {29.3%}
1418  ... 
1441  -O                                                                        (1 = 0.6%) {29.8%}
1442  ... 
1458  -O                                                                        (1 = 0.6%) {30.4%}
1459  -O                                                                        (1 = 0.6%) {30.9%}
1460  ... 
1462  -O                                                                        (1 = 0.6%) {31.5%}
1463  -O                                                                        (1 = 0.6%) {32.0%}
1464  ... 
1467  -O                                                                        (1 = 0.6%) {32.6%}
1468  ... 
1502  -O                                                                        (1 = 0.6%) {33.1%}
1503  ... 
1692  -O                                                                        (1 = 0.6%) {33.7%}
1693  -O                                                                        (1 = 0.6%) {34.3%}
1694  ... 
1827  -O                                                                        (1 = 0.6%) {34.8%}
1828  ... 
2013  -O                                                                        (1 = 0.6%) {35.4%}
2014  ... 
2077  -O                                                                        (1 = 0.6%) {35.9%}
2078  ... 
2094  -O                                                                        (1 = 0.6%) {36.5%}
2095  O                                                                         (0 = 0.0%) {37.0%}
2096  -O                                                                        (1 = 0.6%) {37.0%}
2097  ... 
2100  -O                                                                        (1 = 0.6%) {37.6%}
2101  ... 
2112  -O                                                                        (1 = 0.6%) {38.1%}
2113  ... 
2121  -O                                                                        (1 = 0.6%) {38.7%}
2122  ... 
2157  -O                                                                        (1 = 0.6%) {39.2%}
2158  ... 
2188  -O                                                                        (1 = 0.6%) {39.8%}
2189  O                                                                         (0 = 0.0%) {40.3%}
2190  -O                                                                        (1 = 0.6%) {40.3%}
2191  -O                                                                        (1 = 0.6%) {40.9%}
2192  ... 
2195  -O                                                                        (1 = 0.6%) {41.4%}
2196  ... 
2203  -O                                                                        (1 = 0.6%) {42.0%}
2204  -O                                                                        (1 = 0.6%) {42.5%}
2205  ... 
2217  -O                                                                        (1 = 0.6%) {43.1%}
2218  ... 
2226  -O                                                                        (1 = 0.6%) {43.6%}
2227  O                                                                         (0 = 0.0%) {44.2%}
2228  -O                                                                        (1 = 0.6%) {44.2%}
2229  -O                                                                        (1 = 0.6%) {44.8%}
2230  ... 
2236  -O                                                                        (1 = 0.6%) {45.3%}
2237  ... 
2298  -O                                                                        (1 = 0.6%) {45.9%}
2299  ... 
2314  -O                                                                        (1 = 0.6%) {46.4%}
2315  ... 
2319  -O                                                                        (1 = 0.6%) {47.0%}
2320  ... 
2322  -O                                                                        (1 = 0.6%) {47.5%}
2323  ... 
2347  -O                                                                        (1 = 0.6%) {48.1%}
2348  ... 
2355  -O                                                                        (1 = 0.6%) {48.6%}
2356  ... 
2361  -O                                                                        (1 = 0.6%) {49.2%}
2362  ... 
2387  -O                                                                        (1 = 0.6%) {49.7%}
2388  -O                                                                        (1 = 0.6%) {50.3%}
2389  ... 
2399  -O                                                                        (1 = 0.6%) {50.8%}
2400  ... 
2413  -O                                                                        (1 = 0.6%) {51.4%}
2414  ... 
2429  -O                                                                        (1 = 0.6%) {51.9%}
2430  O                                                                         (0 = 0.0%) {52.5%}
2431  -O                                                                        (1 = 0.6%) {52.5%}
2432  ... 
2487  -O                                                                        (1 = 0.6%) {53.0%}
2488  ... 
2518  -O                                                                        (1 = 0.6%) {53.6%}
2519  ... 
2598  -O                                                                        (1 = 0.6%) {54.1%}
2599  ... 
2618  -O                                                                        (1 = 0.6%) {54.7%}
2619  ... 
2654  -O                                                                        (1 = 0.6%) {55.2%}
2655  -O                                                                        (1 = 0.6%) {55.8%}
2656  -O                                                                        (1 = 0.6%) {56.4%}
2657  -O                                                                        (1 = 0.6%) {56.9%}
2658  -O                                                                        (1 = 0.6%) {57.5%}
2659  -O                                                                        (1 = 0.6%) {58.0%}
2660  -O                                                                        (1 = 0.6%) {58.6%}
2661  -O                                                                        (1 = 0.6%) {59.1%}
2662  -O                                                                        (1 = 0.6%) {59.7%}
2663  -O                                                                        (1 = 0.6%) {60.2%}
2664  ... 
2699  -O                                                                        (1 = 0.6%) {60.8%}
2700  -O                                                                        (1 = 0.6%) {61.3%}
2701  -O                                                                        (1 = 0.6%) {61.9%}
2702  -O                                                                        (1 = 0.6%) {62.4%}
2703  -O                                                                        (1 = 0.6%) {63.0%}
2704  -O                                                                        (1 = 0.6%) {63.5%}
2705  -O                                                                        (1 = 0.6%) {64.1%}
2706  -O                                                                        (1 = 0.6%) {64.6%}
2707  -O                                                                        (1 = 0.6%) {65.2%}
2708  ... 
2710  -O                                                                        (1 = 0.6%) {65.7%}
2711  -O                                                                        (1 = 0.6%) {66.3%}
2712  ... 
2714  -O                                                                        (1 = 0.6%) {66.9%}
2715  -O                                                                        (1 = 0.6%) {67.4%}
2716  -O                                                                        (1 = 0.6%) {68.0%}
2717  ... 
2723  -O                                                                        (1 = 0.6%) {68.5%}
2724  ... 
2738  -O                                                                        (1 = 0.6%) {69.1%}
2739  ... 
2769  -O                                                                        (1 = 0.6%) {69.6%}
2770  ... 
2789  -O                                                                        (1 = 0.6%) {70.2%}
2790  -O                                                                        (1 = 0.6%) {70.7%}
2791  -O                                                                        (1 = 0.6%) {71.3%}
2792  -O                                                                        (1 = 0.6%) {71.8%}
2793  ... 
2841  -O                                                                        (1 = 0.6%) {72.4%}
2842  ... 
2903  -O                                                                        (1 = 0.6%) {72.9%}
2904  -O                                                                        (1 = 0.6%) {73.5%}
2905  ... 
2927  -O                                                                        (1 = 0.6%) {74.0%}
2928  ... 
2935  -O                                                                        (1 = 0.6%) {74.6%}
2936  ... 
3004  -O                                                                        (1 = 0.6%) {75.1%}
3005  ... 
3019  -O                                                                        (1 = 0.6%) {75.7%}
3020  -O                                                                        (1 = 0.6%) {76.2%}
3021  ... 
3028  -O                                                                        (1 = 0.6%) {76.8%}
3029  ... 
3066  -O                                                                        (1 = 0.6%) {77.3%}
3067  ... 
3116  -O                                                                        (1 = 0.6%) {77.9%}
3117  ... 
3157  -O                                                                        (1 = 0.6%) {78.5%}
3158  ... 
3189  -O                                                                        (1 = 0.6%) {79.0%}
3190  ... 
3198  -O                                                                        (1 = 0.6%) {79.6%}
3199  ... 
3254  -O                                                                        (1 = 0.6%) {80.1%}
3255  ... 
3273  -O                                                                        (1 = 0.6%) {80.7%}
3274  O                                                                         (0 = 0.0%) {81.2%}
3275  -O                                                                        (1 = 0.6%) {81.2%}
3276  ... 
3279  -O                                                                        (1 = 0.6%) {81.8%}
3280  ... 
3307  -O                                                                        (1 = 0.6%) {82.3%}
3308  -O                                                                        (1 = 0.6%) {82.9%}
3309  ... 
3349  -O                                                                        (1 = 0.6%) {83.4%}
3350  ... 
3359  -O                                                                        (1 = 0.6%) {84.0%}
3360  ... 
3409  -O                                                                        (1 = 0.6%) {84.5%}
3410  ... 
3444  -O                                                                        (1 = 0.6%) {85.1%}
3445  ... 
3698  -O                                                                        (1 = 0.6%) {85.6%}
3699  ... 
3789  -O                                                                        (1 = 0.6%) {86.2%}
3790  -O                                                                        (1 = 0.6%) {86.7%}
3791  ... 
3803  -O                                                                        (1 = 0.6%) {87.3%}
3804  ... 
3870  -O                                                                        (1 = 0.6%) {87.8%}
3871  ... 
3945  -O                                                                        (1 = 0.6%) {88.4%}
3946  ... 
3973  -O                                                                        (1 = 0.6%) {89.0%}
3974  ... 
4007  -O                                                                        (1 = 0.6%) {89.5%}
4008  ... 
4079  -O                                                                        (1 = 0.6%) {90.1%}
4080  ... 
4113  -O                                                                        (1 = 0.6%) {90.6%}
4114  ... 
4161  -O                                                                        (1 = 0.6%) {91.2%}
4162  ... 
4177  -O                                                                        (1 = 0.6%) {91.7%}
4178  ... 
4194  -O                                                                        (1 = 0.6%) {92.3%}
4195  O                                                                         (0 = 0.0%) {92.8%}
4196  -O                                                                        (1 = 0.6%) {92.8%}
4197  ... 
4240  -O                                                                        (1 = 0.6%) {93.4%}
4241  O                                                                         (0 = 0.0%) {93.9%}
4242  -O                                                                        (1 = 0.6%) {93.9%}
4243  ... 
4307  -O                                                                        (1 = 0.6%) {94.5%}
4308  ... 
4317  -O                                                                        (1 = 0.6%) {95.0%}
4318  ... 
4372  -O                                                                        (1 = 0.6%) {95.6%}
4373  ... 
4379  -O                                                                        (1 = 0.6%) {96.1%}
4380  ... 
4419  -O                                                                        (1 = 0.6%) {96.7%}
4420  ... 
4561  -O                                                                        (1 = 0.6%) {97.2%}
4562  ... 
4673  -O                                                                        (1 = 0.6%) {97.8%}
4674  ... 
4743  -O                                                                        (1 = 0.6%) {98.3%}
4744  ... 
4961  -O                                                                        (1 = 0.6%) {98.9%}
4962  ... 
4994  -O                                                                        (1 = 0.6%) {99.4%}
4995  ... 

Histogram: Blink.UseCounter.PermissionsPolicy.Allow2 recorded 0 samples (flags = 0x41)
0 ... 

Histogram: Blink.UseCounter.PermissionsPolicy.Header2 recorded 0 samples (flags = 0x41)
0 ... 

Histogram: Blink.UseCounter.PermissionsPolicy.Violation.Enforce recorded 0 samples (flags = 0x41)
0 ... 

Histogram: Blink.UseCounter.WebDXFeatures recorded 15 samples, mean = 37.7 (flags = 0x41)
0   ... 
5   -O                                                                        (1 = 6.7%) {0.0%}
6   ... 
8   -O                                                                        (1 = 6.7%) {6.7%}
9   -O                                                                        (1 = 6.7%) {13.3%}
10  O                                                                         (0 = 0.0%) {20.0%}
11  -O                                                                        (1 = 6.7%) {20.0%}
12  ... 
27  -O                                                                        (1 = 6.7%) {26.7%}
28  -O                                                                        (1 = 6.7%) {33.3%}
29  -O                                                                        (1 = 6.7%) {40.0%}
30  ... 
38  -O                                                                        (1 = 6.7%) {46.7%}
39  -O                                                                        (1 = 6.7%) {53.3%}
40  ... 
45  -O                                                                        (1 = 6.7%) {60.0%}
46  -O                                                                        (1 = 6.7%) {66.7%}
47  ... 
58  -O                                                                        (1 = 6.7%) {73.3%}
59  ... 
68  -O                                                                        (1 = 6.7%) {80.0%}
69  ... 
71  -O                                                                        (1 = 6.7%) {86.7%}
72  ... 
83  -O                                                                        (1 = 6.7%) {93.3%}
84  ... 

Histogram: Blink.UserDrivenDocumentUpdate.UpdateTime.PreFCP recorded 1 samples, mean = 18.0 (flags = 0x41)
0   ... 
15  -O                                                                        (1 = 100.0%) {0.0%}
21  ... 

Histogram: Bookmarks.BookmarkBar.Shown recorded 1 samples, mean = 0.0 (flags = 0x41)
0  -O                                                                        (1 = 100.0%)
1  ... 

Histogram: Bookmarks.Count.OnProfileLoad3 recorded 1 samples, mean = 0.0 (flags = 0x41)
0  -O                                                                        (1 = 100.0%)
1  ... 

Histogram: Bookmarks.Storage.TimeToLoadAtStartup2 recorded 1 samples, mean = 3449.0 (flags = 0x41)
0     ... 
2990  -O                                                                        (1 = 100.0%) {0.0%}
3553  ... 

Histogram: Bookmarks.Times.OnProfileLoad.TimeSinceAdded3 recorded 1 samples, mean = 0.0 (flags = 0x41)
0  -O                                                                        (1 = 100.0%)
1  ... 

Histogram: Bookmarks.Utilization.OnProfileLoad.PercentageUsed recorded 1 samples, mean = 0.0 (flags = 0x41)
0  -O                                                                        (1 = 100.0%)
1  ... 

Histogram: Bookmarks.Utilization.OnProfileLoad.TotalUnused recorded 1 samples, mean = 0.0 (flags = 0x41)
0  -O                                                                        (1 = 100.0%)
1  ... 

Histogram: Bookmarks.Utilization.OnProfileLoad.TotalUsed recorded 1 samples, mean = 0.0 (flags = 0x41)
0  -O                                                                        (1 = 100.0%)
1  ... 

Histogram: BrotliFilter.CompressionPercent recorded 33 samples, mean = 35.6 (flags = 0x41)
0    ... 
11   ----O                                                                     (4 = 12.1%) {0.0%}
12   -O                                                                        (1 = 3.0%) {12.1%}
13   O                                                                         (0 = 0.0%) {15.2%}
14   -O                                                                        (1 = 3.0%) {15.2%}
15   O                                                                         (0 = 0.0%) {18.2%}
16   -O                                                                        (1 = 3.0%) {18.2%}
17   O                                                                         (0 = 0.0%) {21.2%}
18   -O                                                                        (1 = 3.0%) {21.2%}
19   ... 
22   -O                                                                        (1 = 3.0%) {24.2%}
23   -O                                                                        (1 = 3.0%) {27.3%}
24   -O                                                                        (1 = 3.0%) {30.3%}
25   -O                                                                        (1 = 3.0%) {33.3%}
26   -O                                                                        (1 = 3.0%) {36.4%}
27   ... 
29   ----O                                                                     (4 = 12.1%) {39.4%}
30   --O                                                                       (2 = 6.1%) {51.5%}
31   O                                                                         (0 = 0.0%) {57.6%}
32   --O                                                                       (2 = 6.1%) {57.6%}
33   O                                                                         (0 = 0.0%) {63.6%}
34   -O                                                                        (1 = 3.0%) {63.6%}
35   ... 
38   --O                                                                       (2 = 6.1%) {66.7%}
39   -O                                                                        (1 = 3.0%) {72.7%}
40   ... 
43   ---O                                                                      (3 = 9.1%) {75.8%}
44   ... 
47   --O                                                                       (2 = 6.1%) {84.8%}
48   ... 
84   -O                                                                        (1 = 3.0%) {90.9%}
85   ... 
101  --O                                                                       (2 = 6.1%) {93.9%}

Histogram: BrotliFilter.Status recorded 33 samples, mean = 1.0 (flags = 0x41)
0  O                                                                         (0 = 0.0%)
1  ---------------------------------O                                        (33 = 100.0%) {0.0%}
2  ... 

Histogram: BrotliFilter.UsedMemoryKB recorded 33 samples, mean = 221.7 (flags = 0x41)
0    ... 
16   --O                                                                       (2 = 6.1%) {0.0%}
20   O                                                                         (0 = 0.0%) {6.1%}
25   ---O                                                                      (3 = 9.1%) {6.1%}
31   ------O                                                                   (6 = 18.2%) {15.2%}
39   O                                                                         (0 = 0.0%) {33.3%}
49   --O                                                                       (2 = 6.1%) {33.3%}
61   -O                                                                        (1 = 3.0%) {39.4%}
76   ---O                                                                      (3 = 9.1%) {42.4%}
95   O                                                                         (0 = 0.0%) {51.5%}
119  ----O                                                                     (4 = 12.1%) {51.5%}
149  O                                                                         (0 = 0.0%) {63.6%}
187  -O                                                                        (1 = 3.0%) {63.6%}
234  ... 
367  -------O                                                                  (7 = 21.2%) {66.7%}
460  O                                                                         (0 = 0.0%) {87.9%}
576  -O                                                                        (1 = 3.0%) {87.9%}
722  ---O                                                                      (3 = 9.1%) {90.9%}
905  ... 

Histogram: Browser.MainThreadsCongestion.RunningOnly recorded 73 samples, mean = 0.0 (flags = 0x41)
0  ------------------------------------------------------------------------O (73 = 100.0%)
1  ... 

Histogram: Browser.MainThreadsCongestion.RunningOnly.Initial recorded 1 samples, mean = 0.0 (flags = 0x41)
0  -O                                                                        (1 = 100.0%)
1  ... 

Histogram: Browser.Responsiveness.IOJanksTotalPerMinute recorded 36 samples, mean = 0.0 (flags = 0x41)
0  ------------------------------------O                                     (36 = 100.0%)
1  ... 

Histogram: Browser.Responsiveness.IOJankyIntervalsPerMinute recorded 36 samples, mean = 0.0 (flags = 0x41)
0  ------------------------------------O                                     (36 = 100.0%)
1  ... 

Histogram: BrowserRenderProcessHost.Cleanup.DelayReason recorded 12 samples, mean = 6.8 (flags = 0x41)
0  ---O                                                                      (3 = 25.0%)
1  ... 
9  ---------O                                                                (9 = 75.0%) {25.0%}
10 ... 

Histogram: BrowserRenderProcessHost.Cleanup.Total recorded 12 samples, mean = 1.0 (flags = 0x41)
0  O                                                                         (0 = 0.0%)
1  ------------O                                                             (12 = 100.0%) {0.0%}
2  O                                                                         (0 = 0.0%) {100.0%}

Histogram: BrowserRenderProcessHost.ExistingRendererIsInitializedAndNotDead recorded 1 samples, mean = 1.0 (flags = 0x41)
0  O                                                                         (0 = 0.0%)
1  -O                                                                        (1 = 100.0%) {0.0%}
2  O                                                                         (0 = 0.0%) {100.0%}

Histogram: BrowserRenderProcessHost.FastShutdownIfPossible.DelayReason recorded 1 samples, mean = 4.0 (flags = 0x41)
0  ... 
4  -O                                                                        (1 = 100.0%) {0.0%}
5  ... 

Histogram: BrowserRenderProcessHost.FastShutdownIfPossible.Total recorded 1 samples, mean = 1.0 (flags = 0x41)
0  O                                                                         (0 = 0.0%)
1  -O                                                                        (1 = 100.0%) {0.0%}
2  O                                                                         (0 = 0.0%) {100.0%}

Histogram: BrowserRenderProcessHost.SpareProcessEvictedOtherSpare recorded 2 samples, mean = 0.0 (flags = 0x41)
0  --O                                                                       (2 = 100.0%)
1  ... 

Histogram: BrowserRenderProcessHost.SpareProcessMaybeTakeAction recorded 2 samples, mean = 2.0 (flags = 0x41)
0  -O                                                                        (1 = 50.0%)
1  ... 
4  -O                                                                        (1 = 50.0%) {50.0%}
5  ... 

Histogram: BrowserRenderProcessHost.SpareProcessStartupTime recorded 2 samples, mean = 1893.5 (flags = 0x41)
0     ... 
96    -O                                                                        (1 = 50.0%) {0.0%}
114   ... 
3553  -O                                                                        (1 = 50.0%) {50.0%}
4222  ... 

Histogram: BrowserSwitcher.ExternalGreylistSize recorded 1 samples, mean = 0.0 (flags = 0x41)
0  -O                                                                        (1 = 100.0%)
1  ... 

Histogram: BrowserSwitcher.ExternalSitelistSize recorded 1 samples, mean = 0.0 (flags = 0x41)
0  -O                                                                        (1 = 100.0%)
1  ... 

Histogram: BrowserSwitcher.IeemSitelistSize recorded 1 samples, mean = 0.0 (flags = 0x41)
0  -O                                                                        (1 = 100.0%)
1  ... 

Histogram: BrowsingTopics.BrowsingTopicsState.LoadFinishStatus recorded 1 samples, mean = 1.0 (flags = 0x41)
0  O                                                                         (0 = 0.0%)
1  -O                                                                        (1 = 100.0%) {0.0%}
2  O                                                                         (0 = 0.0%) {100.0%}

Histogram: BrowsingTopics.EpochTopicsCalculation.FirstTry.CalculatorResultStatus recorded 1 samples, mean = 1.0 (flags = 0x41)
0  O                                                                         (0 = 0.0%)
1  -O                                                                        (1 = 100.0%) {0.0%}
2  ... 

Histogram: BrowsingTopics.EpochTopicsCalculation.Started.RetryNumber recorded 1 samples, mean = 0.0 (flags = 0x41)
0  -O                                                                        (1 = 100.0%)
1  ... 

Histogram: BrowsingTopics.EpochTopicsCalculation.TimeBetweenCalculations recorded 1 samples, mean = 859486272.0 (flags = 0x41)
0          ... 
851128339  -O                                                                        (1 = 100.0%) {0.0%}
987302052  ... 

Histogram: BrowsingTopics.SiteDataStorage.FileSize.KB recorded 1 samples, mean = 28.0 (flags = 0x41)
0   ... 
28  -O                                                                        (1 = 100.0%) {0.0%}
37  ... 

Histogram: BrowsingTopics.SiteDataStorage.InitStatus recorded 1 samples, mean = 1.0 (flags = 0x41)
0  O                                                                         (0 = 0.0%)
1  -O                                                                        (1 = 100.0%) {0.0%}
2  O                                                                         (0 = 0.0%) {100.0%}

Histogram: CPU.Experimental.CpuEstimationTaskMigrated recorded 7 samples, mean = 0.0 (flags = 0x41)
0  -------O                                                                  (7 = 100.0%)
1  ... 

Histogram: CPU.Experimental.CpuEstimationTaskQueuedTime.Performance recorded 7 samples, mean = 13.6 (flags = 0x41)
0   ... 
7   -O                                                                        (1 = 14.3%) {0.0%}
9   -O                                                                        (1 = 14.3%) {14.3%}
12  --O                                                                       (2 = 28.6%) {28.6%}
16  ---O                                                                      (3 = 42.9%) {57.1%}
21  ... 

Histogram: CPU.Experimental.CpuEstimationTaskThreadTime.Performance recorded 7 samples, mean = 134.6 (flags = 0x41)
0    ... 
86   --O                                                                       (2 = 28.6%) {0.0%}
113  ---O                                                                      (3 = 42.9%) {28.6%}
149  -O                                                                        (1 = 14.3%) {71.4%}
196  -O                                                                        (1 = 14.3%) {85.7%}
258  ... 

Histogram: CPU.Experimental.CpuEstimationTaskTotalTime.Performance recorded 7 samples, mean = 153.1 (flags = 0x41)
0    ... 
86   --O                                                                       (2 = 28.6%) {0.0%}
113  ---O                                                                      (3 = 42.9%) {28.6%}
149  O                                                                         (0 = 0.0%) {71.4%}
196  --O                                                                       (2 = 28.6%) {71.4%}
258  ... 

Histogram: CPU.Experimental.CpuEstimationTaskWallTime.Performance recorded 7 samples, mean = 139.6 (flags = 0x41)
0    ... 
86   --O                                                                       (2 = 28.6%) {0.0%}
113  ---O                                                                      (3 = 42.9%) {28.6%}
149  -O                                                                        (1 = 14.3%) {71.4%}
196  -O                                                                        (1 = 14.3%) {85.7%}
258  ... 

Histogram: CPU.Experimental.CpuEstimationThreadTimePercent.Performance recorded 7 samples, mean = 96.0 (flags = 0x41)
0   ... 
94  --O                                                                       (2 = 28.6%) {0.0%}
95  --O                                                                       (2 = 28.6%) {28.6%}
96  ... 
98  ---O                                                                      (3 = 42.9%) {57.1%}
99  ... 

Histogram: CPU.Experimental.EstimatedFrequencyAsPercentOfLimit.Performance recorded 7 samples, mean = 91.4 (flags = 0x41)
0    ... 
50   -O                                                                        (1 = 14.3%) {0.0%}
51   ... 
59   -O                                                                        (1 = 14.3%) {14.3%}
60   ... 
95   -O                                                                        (1 = 14.3%) {28.6%}
96   --O                                                                       (2 = 28.6%) {42.9%}
97   ... 
101  --O                                                                       (2 = 28.6%) {71.4%}

Histogram: CPU.Experimental.EstimatedFrequencyAsPercentOfMax.Performance recorded 7 samples, mean = 91.4 (flags = 0x41)
0    ... 
50   -O                                                                        (1 = 14.3%) {0.0%}
51   ... 
59   -O                                                                        (1 = 14.3%) {14.3%}
60   ... 
95   -O                                                                        (1 = 14.3%) {28.6%}
96   --O                                                                       (2 = 28.6%) {42.9%}
97   ... 
101  --O                                                                       (2 = 28.6%) {71.4%}

Histogram: CertificateType2.BR.Intermediate.ECDSA recorded 7 samples, mean = 292.6 (flags = 0x41)
0    ... 
256  -----O                                                                    (5 = 71.4%) {0.0%}
257  ... 
384  --O                                                                       (2 = 28.6%) {71.4%}
385  ... 

Histogram: CertificateType2.BR.Intermediate.RSA recorded 9 samples, mean = 2048.0 (flags = 0x41)
0     ... 
2048  ---------O                                                                (9 = 100.0%) {0.0%}
2049  ... 

Histogram: CertificateType2.BR.Leaf.ECDSA recorded 12 samples, mean = 256.0 (flags = 0x41)
0    ... 
256  ------------O                                                             (12 = 100.0%) {0.0%}
257  ... 

Histogram: CertificateType2.BR.Leaf.RSA recorded 3 samples, mean = 2048.0 (flags = 0x41)
0     ... 
2048  ---O                                                                      (3 = 100.0%) {0.0%}
2049  ... 

Histogram: CertificateType2.BR.Root.ECDSA recorded 6 samples, mean = 384.0 (flags = 0x41)
0    ... 
384  ------O                                                                   (6 = 100.0%) {0.0%}
385  ... 

Histogram: CertificateType2.BR.Root.RSA recorded 9 samples, mean = 3413.3 (flags = 0x41)
0     ... 
2048  ---O                                                                      (3 = 33.3%) {0.0%}
2049  ... 
4096  ------O                                                                   (6 = 66.7%) {33.3%}
4097  ... 

Histogram: ChildProcess.Launched.UtilityProcessHash recorded 3 samples (flags = 0x41)
-2043041185 -O                                                                        (1 = 33.3%)
-1468742076 -O                                                                        (1 = 33.3%)
1411170475  -O                                                                        (1 = 33.3%)

Histogram: ChildProcess.ProcessLifetime.Utility recorded 3 samples, mean = 1471816.4 (flags = 0x41)
0        ... 
398      -O                                                                        (1 = 33.3%) {0.0%}
539      ... 
1961199  --O                                                                       (2 = 66.7%) {33.3%}
2657126  ... 

Histogram: Chrome.ProcessSingleton.NotifyResult recorded 1 samples, mean = 0.0 (flags = 0x41)
0  -O                                                                        (1 = 100.0%)
1  ... 

Histogram: Chrome.ProcessSingleton.TimeToCreate recorded 1 samples, mean = 0.0 (flags = 0x41)
0  -O                                                                        (1 = 100.0%)
10 ... 

Histogram: Chrome.SystemNetworkContextManager.NetworkSandboxState recorded 4 samples, mean = 0.0 (flags = 0x41)
0  ----O                                                                     (4 = 100.0%)
1  ... 

Histogram: ChromeElf.Beacon.SetupStatus recorded 2 samples, mean = 2.5 (flags = 0x41)
0  -O                                                                        (1 = 50.0%)
1  ... 
5  -O                                                                        (1 = 50.0%) {50.0%}
6  O                                                                         (0 = 0.0%) {100.0%}

Histogram: ChromeElf.ExtensionPoint.EnableState recorded 1 samples, mean = 1.0 (flags = 0x41)
0  O                                                                         (0 = 0.0%)
1  -O                                                                        (1 = 100.0%) {0.0%}
2  O                                                                         (0 = 0.0%) {100.0%}

Histogram: ClientHints.CriticalCHRestart recorded 1 samples, mean = 0.0 (flags = 0x41)
0  -O                                                                        (1 = 100.0%)
1  ... 

Histogram: ClientHints.FetchLatency_PrefRead recorded 5 samples, mean = 11.0 (flags = 0x41)
0   ... 
4   -O                                                                        (1 = 20.0%) {0.0%}
6   O                                                                         (0 = 0.0%) {20.0%}
8   ---O                                                                      (3 = 60.0%) {20.0%}
11  ... 
21  -O                                                                        (1 = 20.0%) {80.0%}
29  ... 

Histogram: ClientHints.FetchLatency_PrerenderHost recorded 5 samples, mean = 34.0 (flags = 0x41)
0    ----O                                                                     (4 = 80.0%)
1    ... 
146  -O                                                                        (1 = 20.0%) {80.0%}
203  ... 

Histogram: ClientHints.FetchLatency_Total recorded 5 samples, mean = 45.0 (flags = 0x41)
0    ... 
4    -O                                                                        (1 = 20.0%) {0.0%}
6    O                                                                         (0 = 0.0%) {20.0%}
8    ---O                                                                      (3 = 60.0%) {20.0%}
11   ... 
146  -O                                                                        (1 = 20.0%) {80.0%}
203  ... 

Histogram: ComponentUpdater.Calls recorded 1 samples, mean = 1.0 (flags = 0x41)
0  O                                                                         (0 = 0.0%)
1  -O                                                                        (1 = 100.0%) {0.0%}
2  O                                                                         (0 = 0.0%) {100.0%}

Histogram: ComponentUpdater.UpdateCompleteError recorded 1 samples, mean = 0.0 (flags = 0x41)
0  -O                                                                        (1 = 100.0%)
1  ... 

Histogram: ComponentUpdater.UpdateCompleteResult recorded 1 samples, mean = 0.0 (flags = 0x41)
0  -O                                                                        (1 = 100.0%)
1  ... 

Histogram: ComponentUpdater.UpdateCompleteTime recorded 1 samples, mean = 1001.0 (flags = 0x41)
0    ... 
878  -O                                                                        (1 = 100.0%) {0.0%}
1013 ... 

Histogram: Compositing.Browser.CompositorFrame.Quads recorded 4 samples, mean = 1.0 (flags = 0x41)
0  O                                                                         (0 = 0.0%)
1  ----O                                                                     (4 = 100.0%) {0.0%}
2  ... 

Histogram: Compositing.Browser.LayerTreeImpl.CalculateDrawPropertiesUs recorded 5 samples, mean = 42.0 (flags = 0x41)
0    ... 
5    -O                                                                        (1 = 20.0%) {0.0%}
7    O                                                                         (0 = 0.0%) {20.0%}
9    ---O                                                                      (3 = 60.0%) {20.0%}
12   ... 
149  -O                                                                        (1 = 20.0%) {80.0%}
196  ... 

Histogram: Compositing.Browser.LayersUpdateTime recorded 5 samples, mean = 151.0 (flags = 0x41)
0    ... 
8    --O                                                                       (2 = 40.0%) {0.0%}
11   O                                                                         (0 = 0.0%) {40.0%}
15   -O                                                                        (1 = 20.0%) {40.0%}
21   -O                                                                        (1 = 20.0%) {60.0%}
29   ... 
542  -O                                                                        (1 = 20.0%) {80.0%}
752  ... 

Histogram: Compositing.ColorGamut recorded 5 samples, mean = 0.0 (flags = 0x41)
0  -----O                                                                    (5 = 100.0%)
1  ... 

Histogram: Compositing.DidMainThreadBlockDuringCommit recorded 5 samples, mean = 0.2 (flags = 0x41)
0  ----O                                                                     (4 = 80.0%)
1  -O                                                                        (1 = 20.0%) {80.0%}
2  O                                                                         (0 = 0.0%) {100.0%}

Histogram: Compositing.DirectRenderer.OverlayProcessingUs recorded 5 samples, mean = 0.2 (flags = 0x41)
0  -----O                                                                    (5 = 100.0%)
5  ... 

Histogram: Compositing.DirectRenderer.PartialSwap.ExtraDamage recorded 5 samples, mean = 0.0 (flags = 0x41)
0  -----O                                                                    (5 = 100.0%)
1  ... 

Histogram: Compositing.DirectRenderer.PartialSwap.FrameBufferDamage recorded 5 samples, mean = 0.0 (flags = 0x41)
0  -----O                                                                    (5 = 100.0%)
1  ... 

Histogram: Compositing.DirectRenderer.PartialSwap.RootDamage recorded 5 samples, mean = 100.0 (flags = 0x41)
0    ... 
100  -----O                                                                    (5 = 100.0%) {0.0%}
101  O                                                                         (0 = 0.0%) {100.0%}

Histogram: Compositing.DirectRenderer.PartialSwap.TotalDamage recorded 5 samples, mean = 100.0 (flags = 0x41)
0    ... 
100  -----O                                                                    (5 = 100.0%) {0.0%}
101  O                                                                         (0 = 0.0%) {100.0%}

Histogram: Compositing.DirectRenderer.SkipAllNonRootRenderPassesPerFrame recorded 2 samples, mean = 0.0 (flags = 0x41)
0  --O                                                                       (2 = 100.0%)
1  ... 

Histogram: Compositing.DirectRenderer.SkipNonRootRenderPass recorded 2 samples, mean = 0.0 (flags = 0x41)
0  --O                                                                       (2 = 100.0%)
1  ... 

Histogram: Compositing.DirectRenderer.TotalPixelsRendered recorded 5 samples, mean = 1.4 (flags = 0x41)
0  O                                                                         (0 = 0.0%)
1  ---O                                                                      (3 = 60.0%) {0.0%}
2  --O                                                                       (2 = 40.0%) {60.0%}
3  ... 

Histogram: Compositing.Display.Draw.Occlusion.Calculation.Time recorded 5 samples, mean = 5.2 (flags = 0x41)
0   O                                                                         (0 = 0.0%)
1   --O                                                                       (2 = 40.0%) {0.0%}
2   ... 
4   -O                                                                        (1 = 20.0%) {40.0%}
5   ... 
8   -O                                                                        (1 = 20.0%) {60.0%}
9   ... 
12  -O                                                                        (1 = 20.0%) {80.0%}
14  ... 

Histogram: Compositing.Display.Draw.Quads recorded 5 samples, mean = 1.8 (flags = 0x41)
0  O                                                                         (0 = 0.0%)
1  ---O                                                                      (3 = 60.0%) {0.0%}
2  O                                                                         (0 = 0.0%) {60.0%}
3  --O                                                                       (2 = 40.0%) {60.0%}
4  ... 

Histogram: Compositing.Display.DrawToSwapUs recorded 5 samples, mean = 10110.0 (flags = 0x41)
0      ... 
490    -O                                                                        (1 = 20.0%) {0.0%}
594    -O                                                                        (1 = 20.0%) {20.0%}
720    O                                                                         (0 = 0.0%) {40.0%}
873    -O                                                                        (1 = 20.0%) {40.0%}
1059   ... 
7277   -O                                                                        (1 = 20.0%) {60.0%}
8824   ... 
34007  -O                                                                        (1 = 20.0%) {80.0%}
41235  ... 

Histogram: Compositing.Display.FlattenedRenderPassCount recorded 5 samples, mean = 1.4 (flags = 0x41)
0  O                                                                         (0 = 0.0%)
1  ---O                                                                      (3 = 60.0%) {0.0%}
2  --O                                                                       (2 = 40.0%) {60.0%}
3  ... 

Histogram: Compositing.Display.PendingSwaps recorded 5 samples, mean = 1.0 (flags = 0x41)
0  O                                                                         (0 = 0.0%)
1  -----O                                                                    (5 = 100.0%) {0.0%}
2  ... 

Histogram: Compositing.Display.VizDependencyResolvedToGpuStartedDrawUs recorded 5 samples, mean = 34.4 (flags = 0x41)
0   ... 
22  -O                                                                        (1 = 20.0%) {0.0%}
27  -O                                                                        (1 = 20.0%) {20.0%}
33  --O                                                                       (2 = 40.0%) {40.0%}
40  O                                                                         (0 = 0.0%) {80.0%}
49  -O                                                                        (1 = 20.0%) {80.0%}
59  ... 

Histogram: Compositing.Display.VizScheduledDrawToDependencyResolvedUs recorded 5 samples, mean = 2.2 (flags = 0x41)
0  -----O                                                                    (5 = 100.0%)
5  ... 

Histogram: Compositing.Display.VizScheduledDrawToGpuStartedDrawUs recorded 5 samples, mean = 36.6 (flags = 0x41)
0   ... 
22  -O                                                                        (1 = 20.0%) {0.0%}
27  O                                                                         (0 = 0.0%) {20.0%}
33  ---O                                                                      (3 = 60.0%) {20.0%}
40  O                                                                         (0 = 0.0%) {80.0%}
49  -O                                                                        (1 = 20.0%) {80.0%}
59  ... 

Histogram: Compositing.MainThreadBlockedDuringCommitTime recorded 1 samples, mean = 4.0 (flags = 0x41)
0  ... 
4  -O                                                                        (1 = 100.0%) {0.0%}
6  ... 

Histogram: Compositing.Renderer.CompositorFrame.Quads recorded 1 samples, mean = 2.0 (flags = 0x41)
0  ... 
2  -O                                                                        (1 = 100.0%) {0.0%}
3  ... 

Histogram: Compositing.Renderer.LayersUpdateTime recorded 4 samples, mean = 100.0 (flags = 0x41)
0    ... 
8    -O                                                                        (1 = 25.0%) {0.0%}
11   --O                                                                       (2 = 50.0%) {25.0%}
15   ... 
282  -O                                                                        (1 = 25.0%) {75.0%}
391  ... 

Histogram: Compositing.Renderer.NumRenderSurfaces recorded 7 samples, mean = 1.0 (flags = 0x41)
0  O                                                                         (0 = 0.0%)
1  -------O                                                                  (7 = 100.0%) {0.0%}
2  ... 

Histogram: Compositing.SurfaceAggregator.AggregateUs recorded 5 samples, mean = 7825.4 (flags = 0x41)
0      ... 
28     ---O                                                                      (3 = 60.0%) {0.0%}
37     ... 
777    -O                                                                        (1 = 20.0%) {60.0%}
1023   ... 
36699  -O                                                                        (1 = 20.0%) {80.0%}
48336  ... 

Histogram: Compositing.SurfaceAggregator.CopiedSurfaceCount recorded 5 samples, mean = 1.4 (flags = 0x41)
0  O                                                                         (0 = 0.0%)
1  ---O                                                                      (3 = 60.0%) {0.0%}
2  --O                                                                       (2 = 40.0%) {60.0%}
3  ... 

Histogram: Compositing.SurfaceAggregator.CopyUs recorded 5 samples, mean = 84.8 (flags = 0x41)
0    ... 
7    -O                                                                        (1 = 20.0%) {0.0%}
8    -O                                                                        (1 = 20.0%) {20.0%}
9    ... 
13   -O                                                                        (1 = 20.0%) {40.0%}
15   ... 
166  -O                                                                        (1 = 20.0%) {60.0%}
194  O                                                                         (0 = 0.0%) {80.0%}
227  -O                                                                        (1 = 20.0%) {80.0%}
266  ... 

Histogram: Compositing.SurfaceAggregator.HasCopyRequestsPerFrame recorded 5 samples, mean = 0.2 (flags = 0x41)
0  ----O                                                                     (4 = 80.0%)
1  -O                                                                        (1 = 20.0%) {80.0%}
2  O                                                                         (0 = 0.0%) {100.0%}

Histogram: Compositing.SurfaceAggregator.HasPixelMovingBackdropFiltersPerFrame recorded 5 samples, mean = 0.0 (flags = 0x41)
0  -----O                                                                    (5 = 100.0%)
1  ... 

Histogram: Compositing.SurfaceAggregator.HasPixelMovingFiltersPerFrame recorded 5 samples, mean = 0.0 (flags = 0x41)
0  -----O                                                                    (5 = 100.0%)
1  ... 

Histogram: Compositing.SurfaceAggregator.HasUnembeddedRenderPassesPerFrame recorded 5 samples, mean = 0.0 (flags = 0x41)
0  -----O                                                                    (5 = 100.0%)
1  ... 

Histogram: Compositing.SurfaceAggregator.PrewalkUs recorded 5 samples, mean = 7626.8 (flags = 0x41)
0      ... 
13     -O                                                                        (1 = 20.0%) {0.0%}
15     -O                                                                        (1 = 20.0%) {20.0%}
18     O                                                                         (0 = 0.0%) {40.0%}
21     -O                                                                        (1 = 20.0%) {40.0%}
25     ... 
194    -O                                                                        (1 = 20.0%) {60.0%}
227    ... 
10000  -O                                                                        (1 = 20.0%) {80.0%}

Histogram: Compositing.SurfaceAggregator.PrewalkedSurfaceCount recorded 5 samples, mean = 1.4 (flags = 0x41)
0  O                                                                         (0 = 0.0%)
1  ---O                                                                      (3 = 60.0%) {0.0%}
2  --O                                                                       (2 = 40.0%) {60.0%}
3  ... 

Histogram: Compositing.SurfaceManager.MarkForDestructionToDestroy recorded 1 samples, mean = 3.0 (flags = 0x41)
0  ... 
3  -O                                                                        (1 = 100.0%) {0.0%}
4  ... 

Histogram: Compositing.TileManager.EnoughMemory.Renderer recorded 1 samples, mean = 1.0 (flags = 0x41)
0  O                                                                         (0 = 0.0%)
1  -O                                                                        (1 = 100.0%) {0.0%}
2  O                                                                         (0 = 0.0%) {100.0%}

Histogram: Content.Classification.OpenGraph recorded 1 samples, mean = 4.0 (flags = 0x41)
0  ... 
4  -O                                                                        (1 = 100.0%) {0.0%}
5  ... 

Histogram: ContentSettings.AllowStorageAccessSync recorded 4 samples, mean = 0.0 (flags = 0x41)
0  ----O                                                                     (4 = 100.0%)
1  ... 

Histogram: ContentSettings.GetContentSetting.Network.Duration recorded 403 samples, mean = 0.5 (flags = 0x41)
0  ------------------------------------------------------------------------O (273 = 67.7%)
1  -------------------------O                                                (96 = 23.8%) {67.7%}
2  -----O                                                                    (18 = 4.5%) {91.6%}
3  ---O                                                                      (13 = 3.2%) {96.0%}
4  -O                                                                        (2 = 0.5%) {99.3%}
5  O                                                                         (1 = 0.2%) {99.8%}
7  ... 

Histogram: ContentSettings.GetCookieSettingInternal.Duration recorded 187 samples, mean = 5.3 (flags = 0x41)
0   --O                                                                       (2 = 1.1%)
1   ------------------------------------------------------------------------O (77 = 41.2%) {1.1%}
2   -----------------------------------------O                                (44 = 23.5%) {42.2%}
3   -------O                                                                  (8 = 4.3%) {65.8%}
4   -----O                                                                    (5 = 2.7%) {70.1%}
5   ---------O                                                                (10 = 5.3%) {72.7%}
7   ----------O                                                               (11 = 5.9%) {78.1%}
9   ------O                                                                   (6 = 3.2%) {84.0%}
12  ---O                                                                      (3 = 1.6%) {87.2%}
16  ----------O                                                               (11 = 5.9%) {88.8%}
21  ------O                                                                   (6 = 3.2%) {94.7%}
28  O                                                                         (0 = 0.0%) {97.9%}
37  --O                                                                       (2 = 1.1%) {97.9%}
49  --O                                                                       (2 = 1.1%) {98.9%}
65  ... 

Histogram: ContentSettings.NumberOfExceptions recorded 1 samples, mean = 4.0 (flags = 0x41)
0  ... 
4  -O                                                                        (1 = 100.0%) {0.0%}
5  ... 

Histogram: ContentSettings.Popups.StrongBlockerActions recorded 1 samples, mean = 0.0 (flags = 0x41)
0  -O                                                                        (1 = 100.0%)
1  ... 

Histogram: ContentSettings.RegularProfile.DefaultAutoVerifySetting recorded 1 samples, mean = 1.0 (flags = 0x41)
0  O                                                                         (0 = 0.0%)
1  -O                                                                        (1 = 100.0%) {0.0%}
2  ... 

Histogram: ContentSettings.RegularProfile.DefaultAutoplaySetting recorded 1 samples, mean = 1.0 (flags = 0x41)
0  O                                                                         (0 = 0.0%)
1  -O                                                                        (1 = 100.0%) {0.0%}
2  ... 

Histogram: ContentSettings.RegularProfile.DefaultBackgroundSyncSetting recorded 1 samples, mean = 1.0 (flags = 0x41)
0  O                                                                         (0 = 0.0%)
1  -O                                                                        (1 = 100.0%) {0.0%}
2  ... 

Histogram: ContentSettings.RegularProfile.DefaultCookiesSetting recorded 1 samples, mean = 1.0 (flags = 0x41)
0  O                                                                         (0 = 0.0%)
1  -O                                                                        (1 = 100.0%) {0.0%}
2  ... 

Histogram: ContentSettings.RegularProfile.DefaultIdleDetectionSetting recorded 1 samples, mean = 3.0 (flags = 0x41)
0  ... 
3  -O                                                                        (1 = 100.0%) {0.0%}
4  ... 

Histogram: ContentSettings.RegularProfile.DefaultImagesSetting recorded 1 samples, mean = 1.0 (flags = 0x41)
0  O                                                                         (0 = 0.0%)
1  -O                                                                        (1 = 100.0%) {0.0%}
2  ... 

Histogram: ContentSettings.RegularProfile.DefaultJavaScriptSetting recorded 1 samples, mean = 1.0 (flags = 0x41)
0  O                                                                         (0 = 0.0%)
1  -O                                                                        (1 = 100.0%) {0.0%}
2  ... 

Histogram: ContentSettings.RegularProfile.DefaultLocationSetting recorded 1 samples, mean = 3.0 (flags = 0x41)
0  ... 
3  -O                                                                        (1 = 100.0%) {0.0%}
4  ... 

Histogram: ContentSettings.RegularProfile.DefaultMIDISysExSetting recorded 1 samples, mean = 3.0 (flags = 0x41)
0  ... 
3  -O                                                                        (1 = 100.0%) {0.0%}
4  ... 

Histogram: ContentSettings.RegularProfile.DefaultMediaStreamCameraSetting recorded 1 samples, mean = 3.0 (flags = 0x41)
0  ... 
3  -O                                                                        (1 = 100.0%) {0.0%}
4  ... 

Histogram: ContentSettings.RegularProfile.DefaultMediaStreamMicSetting recorded 1 samples, mean = 3.0 (flags = 0x41)
0  ... 
3  -O                                                                        (1 = 100.0%) {0.0%}
4  ... 

Histogram: ContentSettings.RegularProfile.DefaultNotificationsSetting recorded 1 samples, mean = 3.0 (flags = 0x41)
0  ... 
3  -O                                                                        (1 = 100.0%) {0.0%}
4  ... 

Histogram: ContentSettings.RegularProfile.DefaultPopupsSetting recorded 1 samples, mean = 2.0 (flags = 0x41)
0  ... 
2  -O                                                                        (1 = 100.0%) {0.0%}
3  ... 

Histogram: ContentSettings.RegularProfile.DefaultSoundSetting recorded 1 samples, mean = 1.0 (flags = 0x41)
0  O                                                                         (0 = 0.0%)
1  -O                                                                        (1 = 100.0%) {0.0%}
2  ... 

Histogram: ContentSettings.RegularProfile.DefaultStorageAccessSetting recorded 1 samples, mean = 3.0 (flags = 0x41)
0  ... 
3  -O                                                                        (1 = 100.0%) {0.0%}
4  ... 

Histogram: ContentSettings.RegularProfile.DefaultSubresourceFilterSetting recorded 1 samples, mean = 2.0 (flags = 0x41)
0  ... 
2  -O                                                                        (1 = 100.0%) {0.0%}
3  ... 

Histogram: ContentSettings.RegularProfile.DefaultUsbGuardSetting recorded 1 samples, mean = 3.0 (flags = 0x41)
0  ... 
3  -O                                                                        (1 = 100.0%) {0.0%}
4  ... 

Histogram: ContentSettings.RegularProfile.DefaultWebBluetoothGuardSetting recorded 1 samples, mean = 3.0 (flags = 0x41)
0  ... 
3  -O                                                                        (1 = 100.0%) {0.0%}
4  ... 

Histogram: ContentSettings.RegularProfile.Exceptions.3pcd-heuristics-grants recorded 1 samples, mean = 0.0 (flags = 0x41)
0  -O                                                                        (1 = 100.0%)
1  ... 

Histogram: ContentSettings.RegularProfile.Exceptions.3pcd-support recorded 1 samples, mean = 0.0 (flags = 0x41)
0  -O                                                                        (1 = 100.0%)
1  ... 

Histogram: ContentSettings.RegularProfile.Exceptions.abusive-notification-permissions recorded 1 samples, mean = 0.0 (flags = 0x41)
0  -O                                                                        (1 = 100.0%)
1  ... 

Histogram: ContentSettings.RegularProfile.Exceptions.access-to-get-all-screens-media-in-session recorded 1 samples, mean = 0.0 (flags = 0x41)
0  -O                                                                        (1 = 100.0%)
1  ... 

Histogram: ContentSettings.RegularProfile.Exceptions.accessibility-events recorded 1 samples, mean = 0.0 (flags = 0x41)
0  -O                                                                        (1 = 100.0%)
1  ... 

Histogram: ContentSettings.RegularProfile.Exceptions.anti-abuse recorded 1 samples, mean = 0.0 (flags = 0x41)
0  -O                                                                        (1 = 100.0%)
1  ... 

Histogram: ContentSettings.RegularProfile.Exceptions.app-banner recorded 1 samples, mean = 0.0 (flags = 0x41)
0  -O                                                                        (1 = 100.0%)
1  ... 

Histogram: ContentSettings.RegularProfile.Exceptions.ar recorded 1 samples, mean = 0.0 (flags = 0x41)
0  -O                                                                        (1 = 100.0%)
1  ... 

Histogram: ContentSettings.RegularProfile.Exceptions.auto-picture-in-picture recorded 1 samples, mean = 0.0 (flags = 0x41)
0  -O                                                                        (1 = 100.0%)
1  ... 

Histogram: ContentSettings.RegularProfile.Exceptions.auto-select-certificate recorded 1 samples, mean = 0.0 (flags = 0x41)
0  -O                                                                        (1 = 100.0%)
1  ... 

Histogram: ContentSettings.RegularProfile.Exceptions.automatic-downloads recorded 1 samples, mean = 0.0 (flags = 0x41)
0  -O                                                                        (1 = 100.0%)
1  ... 

Histogram: ContentSettings.RegularProfile.Exceptions.automatic-fullscreen recorded 1 samples, mean = 0.0 (flags = 0x41)
0  -O                                                                        (1 = 100.0%)
1  ... 

Histogram: ContentSettings.RegularProfile.Exceptions.autoplay recorded 1 samples, mean = 0.0 (flags = 0x41)
0  -O                                                                        (1 = 100.0%)
1  ... 

Histogram: ContentSettings.RegularProfile.Exceptions.background-sync recorded 1 samples, mean = 0.0 (flags = 0x41)
0  -O                                                                        (1 = 100.0%)
1  ... 

Histogram: ContentSettings.RegularProfile.Exceptions.bluetooth-chooser-data recorded 1 samples, mean = 0.0 (flags = 0x41)
0  -O                                                                        (1 = 100.0%)
1  ... 

Histogram: ContentSettings.RegularProfile.Exceptions.bluetooth-guard recorded 1 samples, mean = 0.0 (flags = 0x41)
0  -O                                                                        (1 = 100.0%)
1  ... 

Histogram: ContentSettings.RegularProfile.Exceptions.bluetooth-scanning recorded 1 samples, mean = 0.0 (flags = 0x41)
0  -O                                                                        (1 = 100.0%)
1  ... 

Histogram: ContentSettings.RegularProfile.Exceptions.camera-pan-tilt-zoom recorded 1 samples, mean = 0.0 (flags = 0x41)
0  -O                                                                        (1 = 100.0%)
1  ... 

Histogram: ContentSettings.RegularProfile.Exceptions.captured-surface-control recorded 1 samples, mean = 0.0 (flags = 0x41)
0  -O                                                                        (1 = 100.0%)
1  ... 

Histogram: ContentSettings.RegularProfile.Exceptions.client-hints recorded 1 samples, mean = 1.0 (flags = 0x41)
0  O                                                                         (0 = 0.0%)
1  -O                                                                        (1 = 100.0%) {0.0%}
2  ... 

Histogram: ContentSettings.RegularProfile.Exceptions.clipboard recorded 1 samples, mean = 0.0 (flags = 0x41)
0  -O                                                                        (1 = 100.0%)
1  ... 

Histogram: ContentSettings.RegularProfile.Exceptions.cookie-controls-metadata recorded 1 samples, mean = 0.0 (flags = 0x41)
0  -O                                                                        (1 = 100.0%)
1  ... 

Histogram: ContentSettings.RegularProfile.Exceptions.cookies recorded 1 samples, mean = 0.0 (flags = 0x41)
0  -O                                                                        (1 = 100.0%)
1  ... 

Histogram: ContentSettings.RegularProfile.Exceptions.cookies.Allow recorded 1 samples, mean = 0.0 (flags = 0x41)
0  -O                                                                        (1 = 100.0%)
1  ... 

Histogram: ContentSettings.RegularProfile.Exceptions.cookies.AllowThirdParty recorded 1 samples, mean = 0.0 (flags = 0x41)
0  -O                                                                        (1 = 100.0%)
1  ... 

Histogram: ContentSettings.RegularProfile.Exceptions.cookies.Block recorded 1 samples, mean = 0.0 (flags = 0x41)
0  -O                                                                        (1 = 100.0%)
1  ... 

Histogram: ContentSettings.RegularProfile.Exceptions.cookies.DomainWildcardAllowThirdParty recorded 1 samples, mean = 0.0 (flags = 0x41)
0  -O                                                                        (1 = 100.0%)
1  ... 

Histogram: ContentSettings.RegularProfile.Exceptions.cookies.SessionOnly recorded 1 samples, mean = 0.0 (flags = 0x41)
0  -O                                                                        (1 = 100.0%)
1  ... 

Histogram: ContentSettings.RegularProfile.Exceptions.cookies.TemporaryAllowThirdParty recorded 1 samples, mean = 0.0 (flags = 0x41)
0  -O                                                                        (1 = 100.0%)
1  ... 

Histogram: ContentSettings.RegularProfile.Exceptions.direct-sockets recorded 1 samples, mean = 0.0 (flags = 0x41)
0  -O                                                                        (1 = 100.0%)
1  ... 

Histogram: ContentSettings.RegularProfile.Exceptions.display-media-system-audio recorded 1 samples, mean = 0.0 (flags = 0x41)
0  -O                                                                        (1 = 100.0%)
1  ... 

Histogram: ContentSettings.RegularProfile.Exceptions.durable-storage recorded 1 samples, mean = 0.0 (flags = 0x41)
0  -O                                                                        (1 = 100.0%)
1  ... 

Histogram: ContentSettings.RegularProfile.Exceptions.fedcm-idp-registration recorded 1 samples, mean = 0.0 (flags = 0x41)
0  -O                                                                        (1 = 100.0%)
1  ... 

Histogram: ContentSettings.RegularProfile.Exceptions.fedcm-idp-signin recorded 1 samples, mean = 1.0 (flags = 0x41)
0  O                                                                         (0 = 0.0%)
1  -O                                                                        (1 = 100.0%) {0.0%}
2  ... 

Histogram: ContentSettings.RegularProfile.Exceptions.fedcm-share recorded 1 samples, mean = 0.0 (flags = 0x41)
0  -O                                                                        (1 = 100.0%)
1  ... 

Histogram: ContentSettings.RegularProfile.Exceptions.file-system-access-chooser-data recorded 1 samples, mean = 0.0 (flags = 0x41)
0  -O                                                                        (1 = 100.0%)
1  ... 

Histogram: ContentSettings.RegularProfile.Exceptions.file-system-access-extended-permission recorded 1 samples, mean = 0.0 (flags = 0x41)
0  -O                                                                        (1 = 100.0%)
1  ... 

Histogram: ContentSettings.RegularProfile.Exceptions.file-system-access-restore-permission recorded 1 samples, mean = 0.0 (flags = 0x41)
0  -O                                                                        (1 = 100.0%)
1  ... 

Histogram: ContentSettings.RegularProfile.Exceptions.file-system-last-picked-directory recorded 1 samples, mean = 0.0 (flags = 0x41)
0  -O                                                                        (1 = 100.0%)
1  ... 

Histogram: ContentSettings.RegularProfile.Exceptions.file-system-read-guard recorded 1 samples, mean = 0.0 (flags = 0x41)
0  -O                                                                        (1 = 100.0%)
1  ... 

Histogram: ContentSettings.RegularProfile.Exceptions.file-system-write-guard recorded 1 samples, mean = 0.0 (flags = 0x41)
0  -O                                                                        (1 = 100.0%)
1  ... 

Histogram: ContentSettings.RegularProfile.Exceptions.formfill-metadata recorded 1 samples, mean = 0.0 (flags = 0x41)
0  -O                                                                        (1 = 100.0%)
1  ... 

Histogram: ContentSettings.RegularProfile.Exceptions.geolocation recorded 1 samples, mean = 0.0 (flags = 0x41)
0  -O                                                                        (1 = 100.0%)
1  ... 

Histogram: ContentSettings.RegularProfile.Exceptions.hid-chooser-data recorded 1 samples, mean = 0.0 (flags = 0x41)
0  -O                                                                        (1 = 100.0%)
1  ... 

Histogram: ContentSettings.RegularProfile.Exceptions.hid-guard recorded 1 samples, mean = 0.0 (flags = 0x41)
0  -O                                                                        (1 = 100.0%)
1  ... 

Histogram: ContentSettings.RegularProfile.Exceptions.http-allowed recorded 1 samples, mean = 0.0 (flags = 0x41)
0  -O                                                                        (1 = 100.0%)
1  ... 

Histogram: ContentSettings.RegularProfile.Exceptions.https-enforced recorded 1 samples, mean = 0.0 (flags = 0x41)
0  -O                                                                        (1 = 100.0%)
1  ... 

Histogram: ContentSettings.RegularProfile.Exceptions.idle-detection recorded 1 samples, mean = 0.0 (flags = 0x41)
0  -O                                                                        (1 = 100.0%)
1  ... 

Histogram: ContentSettings.RegularProfile.Exceptions.images recorded 1 samples, mean = 0.0 (flags = 0x41)
0  -O                                                                        (1 = 100.0%)
1  ... 

Histogram: ContentSettings.RegularProfile.Exceptions.important-site-info recorded 1 samples, mean = 0.0 (flags = 0x41)
0  -O                                                                        (1 = 100.0%)
1  ... 

Histogram: ContentSettings.RegularProfile.Exceptions.insecure-private-network recorded 1 samples, mean = 0.0 (flags = 0x41)
0  -O                                                                        (1 = 100.0%)
1  ... 

Histogram: ContentSettings.RegularProfile.Exceptions.intent-picker-auto-display recorded 1 samples, mean = 0.0 (flags = 0x41)
0  -O                                                                        (1 = 100.0%)
1  ... 

Histogram: ContentSettings.RegularProfile.Exceptions.javascript recorded 1 samples, mean = 0.0 (flags = 0x41)
0  -O                                                                        (1 = 100.0%)
1  ... 

Histogram: ContentSettings.RegularProfile.Exceptions.javascript-jit recorded 1 samples, mean = 0.0 (flags = 0x41)
0  -O                                                                        (1 = 100.0%)
1  ... 

Histogram: ContentSettings.RegularProfile.Exceptions.javascript-optimizer recorded 1 samples, mean = 0.0 (flags = 0x41)
0  -O                                                                        (1 = 100.0%)
1  ... 

Histogram: ContentSettings.RegularProfile.Exceptions.keyboard-lock recorded 1 samples, mean = 0.0 (flags = 0x41)
0  -O                                                                        (1 = 100.0%)
1  ... 

Histogram: ContentSettings.RegularProfile.Exceptions.legacy-cookie-access recorded 1 samples, mean = 0.0 (flags = 0x41)
0  -O                                                                        (1 = 100.0%)
1  ... 

Histogram: ContentSettings.RegularProfile.Exceptions.local-fonts recorded 1 samples, mean = 0.0 (flags = 0x41)
0  -O                                                                        (1 = 100.0%)
1  ... 

Histogram: ContentSettings.RegularProfile.Exceptions.media-engagement recorded 1 samples, mean = 1.0 (flags = 0x41)
0  O                                                                         (0 = 0.0%)
1  -O                                                                        (1 = 100.0%) {0.0%}
2  ... 

Histogram: ContentSettings.RegularProfile.Exceptions.media-stream-camera recorded 1 samples, mean = 0.0 (flags = 0x41)
0  -O                                                                        (1 = 100.0%)
1  ... 

Histogram: ContentSettings.RegularProfile.Exceptions.media-stream-mic recorded 1 samples, mean = 0.0 (flags = 0x41)
0  -O                                                                        (1 = 100.0%)
1  ... 

Histogram: ContentSettings.RegularProfile.Exceptions.midi-sysex recorded 1 samples, mean = 0.0 (flags = 0x41)
0  -O                                                                        (1 = 100.0%)
1  ... 

Histogram: ContentSettings.RegularProfile.Exceptions.mixed-script recorded 1 samples, mean = 0.0 (flags = 0x41)
0  -O                                                                        (1 = 100.0%)
1  ... 

Histogram: ContentSettings.RegularProfile.Exceptions.nfc-devices recorded 1 samples, mean = 0.0 (flags = 0x41)
0  -O                                                                        (1 = 100.0%)
1  ... 

Histogram: ContentSettings.RegularProfile.Exceptions.notification-interactions recorded 1 samples, mean = 0.0 (flags = 0x41)
0  -O                                                                        (1 = 100.0%)
1  ... 

Histogram: ContentSettings.RegularProfile.Exceptions.notification-permission-review recorded 1 samples, mean = 0.0 (flags = 0x41)
0  -O                                                                        (1 = 100.0%)
1  ... 

Histogram: ContentSettings.RegularProfile.Exceptions.notifications recorded 1 samples, mean = 0.0 (flags = 0x41)
0  -O                                                                        (1 = 100.0%)
1  ... 

Histogram: ContentSettings.RegularProfile.Exceptions.password-protection recorded 1 samples, mean = 0.0 (flags = 0x41)
0  -O                                                                        (1 = 100.0%)
1  ... 

Histogram: ContentSettings.RegularProfile.Exceptions.payment-handler recorded 1 samples, mean = 0.0 (flags = 0x41)
0  -O                                                                        (1 = 100.0%)
1  ... 

Histogram: ContentSettings.RegularProfile.Exceptions.permission-autoblocking-data recorded 1 samples, mean = 0.0 (flags = 0x41)
0  -O                                                                        (1 = 100.0%)
1  ... 

Histogram: ContentSettings.RegularProfile.Exceptions.permission-autorevocation-data recorded 1 samples, mean = 0.0 (flags = 0x41)
0  -O                                                                        (1 = 100.0%)
1  ... 

Histogram: ContentSettings.RegularProfile.Exceptions.pointer-lock recorded 1 samples, mean = 0.0 (flags = 0x41)
0  -O                                                                        (1 = 100.0%)
1  ... 

Histogram: ContentSettings.RegularProfile.Exceptions.popups recorded 1 samples, mean = 0.0 (flags = 0x41)
0  -O                                                                        (1 = 100.0%)
1  ... 

Histogram: ContentSettings.RegularProfile.Exceptions.popups.Allow recorded 1 samples, mean = 0.0 (flags = 0x41)
0  -O                                                                        (1 = 100.0%)
1  ... 

Histogram: ContentSettings.RegularProfile.Exceptions.popups.Block recorded 1 samples, mean = 0.0 (flags = 0x41)
0  -O                                                                        (1 = 100.0%)
1  ... 

Histogram: ContentSettings.RegularProfile.Exceptions.private-network-chooser-data recorded 1 samples, mean = 0.0 (flags = 0x41)
0  -O                                                                        (1 = 100.0%)
1  ... 

Histogram: ContentSettings.RegularProfile.Exceptions.private-network-guard recorded 1 samples, mean = 0.0 (flags = 0x41)
0  -O                                                                        (1 = 100.0%)
1  ... 

Histogram: ContentSettings.RegularProfile.Exceptions.protected-media-identifier recorded 1 samples, mean = 0.0 (flags = 0x41)
0  -O                                                                        (1 = 100.0%)
1  ... 

Histogram: ContentSettings.RegularProfile.Exceptions.protocol-handler recorded 1 samples, mean = 0.0 (flags = 0x41)
0  -O                                                                        (1 = 100.0%)
1  ... 

Histogram: ContentSettings.RegularProfile.Exceptions.reduced-accept-language recorded 1 samples, mean = 0.0 (flags = 0x41)
0  -O                                                                        (1 = 100.0%)
1  ... 

Histogram: ContentSettings.RegularProfile.Exceptions.safe-browsing-url-check-data recorded 1 samples, mean = 0.0 (flags = 0x41)
0  -O                                                                        (1 = 100.0%)
1  ... 

Histogram: ContentSettings.RegularProfile.Exceptions.sensors recorded 1 samples, mean = 0.0 (flags = 0x41)
0  -O                                                                        (1 = 100.0%)
1  ... 

Histogram: ContentSettings.RegularProfile.Exceptions.serial-chooser-data recorded 1 samples, mean = 0.0 (flags = 0x41)
0  -O                                                                        (1 = 100.0%)
1  ... 

Histogram: ContentSettings.RegularProfile.Exceptions.serial-guard recorded 1 samples, mean = 0.0 (flags = 0x41)
0  -O                                                                        (1 = 100.0%)
1  ... 

Histogram: ContentSettings.RegularProfile.Exceptions.site-engagement recorded 1 samples, mean = 1.0 (flags = 0x41)
0  O                                                                         (0 = 0.0%)
1  -O                                                                        (1 = 100.0%) {0.0%}
2  ... 

Histogram: ContentSettings.RegularProfile.Exceptions.sound recorded 1 samples, mean = 0.0 (flags = 0x41)
0  -O                                                                        (1 = 100.0%)
1  ... 

Histogram: ContentSettings.RegularProfile.Exceptions.speaker-selection recorded 1 samples, mean = 0.0 (flags = 0x41)
0  -O                                                                        (1 = 100.0%)
1  ... 

Histogram: ContentSettings.RegularProfile.Exceptions.ssl-cert-decisions recorded 1 samples, mean = 0.0 (flags = 0x41)
0  -O                                                                        (1 = 100.0%)
1  ... 

Histogram: ContentSettings.RegularProfile.Exceptions.storage-access recorded 1 samples, mean = 0.0 (flags = 0x41)
0  -O                                                                        (1 = 100.0%)
1  ... 

Histogram: ContentSettings.RegularProfile.Exceptions.storage-access-header-origin-trial recorded 1 samples, mean = 0.0 (flags = 0x41)
0  -O                                                                        (1 = 100.0%)
1  ... 

Histogram: ContentSettings.RegularProfile.Exceptions.storage-access.Allow recorded 1 samples, mean = 0.0 (flags = 0x41)
0  -O                                                                        (1 = 100.0%)
1  ... 

Histogram: ContentSettings.RegularProfile.Exceptions.storage-access.Ask recorded 1 samples, mean = 0.0 (flags = 0x41)
0  -O                                                                        (1 = 100.0%)
1  ... 

Histogram: ContentSettings.RegularProfile.Exceptions.storage-access.Block recorded 1 samples, mean = 0.0 (flags = 0x41)
0  -O                                                                        (1 = 100.0%)
1  ... 

Histogram: ContentSettings.RegularProfile.Exceptions.storage-access.MaxRequester recorded 1 samples, mean = 0.0 (flags = 0x41)
0  -O                                                                        (1 = 100.0%)
1  ... 

Histogram: ContentSettings.RegularProfile.Exceptions.storage-access.MaxTopLevel recorded 1 samples, mean = 0.0 (flags = 0x41)
0  -O                                                                        (1 = 100.0%)
1  ... 

Histogram: ContentSettings.RegularProfile.Exceptions.subresource-filter recorded 1 samples, mean = 0.0 (flags = 0x41)
0  -O                                                                        (1 = 100.0%)
1  ... 

Histogram: ContentSettings.RegularProfile.Exceptions.subresource-filter-data recorded 1 samples, mean = 0.0 (flags = 0x41)
0  -O                                                                        (1 = 100.0%)
1  ... 

Histogram: ContentSettings.RegularProfile.Exceptions.subresource-filter.Allow recorded 1 samples, mean = 0.0 (flags = 0x41)
0  -O                                                                        (1 = 100.0%)
1  ... 

Histogram: ContentSettings.RegularProfile.Exceptions.subresource-filter.Block recorded 1 samples, mean = 0.0 (flags = 0x41)
0  -O                                                                        (1 = 100.0%)
1  ... 

Histogram: ContentSettings.RegularProfile.Exceptions.third-party-storage-partitioning recorded 1 samples, mean = 0.0 (flags = 0x41)
0  -O                                                                        (1 = 100.0%)
1  ... 

Histogram: ContentSettings.RegularProfile.Exceptions.top-level-3pcd-origin-trial recorded 1 samples, mean = 0.0 (flags = 0x41)
0  -O                                                                        (1 = 100.0%)
1  ... 

Histogram: ContentSettings.RegularProfile.Exceptions.top-level-3pcd-support recorded 1 samples, mean = 0.0 (flags = 0x41)
0  -O                                                                        (1 = 100.0%)
1  ... 

Histogram: ContentSettings.RegularProfile.Exceptions.top-level-storage-access recorded 1 samples, mean = 0.0 (flags = 0x41)
0  -O                                                                        (1 = 100.0%)
1  ... 

Histogram: ContentSettings.RegularProfile.Exceptions.tracking-protection recorded 1 samples, mean = 0.0 (flags = 0x41)
0  -O                                                                        (1 = 100.0%)
1  ... 

Histogram: ContentSettings.RegularProfile.Exceptions.tracking-protection.Allow recorded 1 samples, mean = 0.0 (flags = 0x41)
0  -O                                                                        (1 = 100.0%)
1  ... 

Histogram: ContentSettings.RegularProfile.Exceptions.tracking-protection.Block recorded 1 samples, mean = 0.0 (flags = 0x41)
0  -O                                                                        (1 = 100.0%)
1  ... 

Histogram: ContentSettings.RegularProfile.Exceptions.unused-site-permissions recorded 1 samples, mean = 0.0 (flags = 0x41)
0  -O                                                                        (1 = 100.0%)
1  ... 

Histogram: ContentSettings.RegularProfile.Exceptions.usb-chooser-data recorded 1 samples, mean = 0.0 (flags = 0x41)
0  -O                                                                        (1 = 100.0%)
1  ... 

Histogram: ContentSettings.RegularProfile.Exceptions.usb-guard recorded 1 samples, mean = 0.0 (flags = 0x41)
0  -O                                                                        (1 = 100.0%)
1  ... 

Histogram: ContentSettings.RegularProfile.Exceptions.vr recorded 1 samples, mean = 0.0 (flags = 0x41)
0  -O                                                                        (1 = 100.0%)
1  ... 

Histogram: ContentSettings.RegularProfile.Exceptions.webid-api recorded 1 samples, mean = 0.0 (flags = 0x41)
0  -O                                                                        (1 = 100.0%)
1  ... 

Histogram: ContentSettings.RegularProfile.Exceptions.webid-auto-reauthn recorded 1 samples, mean = 0.0 (flags = 0x41)
0  -O                                                                        (1 = 100.0%)
1  ... 

Histogram: ContentSettings.RegularProfile.Exceptions.window-placement recorded 1 samples, mean = 0.0 (flags = 0x41)
0  -O                                                                        (1 = 100.0%)
1  ... 

Histogram: Conversions.DelayOnAttestationsLoaded recorded 1 samples, mean = 3833.0 (flags = 0x41)
0     ... 
3283  -O                                                                        (1 = 100.0%) {0.0%}
4219  ... 

Histogram: Cookie.ClockSkew.AddMinutes recorded 6 samples, mean = 0.0 (flags = 0x41)
0  ------O                                                                   (6 = 100.0%)
1  ... 

Histogram: Cookie.ClockSkew.AddMinutes12To24Hours recorded 6 samples, mean = 0.0 (flags = 0x41)
0  ------O                                                                   (6 = 100.0%)
720... 

Histogram: Cookie.ClockSkew.ExpiredWithoutSkew recorded 6 samples, mean = 0.0 (flags = 0x41)
0  ------O                                                                   (6 = 100.0%)
1  ... 

Histogram: Cookie.CookiePrefix recorded 6 samples, mean = 0.0 (flags = 0x41)
0  ------O                                                                   (6 = 100.0%)
1  ... 

Histogram: Cookie.CookieSchemeRequestScheme recorded 76 samples, mean = 2.0 (flags = 0x41)
0  ... 
2  ------------------------------------------------------------------------O (76 = 100.0%) {0.0%}
3  ... 

Histogram: Cookie.CookieSourceScheme recorded 6 samples, mean = 0.0 (flags = 0x41)
0  ------O                                                                   (6 = 100.0%)
1  ... 

Histogram: Cookie.CookieSourceSchemeName recorded 6 samples, mean = 14.0 (flags = 0x41)
0   ... 
14  ------O                                                                   (6 = 100.0%) {0.0%}
15  ... 

Histogram: Cookie.CrossSiteRedirectType.Read recorded 119 samples, mean = 1.0 (flags = 0x41)
0  O                                                                         (0 = 0.0%)
1  ------------------------------------------------------------------------O (119 = 100.0%) {0.0%}
2  ... 

Histogram: Cookie.CrossSiteRedirectType.Write recorded 6 samples, mean = 1.0 (flags = 0x41)
0  O                                                                         (0 = 0.0%)
1  ------O                                                                   (6 = 100.0%) {0.0%}
2  ... 

Histogram: Cookie.DaysSinceRefreshForRetrieval recorded 3 samples, mean = 9.0 (flags = 0x41)
0  ... 
9  ---O                                                                      (3 = 100.0%) {0.0%}
10 ... 

Histogram: Cookie.DomainHasNonASCII recorded 6 samples, mean = 0.0 (flags = 0x41)
0  ------O                                                                   (6 = 100.0%)
1  ... 

Histogram: Cookie.DomainSet recorded 6 samples, mean = 1.0 (flags = 0x41)
0  O                                                                         (0 = 0.0%)
1  ------O                                                                   (6 = 100.0%) {0.0%}
2  O                                                                         (0 = 0.0%) {100.0%}

Histogram: Cookie.DoubleUnderscorePrefixedName recorded 6 samples, mean = 0.8 (flags = 0x41)
0  -O                                                                        (1 = 16.7%)
1  -----O                                                                    (5 = 83.3%) {16.7%}
2  O                                                                         (0 = 0.0%) {100.0%}

Histogram: Cookie.ExpirationDuration400DaysLTE recorded 6 samples, mean = 60.8 (flags = 0x41)
0    -----O                                                                    (5 = 83.3%)
1    ... 
364  -O                                                                        (1 = 16.7%) {83.3%}
400  O                                                                         (0 = 0.0%) {100.0%}

Histogram: Cookie.ExpirationDurationMinutesSecure recorded 6 samples, mean = 87625.0 (flags = 0x41)
0       ... 
26      -----O                                                                    (5 = 83.3%) {0.0%}
36      ... 
429766  -O                                                                        (1 = 16.7%) {83.3%}
587706  ... 

Histogram: Cookie.FirstPartyPartitioned.HasCrossSiteAncestor recorded 43 samples, mean = 0.0 (flags = 0x41)
0  -------------------------------------------O                              (43 = 100.0%)
1  ... 

Histogram: Cookie.FirstPartySets.Browser.DelayedQueriesCount recorded 1 samples, mean = 2.0 (flags = 0x41)
0  ... 
2  -O                                                                        (1 = 100.0%) {0.0%}
3  ... 

Histogram: Cookie.FirstPartySets.Browser.MostDelayedQueryDelta recorded 1 samples, mean = 7716.0 (flags = 0x41)
0     ... 
7083  -O                                                                        (1 = 100.0%) {0.0%}
8416  ... 

Histogram: Cookie.FirstPartySets.ComponentSetsNonfatalErrors recorded 1 samples, mean = 0.0 (flags = 0x41)
0  -O                                                                        (1 = 100.0%)
1  ... 

Histogram: Cookie.FirstPartySets.ComponentSetsParsedSuccessfully recorded 1 samples, mean = 70.0 (flags = 0x41)
0   ... 
67  -O                                                                        (1 = 100.0%) {0.0%}
75  ... 

Histogram: Cookie.FirstPartySets.ContextDelayedQueriesCount recorded 1 samples, mean = 0.0 (flags = 0x41)
0  -O                                                                        (1 = 100.0%)
1  ... 

Histogram: Cookie.FirstPartySets.ContextMostDelayedQueryDelta recorded 1 samples, mean = 0.0 (flags = 0x41)
0  -O                                                                        (1 = 100.0%)
1  ... 

Histogram: Cookie.FirstPartySets.EnqueueingDelay.ContextConfig2 recorded 1 samples, mean = 7607.0 (flags = 0x41)
0     ... 
7083  -O                                                                        (1 = 100.0%) {0.0%}
8416  ... 

Histogram: Cookie.FirstPartySets.InitializationDuration.ContextReadyToServeQueries2 recorded 1 samples, mean = 4203.0 (flags = 0x41)
0     ... 
3553  -O                                                                        (1 = 100.0%) {0.0%}
4222  ... 

Histogram: Cookie.FirstPartySets.InitializationDuration.ReadCommandLineSet2 recorded 1 samples, mean = 184.0 (flags = 0x41)
0    ... 
160  -O                                                                        (1 = 100.0%) {0.0%}
190  ... 

Histogram: Cookie.FirstPartySets.InitializationDuration.ReadComponentSets2 recorded 1 samples, mean = 7716.0 (flags = 0x41)
0     ... 
7083  -O                                                                        (1 = 100.0%) {0.0%}
8416  ... 

Histogram: Cookie.FirstPartySets.InitializationDuration.ReadyToServeQueries2 recorded 1 samples, mean = 7667.0 (flags = 0x41)
0     ... 
7083  -O                                                                        (1 = 100.0%) {0.0%}
8416  ... 

Histogram: Cookie.FirstPartySets.Network.DelayedQueriesCount recorded 1 samples, mean = 0.0 (flags = 0x41)
0  -O                                                                        (1 = 100.0%)
1  ... 

Histogram: Cookie.FirstPartySets.Network.MostDelayedQueryDelta recorded 1 samples, mean = 0.0 (flags = 0x41)
0  -O                                                                        (1 = 100.0%)
1  ... 

Histogram: Cookie.FirstPartySets.ProcessedEntireComponent recorded 1 samples, mean = 1.0 (flags = 0x41)
0  O                                                                         (0 = 0.0%)
1  -O                                                                        (1 = 100.0%) {0.0%}
2  O                                                                         (0 = 0.0%) {100.0%}

Histogram: Cookie.FromStorageWithValidLength recorded 133 samples, mean = 1.0 (flags = 0x41)
0  O                                                                         (0 = 0.0%)
1  ------------------------------------------------------------------------O (133 = 100.0%) {0.0%}
2  O                                                                         (0 = 0.0%) {100.0%}

Histogram: Cookie.HasNonASCII.Name recorded 6 samples, mean = 0.0 (flags = 0x41)
0  ------O                                                                   (6 = 100.0%)
1  ... 

Histogram: Cookie.HasNonASCII.Value recorded 6 samples, mean = 0.0 (flags = 0x41)
0  ------O                                                                   (6 = 100.0%)
1  ... 

Histogram: Cookie.IncludedRequestEffectiveSameSite recorded 115 samples, mean = 0.0 (flags = 0x41)
0  ------------------------------------------------------------------------O (115 = 100.0%)
1  ... 

Histogram: Cookie.IncludedResponseEffectiveSameSite recorded 6 samples, mean = 0.0 (flags = 0x41)
0  ------O                                                                   (6 = 100.0%)
1  ... 

Histogram: Cookie.IsPartitionedValid recorded 1 samples, mean = 1.0 (flags = 0x41)
0  O                                                                         (0 = 0.0%)
1  -O                                                                        (1 = 100.0%) {0.0%}
2  O                                                                         (0 = 0.0%) {100.0%}

Histogram: Cookie.NameOrValueHtab recorded 6 samples, mean = 0.0 (flags = 0x41)
0  ------O                                                                   (6 = 100.0%)
1  ... 

Histogram: Cookie.OnCookiesAccessed.BatchSize recorded 38 samples, mean = 1.1 (flags = 0x41)
0  O                                                                         (0 = 0.0%)
1  -----------------------------------O                                      (35 = 92.1%) {0.0%}
2  ---O                                                                      (3 = 7.9%) {92.1%}
3  ... 

Histogram: Cookie.OnCookiesAccessed.TotalAccesses recorded 38 samples, mean = 2.1 (flags = 0x41)
0  O                                                                         (0 = 0.0%)
1  -O                                                                        (1 = 2.6%) {0.0%}
2  ----------------------------------O                                       (34 = 89.5%) {2.6%}
3  --O                                                                       (2 = 5.3%) {92.1%}
4  -O                                                                        (1 = 2.6%) {97.4%}
5  ... 

Histogram: Cookie.PartitionedCookiesInRequest recorded 39 samples, mean = 1.0 (flags = 0x41)
0  O                                                                         (0 = 0.0%)
1  ---------------------------------------O                                  (39 = 100.0%) {0.0%}
2  ... 

Histogram: Cookie.Port.Read.RemoteHost recorded 115 samples, mean = 7.0 (flags = 0x41)
0  ... 
7  ------------------------------------------------------------------------O (115 = 100.0%) {0.0%}
8  ... 

Histogram: Cookie.Port.ReadDiffersFromSet.DomainSet recorded 115 samples, mean = 4.0 (flags = 0x41)
0  ... 
4  ------------------------------------------------------------------------O (115 = 100.0%) {0.0%}
5  O                                                                         (0 = 0.0%) {100.0%}

Histogram: Cookie.Port.ReadDiffersFromSet.RemoteHost recorded 115 samples, mean = 4.0 (flags = 0x41)
0  ... 
4  ------------------------------------------------------------------------O (115 = 100.0%) {0.0%}
5  O                                                                         (0 = 0.0%) {100.0%}

Histogram: Cookie.Port.Set.RemoteHost recorded 6 samples, mean = 7.0 (flags = 0x41)
0  ... 
7  ------O                                                                   (6 = 100.0%) {0.0%}
8  ... 

Histogram: Cookie.RequestSameSiteContext recorded 119 samples, mean = 3.0 (flags = 0x41)
0  ... 
3  ------------------------------------------------------------------------O (119 = 100.0%) {0.0%}
4  O                                                                         (0 = 0.0%) {100.0%}

Histogram: Cookie.SameSiteAttributeValue recorded 6 samples, mean = 5.0 (flags = 0x41)
0  ... 
5  ------O                                                                   (6 = 100.0%) {0.0%}
6  ... 

Histogram: Cookie.SameSiteNoneSizeBytes recorded 6 samples, mean = 240.7 (flags = 0x41)
0    ... 
190  -----O                                                                    (5 = 83.3%) {0.0%}
226  ... 
378  -O                                                                        (1 = 16.7%) {83.3%}
449  ... 

Histogram: Cookie.SameSiteNoneSizeBytes.Partitioned recorded 1 samples, mean = 417.0 (flags = 0x41)
0    ... 
378  -O                                                                        (1 = 100.0%) {0.0%}
449  ... 

Histogram: Cookie.SameSiteNoneSizeBytes.Unpartitioned recorded 5 samples, mean = 205.4 (flags = 0x41)
0    ... 
190  -----O                                                                    (5 = 100.0%) {0.0%}
226  ... 

Histogram: Cookie.SourceType recorded 9 samples, mean = 1.0 (flags = 0x41)
0  O                                                                         (0 = 0.0%)
1  ---------O                                                                (9 = 100.0%) {0.0%}
2  ... 

Histogram: Cookie.TimeBlockedOnLoad recorded 2 samples, mean = 41.5 (flags = 0x41)
0   O                                                                         (0 = 0.0%)
1   -O                                                                        (1 = 50.0%) {0.0%}
2   ... 
77  -O                                                                        (1 = 50.0%) {50.0%}
95  ... 

Histogram: Cookie.TimeInitializeDB recorded 2 samples, mean = 1.0 (flags = 0x41)
0  O                                                                         (0 = 0.0%)
1  --O                                                                       (2 = 100.0%) {0.0%}
2  ... 

Histogram: Cookie.TimeOpsBlockedDueToGlobalOp recorded 2 samples, mean = 0.5 (flags = 0x41)
0  -O                                                                        (1 = 50.0%)
1  -O                                                                        (1 = 50.0%) {50.0%}
2  ... 

Histogram: Cookie.Type2 recorded 9 samples, mean = 14.0 (flags = 0x41)
0   ... 
14  ---------O                                                                (9 = 100.0%) {0.0%}
15  ... 

Histogram: Crypto.TPMDuration.MessageSigningECDSA recorded 1 samples, mean = 59.0 (flags = 0x41)
0   ... 
52  -O                                                                        (1 = 100.0%) {0.0%}
66  ... 

Histogram: Crypto.TPMDuration.NewKeyCreationECDSA recorded 1 samples, mean = 87.0 (flags = 0x41)
0   ... 
84  -O                                                                        (1 = 100.0%) {0.0%}
107 ... 

Histogram: Crypto.TPMDuration.Virtual.MessageSigningECDSA recorded 1 samples, mean = 0.0 (flags = 0x41)
0  -O                                                                        (1 = 100.0%)
1  ... 

Histogram: Crypto.TPMDuration.Virtual.NewKeyCreationECDSA recorded 1 samples, mean = 10.0 (flags = 0x41)
0   ... 
10  -O                                                                        (1 = 100.0%) {0.0%}
13  ... 

Histogram: Crypto.TPMDuration.Virtual.WrappedKeyCreationECDSA recorded 1 samples, mean = 2.0 (flags = 0x41)
0  ... 
2  -O                                                                        (1 = 100.0%) {0.0%}
3  ... 

Histogram: Crypto.TPMDuration.WrappedKeyCreationECDSA recorded 1 samples, mean = 16.0 (flags = 0x41)
0   ... 
16  -O                                                                        (1 = 100.0%) {0.0%}
20  ... 

Histogram: Crypto.TPMOperation.MessageSigningECDSA recorded 1 samples, mean = 1.0 (flags = 0x41)
0  O                                                                         (0 = 0.0%)
1  -O                                                                        (1 = 100.0%) {0.0%}
2  O                                                                         (0 = 0.0%) {100.0%}

Histogram: Crypto.TPMOperation.MessageVerifyECDSA recorded 1 samples, mean = 1.0 (flags = 0x41)
0  O                                                                         (0 = 0.0%)
1  -O                                                                        (1 = 100.0%) {0.0%}
2  O                                                                         (0 = 0.0%) {100.0%}

Histogram: Crypto.TPMOperation.NewKeyCreationECDSA recorded 1 samples, mean = 1.0 (flags = 0x41)
0  O                                                                         (0 = 0.0%)
1  -O                                                                        (1 = 100.0%) {0.0%}
2  O                                                                         (0 = 0.0%) {100.0%}

Histogram: Crypto.TPMOperation.Virtual.MessageSigningECDSA recorded 1 samples, mean = 1.0 (flags = 0x41)
0  O                                                                         (0 = 0.0%)
1  -O                                                                        (1 = 100.0%) {0.0%}
2  O                                                                         (0 = 0.0%) {100.0%}

Histogram: Crypto.TPMOperation.Virtual.MessageVerifyECDSA recorded 1 samples, mean = 1.0 (flags = 0x41)
0  O                                                                         (0 = 0.0%)
1  -O                                                                        (1 = 100.0%) {0.0%}
2  O                                                                         (0 = 0.0%) {100.0%}

Histogram: Crypto.TPMOperation.Virtual.NewKeyCreationECDSA recorded 1 samples, mean = 1.0 (flags = 0x41)
0  O                                                                         (0 = 0.0%)
1  -O                                                                        (1 = 100.0%) {0.0%}
2  O                                                                         (0 = 0.0%) {100.0%}

Histogram: Crypto.TPMOperation.Virtual.WrappedKeyCreationECDSA recorded 1 samples, mean = 1.0 (flags = 0x41)
0  O                                                                         (0 = 0.0%)
1  -O                                                                        (1 = 100.0%) {0.0%}
2  O                                                                         (0 = 0.0%) {100.0%}

Histogram: Crypto.TPMOperation.WrappedKeyCreationECDSA recorded 1 samples, mean = 1.0 (flags = 0x41)
0  O                                                                         (0 = 0.0%)
1  -O                                                                        (1 = 100.0%) {0.0%}
2  O                                                                         (0 = 0.0%) {100.0%}

Histogram: Crypto.TPMSupport2 recorded 1 samples, mean = 2.0 (flags = 0x41)
0  ... 
2  -O                                                                        (1 = 100.0%) {0.0%}
3  O                                                                         (0 = 0.0%) {100.0%}

Histogram: Crypto.TPMSupportType recorded 1 samples, mean = 3.0 (flags = 0x41)
0  ... 
3  -O                                                                        (1 = 100.0%) {0.0%}
4  O                                                                         (0 = 0.0%) {100.0%}

Histogram: Crypto.VirtualKeySupport recorded 1 samples, mean = 2.0 (flags = 0x41)
0  ... 
2  -O                                                                        (1 = 100.0%) {0.0%}
3  O                                                                         (0 = 0.0%) {100.0%}

Histogram: DOMStorage.CommitMeasuredDelay recorded 4 samples, mean = 3678.8 (flags = 0x41)
0     ... 
4     -O                                                                        (1 = 25.0%) {0.0%}
5     ... 
4249  -O                                                                        (1 = 25.0%) {25.0%}
4904  --O                                                                       (2 = 50.0%) {50.0%}
5660  ... 

Histogram: DOMStorage.CommitSizeBytes recorded 2 samples, mean = 694.5 (flags = 0x41)
0    ... 
600  -O                                                                        (1 = 50.0%) {0.0%}
676  -O                                                                        (1 = 50.0%) {50.0%}
762  ... 

Histogram: DataUse.BytesReceived3.Delegate recorded 54 samples, mean = 26528.0 (flags = 0x41)
0       ... 
64      -O                                                                        (1 = 1.9%) {0.0%}
83      ... 
230     -O                                                                        (1 = 1.9%) {1.9%}
297     -O                                                                        (1 = 1.9%) {3.7%}
383     --O                                                                       (2 = 3.7%) {5.6%}
494     --O                                                                       (2 = 3.7%) {9.3%}
637     -O                                                                        (1 = 1.9%) {13.0%}
821     ----O                                                                     (4 = 7.4%) {14.8%}
1059    ---O                                                                      (3 = 5.6%) {22.2%}
1366    --O                                                                       (2 = 3.7%) {27.8%}
1761    --O                                                                       (2 = 3.7%) {31.5%}
2271    -O                                                                        (1 = 1.9%) {35.2%}
2928    -----O                                                                    (5 = 9.3%) {37.0%}
3776    --O                                                                       (2 = 3.7%) {46.3%}
4869    ---O                                                                      (3 = 5.6%) {50.0%}
6279    -O                                                                        (1 = 1.9%) {55.6%}
8097    -O                                                                        (1 = 1.9%) {57.4%}
10441   --O                                                                       (2 = 3.7%) {59.3%}
13464   O                                                                         (0 = 0.0%) {63.0%}
17362   ---O                                                                      (3 = 5.6%) {63.0%}
22388   ---O                                                                      (3 = 5.6%) {68.5%}
28869   --O                                                                       (2 = 3.7%) {74.1%}
37226   --O                                                                       (2 = 3.7%) {77.8%}
48002   --O                                                                       (2 = 3.7%) {81.5%}
61898   O                                                                         (0 = 0.0%) {85.2%}
79817   ---O                                                                      (3 = 5.6%) {85.2%}
102923  ---O                                                                      (3 = 5.6%) {90.7%}
132718  --O                                                                       (2 = 3.7%) {96.3%}
171138  ... 

Histogram: DataUse.BytesSent3.Delegate recorded 54 samples, mean = 781.6 (flags = 0x41)
0      ... 
12     -O                                                                        (1 = 1.9%) {0.0%}
16     O                                                                         (0 = 0.0%) {1.9%}
21     -O                                                                        (1 = 1.9%) {1.9%}
28     ... 
65     -------------------------O                                                (25 = 46.3%) {3.7%}
86     ----O                                                                     (4 = 7.4%) {50.0%}
113    -O                                                                        (1 = 1.9%) {57.4%}
149    -O                                                                        (1 = 1.9%) {59.3%}
196    --O                                                                       (2 = 3.7%) {61.1%}
258    O                                                                         (0 = 0.0%) {64.8%}
340    --O                                                                       (2 = 3.7%) {64.8%}
448    ----O                                                                     (4 = 7.4%) {68.5%}
590    --O                                                                       (2 = 3.7%) {75.9%}
777    -----O                                                                    (5 = 9.3%) {79.6%}
1023   ----O                                                                     (4 = 7.4%) {88.9%}
1347   ... 
7031   -O                                                                        (1 = 1.9%) {96.3%}
9260   ... 
16063  -O                                                                        (1 = 1.9%) {98.1%}
21156  ... 

Histogram: DefaultBrowser.State recorded 1 samples, mean = 0.0 (flags = 0x41)
0  -O                                                                        (1 = 100.0%)
1  ... 

Histogram: DiskCache.0.Error recorded 1 samples, mean = 0.0 (flags = 0x41)
0  -O                                                                        (1 = 100.0%)
1  ... 

Histogram: DiskCache.0.TotalIOTimeRead recorded 9 samples, mean = 0.0 (flags = 0x41)
0  ---------O                                                                (9 = 100.0%)
1  ... 

Histogram: DiskCache.0.TotalIOTimeWrite recorded 173 samples, mean = 0.0 (flags = 0x41)
0  ------------------------------------------------------------------------O (167 = 96.5%)
1  ---O                                                                      (6 = 3.5%) {96.5%}
2  ... 

Histogram: Download.Database.IsAvailable recorded 1 samples, mean = 1.0 (flags = 0x41)
0  O                                                                         (0 = 0.0%)
1  -O                                                                        (1 = 100.0%) {0.0%}
2  O                                                                         (0 = 0.0%) {100.0%}

Histogram: Download.Service.Db.Operation.Failure recorded 1 samples, mean = 0.0 (flags = 0x41)
0  -O                                                                        (1 = 100.0%)
1  ... 

Histogram: Download.Service.Files.CleanUp.External recorded 1 samples, mean = 0.0 (flags = 0x41)
0  -O                                                                        (1 = 100.0%)
1  ... 

Histogram: Download.Service.Files.CleanUp.External.HardRecovery recorded 1 samples, mean = 0.0 (flags = 0x41)
0  -O                                                                        (1 = 100.0%)
1  ... 

Histogram: Download.Service.Files.CleanUp.Failure recorded 1 samples, mean = 0.0 (flags = 0x41)
0  -O                                                                        (1 = 100.0%)
1  ... 

Histogram: Download.Service.Files.CleanUp.Failure.HardRecovery recorded 1 samples, mean = 0.0 (flags = 0x41)
0  -O                                                                        (1 = 100.0%)
1  ... 

Histogram: Download.Service.Files.CleanUp.Success recorded 1 samples, mean = 0.0 (flags = 0x41)
0  -O                                                                        (1 = 100.0%)
1  ... 

Histogram: Download.Service.Files.CleanUp.Success.HardRecovery recorded 1 samples, mean = 0.0 (flags = 0x41)
0  -O                                                                        (1 = 100.0%)
1  ... 

Histogram: Download.Service.StartUpStatus.Initialization recorded 2 samples, mean = 2.0 (flags = 0x41)
0  O                                                                         (0 = 0.0%)
1  -O                                                                        (1 = 50.0%) {0.0%}
2  O                                                                         (0 = 0.0%) {50.0%}
3  -O                                                                        (1 = 50.0%) {50.0%}
4  ... 

Histogram: Download.Service.StartUpStatus.Recovery recorded 2 samples, mean = 2.0 (flags = 0x41)
0  O                                                                         (0 = 0.0%)
1  -O                                                                        (1 = 50.0%) {0.0%}
2  O                                                                         (0 = 0.0%) {50.0%}
3  -O                                                                        (1 = 50.0%) {50.0%}
4  ... 

Histogram: Enterprise.TimeToFirstPolicyLoad.Profile.Unmanaged recorded 1 samples, mean = 0.0 (flags = 0x41)
0  -O                                                                        (1 = 100.0%)
1  ... 

Histogram: EnterpriseCheck.AzureADJoinStatusCheckTime recorded 1 samples, mean = 2.0 (flags = 0x41)
0  ... 
2  -O                                                                        (1 = 100.0%) {0.0%}
3  ... 

Histogram: Event.GestureCreated recorded 1 samples, mean = 12.0 (flags = 0x41)
0   ... 
12  -O                                                                        (1 = 100.0%) {0.0%}
13  ... 

Histogram: Extension.Toolbar.BrowserActionsCount2 recorded 1 samples, mean = 0.0 (flags = 0x41)
0  -O                                                                        (1 = 100.0%)
1  ... 

Histogram: ExtensionToolbarModel.BrowserActionsCount recorded 1 samples, mean = 0.0 (flags = 0x41)
0  -O                                                                        (1 = 100.0%)
1  ... 

Histogram: Extensions.AppLocation2 recorded 1 samples, mean = 5.0 (flags = 0x41)
0  ... 
5  -O                                                                        (1 = 100.0%) {0.0%}
6  ... 

Histogram: Extensions.CorruptExtensionTotalDisables recorded 1 samples, mean = 0.0 (flags = 0x41)
0  -O                                                                        (1 = 100.0%)
1  ... 

Histogram: Extensions.CorruptExtensionTotalDisables2 recorded 1 samples, mean = 0.0 (flags = 0x41)
0  -O                                                                        (1 = 100.0%)
1  ... 

Histogram: Extensions.Database.Open.State recorded 2 samples, mean = 5.0 (flags = 0x41)
0  ... 
5  --O                                                                       (2 = 100.0%) {0.0%}
6  O                                                                         (0 = 0.0%) {100.0%}

Histogram: Extensions.DeveloperModeEnabled recorded 2 samples, mean = 0.0 (flags = 0x41)
0  --O                                                                       (2 = 100.0%)
1  ... 

Histogram: Extensions.DidCreateScriptContext_Unspecified recorded 1 samples, mean = 1.0 (flags = 0x41)
0  O                                                                         (0 = 0.0%)
1  -O                                                                        (1 = 100.0%) {0.0%}
2  ... 

Histogram: Extensions.DidCreateScriptContext_WebPage recorded 3 samples, mean = 0.0 (flags = 0x41)
0  ---O                                                                      (3 = 100.0%)
1  ... 

Histogram: Extensions.Disabled recorded 1 samples, mean = 0.0 (flags = 0x41)
0  -O                                                                        (1 = 100.0%)
1  ... 

Histogram: Extensions.Disabled2 recorded 1 samples, mean = 0.0 (flags = 0x41)
0  -O                                                                        (1 = 100.0%)
1  ... 

Histogram: Extensions.DisabledForPermissions recorded 1 samples, mean = 0.0 (flags = 0x41)
0  -O                                                                        (1 = 100.0%)
1  ... 

Histogram: Extensions.DisabledForPermissions2 recorded 1 samples, mean = 0.0 (flags = 0x41)
0  -O                                                                        (1 = 100.0%)
1  ... 

Histogram: Extensions.EventlessEventPages2 recorded 1 samples, mean = 0.0 (flags = 0x41)
0  -O                                                                        (1 = 100.0%)
1  ... 

Histogram: Extensions.ExtensionLocation recorded 1 samples, mean = 5.0 (flags = 0x41)
0  ... 
5  -O                                                                        (1 = 100.0%) {0.0%}
6  ... 

Histogram: Extensions.ExtensionLocation2 recorded 1 samples, mean = 5.0 (flags = 0x41)
0  ... 
5  -O                                                                        (1 = 100.0%) {0.0%}
6  ... 

Histogram: Extensions.ExtensionsWithPageActions recorded 1 samples, mean = 0.0 (flags = 0x41)
0  -O                                                                        (1 = 100.0%)
1  ... 

Histogram: Extensions.ExternalRegistryLoaderWin recorded 1 samples, mean = 0.0 (flags = 0x40)
0  -O                                                                        (1 = 100.0%)
1  ... 

Histogram: Extensions.HomepageOverrides recorded 1 samples, mean = 0.0 (flags = 0x41)
0  -O                                                                        (1 = 100.0%)
1  ... 

Histogram: Extensions.HomepageOverrides2 recorded 1 samples, mean = 0.0 (flags = 0x41)
0  -O                                                                        (1 = 100.0%)
1  ... 

Histogram: Extensions.InjectEnd_ScriptCount recorded 3 samples, mean = 0.0 (flags = 0x41)
0  ---O                                                                      (3 = 100.0%)
1  ... 

Histogram: Extensions.InjectIdle_ScriptCount recorded 3 samples, mean = 0.0 (flags = 0x41)
0  ---O                                                                      (3 = 100.0%)
1  ... 

Histogram: Extensions.InjectStart_CssCount recorded 5 samples, mean = 0.0 (flags = 0x41)
0  -----O                                                                    (5 = 100.0%)
1  ... 

Histogram: Extensions.InjectStart_ScriptCount recorded 5 samples, mean = 0.0 (flags = 0x41)
0  -----O                                                                    (5 = 100.0%)
1  ... 

Histogram: Extensions.LoadAll recorded 1 samples, mean = 2.0 (flags = 0x41)
0  ... 
2  -O                                                                        (1 = 100.0%) {0.0%}
3  ... 

Histogram: Extensions.LoadAll2 recorded 1 samples, mean = 2.0 (flags = 0x41)
0  ... 
2  -O                                                                        (1 = 100.0%) {0.0%}
3  ... 

Histogram: Extensions.LoadAllComponentTime recorded 1 samples, mean = 3.0 (flags = 0x41)
0  ... 
3  -O                                                                        (1 = 100.0%) {0.0%}
4  ... 

Histogram: Extensions.LoadAllComponentTime.User recorded 1 samples, mean = 3.0 (flags = 0x41)
0  ... 
3  -O                                                                        (1 = 100.0%) {0.0%}
4  ... 

Histogram: Extensions.LoadAllTime2 recorded 1 samples, mean = 0.0 (flags = 0x41)
0  -O                                                                        (1 = 100.0%)
1  ... 

Histogram: Extensions.LoadAllTime2.User recorded 1 samples, mean = 0.0 (flags = 0x41)
0  -O                                                                        (1 = 100.0%)
1  ... 

Histogram: Extensions.LoadApp recorded 1 samples, mean = 0.0 (flags = 0x41)
0  -O                                                                        (1 = 100.0%)
1  ... 

Histogram: Extensions.LoadApp2 recorded 1 samples, mean = 0.0 (flags = 0x41)
0  -O                                                                        (1 = 100.0%)
1  ... 

Histogram: Extensions.LoadAppExternal recorded 1 samples, mean = 0.0 (flags = 0x41)
0  -O                                                                        (1 = 100.0%)
1  ... 

Histogram: Extensions.LoadAppExternal2 recorded 1 samples, mean = 0.0 (flags = 0x41)
0  -O                                                                        (1 = 100.0%)
1  ... 

Histogram: Extensions.LoadAppUser recorded 1 samples, mean = 0.0 (flags = 0x41)
0  -O                                                                        (1 = 100.0%)
1  ... 

Histogram: Extensions.LoadAppUser2 recorded 1 samples, mean = 0.0 (flags = 0x41)
0  -O                                                                        (1 = 100.0%)
1  ... 

Histogram: Extensions.LoadBrowserAction recorded 1 samples, mean = 0.0 (flags = 0x41)
0  -O                                                                        (1 = 100.0%)
1  ... 

Histogram: Extensions.LoadBrowserAction2 recorded 1 samples, mean = 0.0 (flags = 0x41)
0  -O                                                                        (1 = 100.0%)
1  ... 

Histogram: Extensions.LoadExtension recorded 1 samples, mean = 0.0 (flags = 0x41)
0  -O                                                                        (1 = 100.0%)
1  ... 

Histogram: Extensions.LoadExtension2 recorded 1 samples, mean = 0.0 (flags = 0x41)
0  -O                                                                        (1 = 100.0%)
1  ... 

Histogram: Extensions.LoadExtensionExternal recorded 1 samples, mean = 0.0 (flags = 0x41)
0  -O                                                                        (1 = 100.0%)
1  ... 

Histogram: Extensions.LoadExtensionExternal2 recorded 1 samples, mean = 0.0 (flags = 0x41)
0  -O                                                                        (1 = 100.0%)
1  ... 

Histogram: Extensions.LoadExtensionUser2 recorded 1 samples, mean = 0.0 (flags = 0x41)
0  -O                                                                        (1 = 100.0%)
1  ... 

Histogram: Extensions.LoadHostedApp recorded 1 samples, mean = 0.0 (flags = 0x41)
0  -O                                                                        (1 = 100.0%)
1  ... 

Histogram: Extensions.LoadHostedApp2 recorded 1 samples, mean = 0.0 (flags = 0x41)
0  -O                                                                        (1 = 100.0%)
1  ... 

Histogram: Extensions.LoadNoExtensionAction recorded 1 samples, mean = 0.0 (flags = 0x41)
0  -O                                                                        (1 = 100.0%)
1  ... 

Histogram: Extensions.LoadNoExtensionAction2 recorded 1 samples, mean = 0.0 (flags = 0x41)
0  -O                                                                        (1 = 100.0%)
1  ... 

Histogram: Extensions.LoadOffStoreItems recorded 1 samples, mean = 0.0 (flags = 0x41)
0  -O                                                                        (1 = 100.0%)
1  ... 

Histogram: Extensions.LoadOffStoreItems2 recorded 1 samples, mean = 0.0 (flags = 0x41)
0  -O                                                                        (1 = 100.0%)
1  ... 

Histogram: Extensions.LoadPackagedApp recorded 1 samples, mean = 0.0 (flags = 0x41)
0  -O                                                                        (1 = 100.0%)
1  ... 

Histogram: Extensions.LoadPackagedApp2 recorded 1 samples, mean = 0.0 (flags = 0x41)
0  -O                                                                        (1 = 100.0%)
1  ... 

Histogram: Extensions.LoadPlatformApp recorded 1 samples, mean = 0.0 (flags = 0x41)
0  -O                                                                        (1 = 100.0%)
1  ... 

Histogram: Extensions.LoadPlatformApp2 recorded 1 samples, mean = 0.0 (flags = 0x41)
0  -O                                                                        (1 = 100.0%)
1  ... 

Histogram: Extensions.LoadTheme recorded 1 samples, mean = 0.0 (flags = 0x41)
0  -O                                                                        (1 = 100.0%)
1  ... 

Histogram: Extensions.LoadTheme2 recorded 1 samples, mean = 0.0 (flags = 0x41)
0  -O                                                                        (1 = 100.0%)
1  ... 

Histogram: Extensions.LoadUserScript recorded 1 samples, mean = 0.0 (flags = 0x41)
0  -O                                                                        (1 = 100.0%)
1  ... 

Histogram: Extensions.LoadUserScript2 recorded 1 samples, mean = 0.0 (flags = 0x41)
0  -O                                                                        (1 = 100.0%)
1  ... 

Histogram: Extensions.Management_Refresh recorded 1 samples, mean = 0.0 (flags = 0x41)
0  -O                                                                        (1 = 100.0%)
1  ... 

Histogram: Extensions.ManifestVersion2Count.Component recorded 1 samples, mean = 1.0 (flags = 0x41)
0  O                                                                         (0 = 0.0%)
1  -O                                                                        (1 = 100.0%) {0.0%}
2  ... 

Histogram: Extensions.ManifestVersion2Count.External recorded 1 samples, mean = 0.0 (flags = 0x41)
0  -O                                                                        (1 = 100.0%)
1  ... 

Histogram: Extensions.ManifestVersion2Count.Internal recorded 1 samples, mean = 0.0 (flags = 0x41)
0  -O                                                                        (1 = 100.0%)
1  ... 

Histogram: Extensions.ManifestVersion2Count.Policy recorded 1 samples, mean = 0.0 (flags = 0x41)
0  -O                                                                        (1 = 100.0%)
1  ... 

Histogram: Extensions.ManifestVersion2Count.Unpacked recorded 1 samples, mean = 0.0 (flags = 0x41)
0  -O                                                                        (1 = 100.0%)
1  ... 

Histogram: Extensions.ManifestVersion3Count.Component recorded 1 samples, mean = 0.0 (flags = 0x41)
0  -O                                                                        (1 = 100.0%)
1  ... 

Histogram: Extensions.ManifestVersion3Count.External recorded 1 samples, mean = 0.0 (flags = 0x41)
0  -O                                                                        (1 = 100.0%)
1  ... 

Histogram: Extensions.ManifestVersion3Count.Internal recorded 1 samples, mean = 0.0 (flags = 0x41)
0  -O                                                                        (1 = 100.0%)
1  ... 

Histogram: Extensions.ManifestVersion3Count.Policy recorded 1 samples, mean = 0.0 (flags = 0x41)
0  -O                                                                        (1 = 100.0%)
1  ... 

Histogram: Extensions.ManifestVersion3Count.Unpacked recorded 1 samples, mean = 0.0 (flags = 0x41)
0  -O                                                                        (1 = 100.0%)
1  ... 

Histogram: Extensions.ManifestVersionByLocation.Component recorded 1 samples, mean = 2.0 (flags = 0x41)
0  ... 
2  -O                                                                        (1 = 100.0%) {0.0%}
3  ... 

Histogram: Extensions.ManifestVersionPopulationSplit.Component recorded 1 samples, mean = 1.0 (flags = 0x41)
0  O                                                                         (0 = 0.0%)
1  -O                                                                        (1 = 100.0%) {0.0%}
2  ... 

Histogram: Extensions.ManifestVersionPopulationSplit.External recorded 1 samples, mean = 0.0 (flags = 0x41)
0  -O                                                                        (1 = 100.0%)
1  ... 

Histogram: Extensions.ManifestVersionPopulationSplit.Internal recorded 1 samples, mean = 0.0 (flags = 0x41)
0  -O                                                                        (1 = 100.0%)
1  ... 

Histogram: Extensions.ManifestVersionPopulationSplit.InternalAndExternal recorded 1 samples, mean = 0.0 (flags = 0x41)
0  -O                                                                        (1 = 100.0%)
1  ... 

Histogram: Extensions.ManifestVersionPopulationSplit.Unpacked recorded 1 samples, mean = 0.0 (flags = 0x41)
0  -O                                                                        (1 = 100.0%)
1  ... 

Histogram: Extensions.NewTabPageOverrides recorded 1 samples, mean = 0.0 (flags = 0x41)
0  -O                                                                        (1 = 100.0%)
1  ... 

Histogram: Extensions.NewTabPageOverrides2 recorded 1 samples, mean = 0.0 (flags = 0x41)
0  -O                                                                        (1 = 100.0%)
1  ... 

Histogram: Extensions.NonWebStoreNewTabPageOverrides recorded 1 samples, mean = 0.0 (flags = 0x41)
0  -O                                                                        (1 = 100.0%)
1  ... 

Histogram: Extensions.NonWebStoreNewTabPageOverrides2 recorded 1 samples, mean = 0.0 (flags = 0x41)
0  -O                                                                        (1 = 100.0%)
1  ... 

Histogram: Extensions.NonWebstoreLocation recorded 2 samples, mean = 5.0 (flags = 0x41)
0  ... 
5  --O                                                                       (2 = 100.0%) {0.0%}
6  ... 

Histogram: Extensions.NonWebstoreLocation2 recorded 2 samples, mean = 5.0 (flags = 0x41)
0  ... 
5  --O                                                                       (2 = 100.0%) {0.0%}
6  ... 

Histogram: Extensions.NonWebstoreLocationWithDeveloperModeOff.Enabled3 recorded 2 samples, mean = 5.0 (flags = 0x41)
0  ... 
5  --O                                                                       (2 = 100.0%) {0.0%}
6  ... 

Histogram: Extensions.NotAllowlistedDisabled recorded 1 samples, mean = 0.0 (flags = 0x41)
0  -O                                                                        (1 = 100.0%)
1  ... 

Histogram: Extensions.NotAllowlistedDisabled2 recorded 1 samples, mean = 0.0 (flags = 0x41)
0  -O                                                                        (1 = 100.0%)
1  ... 

Histogram: Extensions.NotAllowlistedEnabled recorded 1 samples, mean = 0.0 (flags = 0x41)
0  -O                                                                        (1 = 100.0%)
1  ... 

Histogram: Extensions.NotAllowlistedEnabled2 recorded 1 samples, mean = 0.0 (flags = 0x41)
0  -O                                                                        (1 = 100.0%)
1  ... 

Histogram: Extensions.ProcessManagerStartupHostsTime2 recorded 1 samples, mean = 0.0 (flags = 0x41)
0  -O                                                                        (1 = 100.0%)
1  ... 

Histogram: Extensions.SearchEngineOverrides recorded 1 samples, mean = 0.0 (flags = 0x41)
0  -O                                                                        (1 = 100.0%)
1  ... 

Histogram: Extensions.SearchEngineOverrides2 recorded 1 samples, mean = 0.0 (flags = 0x41)
0  -O                                                                        (1 = 100.0%)
1  ... 

Histogram: Extensions.StartupPagesOverrides recorded 1 samples, mean = 0.0 (flags = 0x41)
0  -O                                                                        (1 = 100.0%)
1  ... 

Histogram: Extensions.StartupPagesOverrides2 recorded 1 samples, mean = 0.0 (flags = 0x41)
0  -O                                                                        (1 = 100.0%)
1  ... 

Histogram: Extensions.WebRequestBlockingCount recorded 1 samples, mean = 0.0 (flags = 0x41)
0  -O                                                                        (1 = 100.0%)
1  ... 

Histogram: Extensions.WebRequestBlockingCount2 recorded 1 samples, mean = 0.0 (flags = 0x41)
0  -O                                                                        (1 = 100.0%)
1  ... 

Histogram: Extensions.WebRequestCount recorded 1 samples, mean = 0.0 (flags = 0x41)
0  -O                                                                        (1 = 100.0%)
1  ... 

Histogram: Extensions.WebRequestCount2 recorded 1 samples, mean = 0.0 (flags = 0x41)
0  -O                                                                        (1 = 100.0%)
1  ... 

Histogram: FetchKeepAlive.Renderer.Total.ReceivedResponse recorded 1 samples, mean = 1.0 (flags = 0x41)
0  O                                                                         (0 = 0.0%)
1  -O                                                                        (1 = 100.0%) {0.0%}
2  O                                                                         (0 = 0.0%) {100.0%}

Histogram: FetchKeepAlive.Renderer.Total.Started recorded 1 samples, mean = 1.0 (flags = 0x41)
0  O                                                                         (0 = 0.0%)
1  -O                                                                        (1 = 100.0%) {0.0%}
2  O                                                                         (0 = 0.0%) {100.0%}

Histogram: FetchKeepAlive.Requests2.Network recorded 2 samples, mean = 0.5 (flags = 0x41)
0  -O                                                                        (1 = 50.0%)
1  -O                                                                        (1 = 50.0%) {50.0%}
2  O                                                                         (0 = 0.0%) {100.0%}

Histogram: FetchKeepAlive.Requests2.SentToService.Renderer recorded 1 samples, mean = 2.0 (flags = 0x41)
0  ... 
2  -O                                                                        (1 = 100.0%) {0.0%}
3  ... 

Histogram: FetchKeepAlive.Requests2.Started.IsContextDetached.Renderer recorded 1 samples, mean = 0.0 (flags = 0x41)
0  -O                                                                        (1 = 100.0%)
1  ... 

Histogram: FetchKeepAlive.Requests2.Started.Renderer recorded 1 samples, mean = 1.0 (flags = 0x41)
0  O                                                                         (0 = 0.0%)
1  -O                                                                        (1 = 100.0%) {0.0%}
2  ... 

Histogram: FetchKeepAlive.Requests2.Succeeded.IsContextDetached.Renderer recorded 1 samples, mean = 0.0 (flags = 0x41)
0  -O                                                                        (1 = 100.0%)
1  ... 

Histogram: FetchKeepAlive.Requests2.Succeeded.Renderer recorded 1 samples, mean = 1.0 (flags = 0x41)
0  O                                                                         (0 = 0.0%)
1  -O                                                                        (1 = 100.0%) {0.0%}
2  ... 

Histogram: FetchKeepAlive.Requests2.Total.Renderer recorded 1 samples, mean = 1.0 (flags = 0x41)
0  O                                                                         (0 = 0.0%)
1  -O                                                                        (1 = 100.0%) {0.0%}
2  ... 

Histogram: FirstPartySets.Database.InitStatus recorded 1 samples, mean = 1.0 (flags = 0x41)
0  O                                                                         (0 = 0.0%)
1  -O                                                                        (1 = 100.0%) {0.0%}
2  ... 

Histogram: FirstPartySets.Database.TransactionFailed recorded 8 samples, mean = 0.0 (flags = 0x41)
0  --------O                                                                 (8 = 100.0%)
1  ... 

Histogram: FirstPartySets.Initialization.ClearSiteDataOutcome recorded 1 samples, mean = 1.0 (flags = 0x41)
0  O                                                                         (0 = 0.0%)
1  -O                                                                        (1 = 100.0%) {0.0%}
2  O                                                                         (0 = 0.0%) {100.0%}

Histogram: FirstPartySets.Initialization.SitesToClear.Count recorded 1 samples, mean = 0.0 (flags = 0x41)
0  -O                                                                        (1 = 100.0%)
1  ... 

Histogram: GCM.DelayedTaskControlledReadyTime recorded 1 samples, mean = 7573.0 (flags = 0x41)
0     ... 
6296  -O                                                                        (1 = 100.0%) {0.0%}
8000  ... 

Histogram: GPU.ANGLE.D3DShaderBlobSizeKB recorded 4 samples, mean = 0.5 (flags = 0x41)
0  ----O                                                                     (4 = 100.0%)
1000... 

Histogram: GPU.ANGLE.D3DShaderCompilationTimeUs recorded 4 samples, mean = 8027.0 (flags = 0x41)
0      ... 
2336   --O                                                                       (2 = 50.0%) {0.0%}
3077   ... 
12196  --O                                                                       (2 = 50.0%) {50.0%}
16063  ... 

Histogram: GPU.BlocklistFeatureTestResults.Accelerated2dCanvas recorded 1 samples, mean = 0.0 (flags = 0x41)
0  -O                                                                        (1 = 100.0%)
1  ... 

Histogram: GPU.BlocklistFeatureTestResults.GpuCompositing recorded 1 samples, mean = 0.0 (flags = 0x41)
0  -O                                                                        (1 = 100.0%)
1  ... 

Histogram: GPU.BlocklistFeatureTestResults.GpuRasterization recorded 1 samples, mean = 0.0 (flags = 0x41)
0  -O                                                                        (1 = 100.0%)
1  ... 

Histogram: GPU.BlocklistFeatureTestResults.Webgl recorded 1 samples, mean = 0.0 (flags = 0x41)
0  -O                                                                        (1 = 100.0%)
1  ... 

Histogram: GPU.BlocklistFeatureTestResults.Webgl2 recorded 1 samples, mean = 0.0 (flags = 0x41)
0  -O                                                                        (1 = 100.0%)
1  ... 

Histogram: GPU.BlocklistFeatureTestResults.Webgpu recorded 1 samples, mean = 2.0 (flags = 0x41)
0  ... 
2  -O                                                                        (1 = 100.0%) {0.0%}
3  ... 

Histogram: GPU.BlocklistTestResultsPerEntry recorded 1 samples, mean = 0.0 (flags = 0x41)
0  -O                                                                        (1 = 100.0%)
1  ... 

Histogram: GPU.CanvasOopRaster.OopRasterAndGpuAcceleration recorded 1 samples, mean = 0.0 (flags = 0x41)
0  -O                                                                        (1 = 100.0%)
1  ... 

Histogram: GPU.CompositingMode recorded 7 samples, mean = 1.0 (flags = 0x41)
0  O                                                                         (0 = 0.0%)
1  -------O                                                                  (7 = 100.0%) {0.0%}
2  ... 

Histogram: GPU.D3D12FeatureLevel recorded 1 samples, mean = 5.0 (flags = 0x41)
0  ... 
5  -O                                                                        (1 = 100.0%) {0.0%}
6  O                                                                         (0 = 0.0%) {100.0%}

Histogram: GPU.D3D12HighestShaderModel2 recorded 1 samples, mean = 9.0 (flags = 0x41)
0  ... 
9  -O                                                                        (1 = 100.0%) {0.0%}
10 O                                                                         (0 = 0.0%) {100.0%}

Histogram: GPU.DriverBugTestResultsPerEntry recorded 10 samples (flags = 0x41)
0    -O                                                                        (1 = 10.0%)
17   -O                                                                        (1 = 10.0%)
165  -O                                                                        (1 = 10.0%)
206  -O                                                                        (1 = 10.0%)
256  -O                                                                        (1 = 10.0%)
315  -O                                                                        (1 = 10.0%)
364  -O                                                                        (1 = 10.0%)
403  -O                                                                        (1 = 10.0%)
426  -O                                                                        (1 = 10.0%)
430  -O                                                                        (1 = 10.0%)

Histogram: GPU.EstablishGpuChannelSyncTime recorded 2 samples, mean = 52.0 (flags = 0x41)
0   ... 
34  -O                                                                        (1 = 50.0%) {0.0%}
40  ... 
68  -O                                                                        (1 = 50.0%) {50.0%}
81  ... 

Histogram: GPU.EstablishGpuChannelSyncTime.FirstRun recorded 2 samples, mean = 52.0 (flags = 0x41)
0   ... 
34  -O                                                                        (1 = 50.0%) {0.0%}
40  ... 
68  -O                                                                        (1 = 50.0%) {50.0%}
81  ... 

Histogram: GPU.GPUProcessLaunchTime recorded 2 samples, mean = 1782.5 (flags = 0x41)
0     ... 
3     -O                                                                        (1 = 50.0%) {0.0%}
4     ... 
3553  -O                                                                        (1 = 50.0%) {50.0%}
4222  ... 

Histogram: GPU.GPUProcessTerminationStatus2 recorded 1 samples, mean = 4.0 (flags = 0x41)
0  ... 
4  -O                                                                        (1 = 100.0%) {0.0%}
5  ... 

Histogram: GPU.HardwareAccelerationModeEnabled recorded 1 samples, mean = 1.0 (flags = 0x41)
0  O                                                                         (0 = 0.0%)
1  -O                                                                        (1 = 100.0%) {0.0%}
2  O                                                                         (0 = 0.0%) {100.0%}

Histogram: GPU.MultiGpu.AMD recorded 1 samples (flags = 0x41)
5056  -O                                                                        (1 = 100.0%)

Histogram: GPU.MultiGpu.Nvidia recorded 2 samples (flags = 0x41)
11141  --O                                                                       (2 = 100.0%)

Histogram: GPU.ProcessLifetimeEvents.HardwareAccelerated recorded 1 samples, mean = 0.0 (flags = 0x41)
0  -O                                                                        (1 = 100.0%)
1  ... 

Histogram: GPU.RasterDecoder.TimeToFlush recorded 1 samples, mean = 455.0 (flags = 0x41)
0    ... 
414  -O                                                                        (1 = 100.0%) {0.0%}
471  ... 

Histogram: GPU.SharedImage.BackingType recorded 3 samples, mean = 8.7 (flags = 0x41)
0   ... 
2   -O                                                                        (1 = 33.3%) {0.0%}
3   ... 
12  --O                                                                       (2 = 66.7%) {33.3%}
13  ... 

Histogram: GPU.SharedImage.ContentConsumed recorded 6 samples, mean = 0.5 (flags = 0x41)
0  ---O                                                                      (3 = 50.0%)
1  ---O                                                                      (3 = 50.0%) {50.0%}
2  O                                                                         (0 = 0.0%) {100.0%}

Histogram: GPU.SkiaBackendType recorded 1 samples, mean = 2.0 (flags = 0x41)
0  ... 
2  -O                                                                        (1 = 100.0%) {0.0%}
3  ... 

Histogram: GPU.SupportsDX12 recorded 1 samples, mean = 1.0 (flags = 0x41)
0  O                                                                         (0 = 0.0%)
1  -O                                                                        (1 = 100.0%) {0.0%}
2  O                                                                         (0 = 0.0%) {100.0%}

Histogram: GPU.WatchdogThread.Event recorded 1 samples, mean = 0.0 (flags = 0x41)
0  -O                                                                        (1 = 100.0%)
1  ... 

Histogram: GPU.WatchdogThread.Event.main recorded 1 samples, mean = 0.0 (flags = 0x41)
0  -O                                                                        (1 = 100.0%)
1  ... 

Histogram: GPU.WatchdogThread.Timeout recorded 109 samples, mean = 0.0 (flags = 0x41)
0  ------------------------------------------------------------------------O (109 = 100.0%)
1  ... 

Histogram: GPU.WatchdogThread.Timeout.Normal recorded 109 samples, mean = 0.0 (flags = 0x41)
0  ------------------------------------------------------------------------O (109 = 100.0%)
1  ... 

Histogram: GPU.WatchdogThread.Timeout.Normal.main recorded 109 samples, mean = 0.0 (flags = 0x41)
0  ------------------------------------------------------------------------O (109 = 100.0%)
1  ... 

Histogram: GPU.WatchdogThread.Timeout.main recorded 109 samples, mean = 0.0 (flags = 0x41)
0  ------------------------------------------------------------------------O (109 = 100.0%)
1  ... 

Histogram: Gaia.AuthFetcher.ListAccounts.NetErrorCodes recorded 1 samples (flags = 0x41)
0  -O                                                                        (1 = 100.0%)

Histogram: Gpu.FenceHandle.CloneCountsPerSubmit recorded 5 samples, mean = 0.0 (flags = 0x41)
0  -----O                                                                    (5 = 100.0%)
1  ... 

Histogram: Gpu.GrCompileShaderUs recorded 4 samples, mean = 3319.5 (flags = 0x41)
0     ... 
340   -O                                                                        (1 = 25.0%) {0.0%}
448   ... 
1023  -O                                                                        (1 = 25.0%) {25.0%}
1347  -O                                                                        (1 = 25.0%) {50.0%}
1774  ... 
9260  -O                                                                        (1 = 25.0%) {75.0%}
12196 ... 

Histogram: Gpu.GrLinkProgramUs recorded 2 samples, mean = 9887.0 (flags = 0x41)
0      ... 
3077   -O                                                                        (1 = 50.0%) {0.0%}
4053   ... 
16063  -O                                                                        (1 = 50.0%) {50.0%}
21156  ... 

Histogram: Gpu.PassthroughProgramCacheLoadHitInCache recorded 2 samples, mean = 0.0 (flags = 0x41)
0  --O                                                                       (2 = 100.0%)
1  ... 

Histogram: Gpu.Rasterization.Raster.MSAASampleCountLog2 recorded 1 samples, mean = 0.0 (flags = 0x41)
0  -O                                                                        (1 = 100.0%)
1  ... 

Histogram: HangWatcher.IsThreadHung.BrowserProcess.IOThread.Normal recorded 221 samples, mean = 0.0 (flags = 0x41)
0  ------------------------------------------------------------------------O (221 = 100.0%)
1  ... 

Histogram: HangWatcher.IsThreadHung.BrowserProcess.UIThread.Normal recorded 221 samples, mean = 0.0 (flags = 0x41)
0  ------------------------------------------------------------------------O (221 = 100.0%)
1  ... 

Histogram: HangWatcher.IsThreadHung.RendererProcess.IOThread recorded 219 samples, mean = 0.0 (flags = 0x41)
0  ------------------------------------------------------------------------O (219 = 100.0%)
1  ... 

Histogram: HangWatcher.IsThreadHung.RendererProcess.IOThread.BestEffort recorded 221 samples, mean = 0.0 (flags = 0x41)
0  ------------------------------------------------------------------------O (221 = 100.0%)
1  ... 

Histogram: HangWatcher.IsThreadHung.RendererProcess.MainThread recorded 219 samples, mean = 0.0 (flags = 0x41)
0  ------------------------------------------------------------------------O (219 = 100.0%)
1  ... 

Histogram: HangWatcher.IsThreadHung.RendererProcess.MainThread.BestEffort recorded 221 samples, mean = 0.0 (flags = 0x41)
0  ------------------------------------------------------------------------O (221 = 100.0%)
1  ... 

Histogram: HangWatcher.IsThreadHung.UtilityProcess.IOThread recorded 440 samples, mean = 0.0 (flags = 0x41)
0  ------------------------------------------------------------------------O (440 = 100.0%)
1  ... 

Histogram: HangWatcher.IsThreadHung.UtilityProcess.MainThread recorded 440 samples, mean = 0.0 (flags = 0x41)
0  ------------------------------------------------------------------------O (440 = 100.0%)
1  ... 

Histogram: HangWatcher.SleepDrift.BrowserProcess recorded 1101 samples, mean = 5.6 (flags = 0x41)
0   ------------------------------------------------------------------------O (259 = 23.5%)
1   ------------------O                                                       (63 = 5.7%) {23.5%}
2   ---------------------O                                                    (76 = 6.9%) {29.2%}
3   -----------------O                                                        (62 = 5.6%) {36.1%}
4   ------------------O                                                       (63 = 5.7%) {41.8%}
5   -------------O                                                            (47 = 4.3%) {47.5%}
6   ------------------O                                                       (66 = 6.0%) {51.8%}
7   ------------------O                                                       (64 = 5.8%) {57.8%}
8   -----------------------------O                                            (106 = 9.6%) {63.6%}
10  ----------------------------------O                                       (124 = 11.3%) {73.2%}
12  ------------------------------O                                           (107 = 9.7%) {84.5%}
14  ------------------O                                                       (64 = 5.8%) {94.2%}
17  ... 

Histogram: Hardware.Display.Count.OnStartup recorded 1 samples, mean = 2.0 (flags = 0x41)
0  ... 
2  -O                                                                        (1 = 100.0%) {0.0%}
3  ... 

Histogram: Hardware.Display.SupportsHDR recorded 2 samples, mean = 0.0 (flags = 0x41)
0  --O                                                                       (2 = 100.0%)
1  ... 

Histogram: HeapProfiling.InProcess.Enabled recorded 1 samples, mean = 0.0 (flags = 0x41)
0  -O                                                                        (1 = 100.0%)
1  ... 

Histogram: HeapProfiling.InProcess.Enabled.Browser recorded 1 samples, mean = 0.0 (flags = 0x41)
0  -O                                                                        (1 = 100.0%)
1  ... 

Histogram: Histogram.TooManyBuckets.1000 recorded 4 samples (flags = 0x41)
-2140283801 --O                                                                       (2 = 50.0%)
1721222685  --O                                                                       (2 = 50.0%)

Histogram: History.Backend.TransactionCommitSuccess recorded 2 samples, mean = 1.0 (flags = 0x41)
0  O                                                                         (0 = 0.0%)
1  --O                                                                       (2 = 100.0%) {0.0%}
2  O                                                                         (0 = 0.0%) {100.0%}

Histogram: History.ClearBrowsingData.TaskQueueAtShutdown recorded 1 samples, mean = 0.0 (flags = 0x41)
0  -O                                                                        (1 = 100.0%)
1  ... 

Histogram: History.Clusters.ContextClusterer.VisitProcessingLatency.CleanUpTimer recorded 3 samples, mean = 0.0 (flags = 0x41)
0  ---O                                                                      (3 = 100.0%)
1  ... 

Histogram: History.Clusters.ContextClusterer.VisitProcessingLatency.UrlVisited recorded 4 samples, mean = 0.0 (flags = 0x41)
0  ----O                                                                     (4 = 100.0%)
1  ... 

Histogram: History.Clusters.ContextClusterer.VisitProcessingLatency.UrlsDeleted recorded 1 samples, mean = 0.0 (flags = 0x41)
0  -O                                                                        (1 = 100.0%)
1  ... 

Histogram: History.Clusters.JourneysEligibleAndEnabledAtSessionStart recorded 1 samples, mean = 1.0 (flags = 0x41)
0  O                                                                         (0 = 0.0%)
1  -O                                                                        (1 = 100.0%) {0.0%}
2  O                                                                         (0 = 0.0%) {100.0%}

Histogram: History.Clusters.KeywordCache.LoadCachesFromPrefs.Latency recorded 1 samples, mean = 0.0 (flags = 0x41)
0  -O                                                                        (1 = 100.0%)
1  ... 

Histogram: History.Clusters.KeywordCache.WriteCache.All.Latency recorded 1 samples, mean = 0.0 (flags = 0x41)
0  -O                                                                        (1 = 100.0%)
1  ... 

Histogram: History.Clusters.KeywordCache.WriteCache.Short.Latency recorded 1 samples, mean = 0.0 (flags = 0x41)
0  -O                                                                        (1 = 100.0%)
1  ... 

Histogram: History.DomainCount1Day_V2 recorded 7 samples, mean = 0.0 (flags = 0x41)
0  -------O                                                                  (7 = 100.0%)
1  ... 

Histogram: History.DomainCount1Day_V3 recorded 7 samples, mean = 0.0 (flags = 0x41)
0  -------O                                                                  (7 = 100.0%)
1  ... 

Histogram: History.DomainCount28Day_V2 recorded 7 samples, mean = 1.0 (flags = 0x41)
0  O                                                                         (0 = 0.0%)
1  -------O                                                                  (7 = 100.0%) {0.0%}
2  ... 

Histogram: History.DomainCount28Day_V3 recorded 7 samples, mean = 1.0 (flags = 0x41)
0  O                                                                         (0 = 0.0%)
1  -------O                                                                  (7 = 100.0%) {0.0%}
2  ... 

Histogram: History.DomainCount7Day_V2 recorded 7 samples, mean = 0.6 (flags = 0x41)
0  ---O                                                                      (3 = 42.9%)
1  ----O                                                                     (4 = 57.1%) {42.9%}
2  ... 

Histogram: History.DomainCount7Day_V3 recorded 7 samples, mean = 0.6 (flags = 0x41)
0  ---O                                                                      (3 = 42.9%)
1  ----O                                                                     (4 = 57.1%) {42.9%}
2  ... 

Histogram: History.InMemoryDBItemCount recorded 1 samples, mean = 2.0 (flags = 0x41)
0  ... 
2  -O                                                                        (1 = 100.0%) {0.0%}
3  ... 

Histogram: History.TopSites.QueryFromHistoryTime recorded 2 samples, mean = 166.5 (flags = 0x41)
0    -O                                                                        (1 = 50.0%)
1    ... 
318  -O                                                                        (1 = 50.0%) {50.0%}
378  ... 

Histogram: History.VisitedLinks.HashTableLengthOnReaderInit recorded 3 samples, mean = 16381.0 (flags = 0x41)
0      ... 
14319  ---O                                                                      (3 = 100.0%) {0.0%}
19866  ... 

Histogram: History.VisitedLinks.HashTableSizeOnTableCreate recorded 2 samples, mean = 0.0 (flags = 0x41)
0  --O                                                                       (2 = 100.0%)
1  ... 

Histogram: History.VisitedLinks.HashTableUsageOnLinkAdded recorded 4 samples, mean = 6.8 (flags = 0x41)
0  -O                                                                        (1 = 25.0%)
1  ... 
8  ---O                                                                      (3 = 75.0%) {25.0%}
11 ... 

Histogram: History.VisitedLinks.TryToAddFingerprint recorded 5 samples, mean = 0.8 (flags = 0x41)
0  -O                                                                        (1 = 20.0%)
1  ----O                                                                     (4 = 80.0%) {20.0%}
2  ... 

Histogram: History.VisitedLinks.VisitLoggedFromMainFrame recorded 3 samples, mean = 1.0 (flags = 0x41)
0  O                                                                         (0 = 0.0%)
1  ---O                                                                      (3 = 100.0%) {0.0%}
2  O                                                                         (0 = 0.0%) {100.0%}

Histogram: History.VisitedLinks.VisitLoggedFromTransition recorded 3 samples, mean = 1.7 (flags = 0x41)
0  O                                                                         (0 = 0.0%)
1  -O                                                                        (1 = 33.3%) {0.0%}
2  --O                                                                       (2 = 66.7%) {33.3%}
3  ... 

Histogram: HttpCache.AccessToDone2 recorded 49 samples, mean = 87.7 (flags = 0x41)
0    ... 
5    -O                                                                        (1 = 2.0%) {0.0%}
6    ... 
10   -O                                                                        (1 = 2.0%) {2.0%}
11   ... 
13   -O                                                                        (1 = 2.0%) {4.1%}
14   -O                                                                        (1 = 2.0%) {6.1%}
15   ... 
22   -O                                                                        (1 = 2.0%) {8.2%}
24   -O                                                                        (1 = 2.0%) {10.2%}
26   -O                                                                        (1 = 2.0%) {12.2%}
28   ... 
34   -O                                                                        (1 = 2.0%) {14.3%}
37   -O                                                                        (1 = 2.0%) {16.3%}
41   -O                                                                        (1 = 2.0%) {18.4%}
45   ... 
59   --O                                                                       (2 = 4.1%) {20.4%}
65   ----O                                                                     (4 = 8.2%) {24.5%}
71   ----------O                                                               (10 = 20.4%) {32.7%}
78   --O                                                                       (2 = 4.1%) {53.1%}
85   ----O                                                                     (4 = 8.2%) {57.1%}
93   ----O                                                                     (4 = 8.2%) {65.3%}
102  ---O                                                                      (3 = 6.1%) {73.5%}
112  --O                                                                       (2 = 4.1%) {79.6%}
123  --O                                                                       (2 = 4.1%) {83.7%}
135  -O                                                                        (1 = 2.0%) {87.8%}
148  -O                                                                        (1 = 2.0%) {89.8%}
162  O                                                                         (0 = 0.0%) {91.8%}
177  --O                                                                       (2 = 4.1%) {91.8%}
194  ... 
254  -O                                                                        (1 = 2.0%) {95.9%}
278  ... 
333  -O                                                                        (1 = 2.0%) {98.0%}
364  ... 

Histogram: HttpCache.AccessToDone2.SentRequest recorded 48 samples, mean = 89.4 (flags = 0x41)
0    ... 
10   -O                                                                        (1 = 2.1%) {0.0%}
11   ... 
13   -O                                                                        (1 = 2.1%) {2.1%}
14   -O                                                                        (1 = 2.1%) {4.2%}
15   ... 
22   -O                                                                        (1 = 2.1%) {6.2%}
24   -O                                                                        (1 = 2.1%) {8.3%}
26   -O                                                                        (1 = 2.1%) {10.4%}
28   ... 
34   -O                                                                        (1 = 2.1%) {12.5%}
37   -O                                                                        (1 = 2.1%) {14.6%}
41   -O                                                                        (1 = 2.1%) {16.7%}
45   ... 
59   --O                                                                       (2 = 4.2%) {18.8%}
65   ----O                                                                     (4 = 8.3%) {22.9%}
71   ----------O                                                               (10 = 20.8%) {31.2%}
78   --O                                                                       (2 = 4.2%) {52.1%}
85   ----O                                                                     (4 = 8.3%) {56.2%}
93   ----O                                                                     (4 = 8.3%) {64.6%}
102  ---O                                                                      (3 = 6.2%) {72.9%}
112  --O                                                                       (2 = 4.2%) {79.2%}
123  --O                                                                       (2 = 4.2%) {83.3%}
135  -O                                                                        (1 = 2.1%) {87.5%}
148  -O                                                                        (1 = 2.1%) {89.6%}
162  O                                                                         (0 = 0.0%) {91.7%}
177  --O                                                                       (2 = 4.2%) {91.7%}
194  ... 
254  -O                                                                        (1 = 2.1%) {95.8%}
278  ... 
333  -O                                                                        (1 = 2.1%) {97.9%}
364  ... 

Histogram: HttpCache.AccessToDone2.Used recorded 1 samples, mean = 5.0 (flags = 0x41)
0  ... 
5  -O                                                                        (1 = 100.0%) {0.0%}
6  ... 

Histogram: HttpCache.AddTransactionToEntry recorded 49 samples, mean = 0.0 (flags = 0x41)
0  -------------------------------------------------O                        (49 = 100.0%)
1  ... 

Histogram: HttpCache.BeforeSend recorded 48 samples, mean = 0.0 (flags = 0x41)
0  ------------------------------------------------O                         (48 = 100.0%)
1  ... 

Histogram: HttpCache.BeforeSend.CantConditionalize recorded 3 samples, mean = 0.0 (flags = 0x41)
0  ---O                                                                      (3 = 100.0%)
1  ... 

Histogram: HttpCache.BeforeSend.NotCached recorded 41 samples, mean = 0.0 (flags = 0x41)
0  -----------------------------------------O                                (41 = 100.0%)
1  ... 

Histogram: HttpCache.BeforeSend.Updated recorded 3 samples, mean = 0.0 (flags = 0x41)
0  ---O                                                                      (3 = 100.0%)
1  ... 

Histogram: HttpCache.BeforeSend.Validated recorded 1 samples, mean = 0.0 (flags = 0x41)
0  -O                                                                        (1 = 100.0%)
1  ... 

Histogram: HttpCache.CreateDiskEntry recorded 41 samples, mean = 0.0 (flags = 0x41)
0  -----------------------------------------O                                (41 = 100.0%)
1  ... 

Histogram: HttpCache.HardReset recorded 1 samples, mean = 0.0 (flags = 0x40)
0  -O                                                                        (1 = 100.0%)
1  ... 

Histogram: HttpCache.IsNoStore recorded 49 samples, mean = 0.1 (flags = 0x41)
0  --------------------------------------------O                             (44 = 89.8%)
1  -----O                                                                    (5 = 10.2%) {89.8%}
2  O                                                                         (0 = 0.0%) {100.0%}

Histogram: HttpCache.IsNoStore.MainFrameHTML recorded 1 samples, mean = 1.0 (flags = 0x41)
0  O                                                                         (0 = 0.0%)
1  -O                                                                        (1 = 100.0%) {0.0%}
2  O                                                                         (0 = 0.0%) {100.0%}

Histogram: HttpCache.MaxFileSizeOnInit recorded 1 samples, mean = 40960.0 (flags = 0x41)
0      ... 
37526  -O                                                                        (1 = 100.0%) {0.0%}
42713  ... 

Histogram: HttpCache.OpenDiskEntry recorded 8 samples, mean = 0.0 (flags = 0x41)
0  --------O                                                                 (8 = 100.0%)
1  ... 

Histogram: HttpCache.Pattern recorded 49 samples, mean = 2.5 (flags = 0x41)
0  ... 
2  -----------------------------------------O                                (41 = 83.7%) {0.0%}
3  -O                                                                        (1 = 2.0%) {83.7%}
4  -O                                                                        (1 = 2.0%) {85.7%}
5  ---O                                                                      (3 = 6.1%) {87.8%}
6  ---O                                                                      (3 = 6.1%) {93.9%}
7  O                                                                         (0 = 0.0%) {100.0%}

Histogram: HttpCache.Pattern.CSS recorded 7 samples, mean = 2.3 (flags = 0x41)
0  ... 
2  ------O                                                                   (6 = 85.7%) {0.0%}
3  O                                                                         (0 = 0.0%) {85.7%}
4  -O                                                                        (1 = 14.3%) {85.7%}
5  ... 

Histogram: HttpCache.Pattern.CSSThirdParty recorded 7 samples, mean = 2.3 (flags = 0x41)
0  ... 
2  ------O                                                                   (6 = 85.7%) {0.0%}
3  O                                                                         (0 = 0.0%) {85.7%}
4  -O                                                                        (1 = 14.3%) {85.7%}
5  ... 

Histogram: HttpCache.Pattern.Font recorded 5 samples, mean = 2.0 (flags = 0x41)
0  ... 
2  -----O                                                                    (5 = 100.0%) {0.0%}
3  ... 

Histogram: HttpCache.Pattern.FontThirdParty recorded 5 samples, mean = 2.0 (flags = 0x41)
0  ... 
2  -----O                                                                    (5 = 100.0%) {0.0%}
3  ... 

Histogram: HttpCache.Pattern.Image recorded 2 samples, mean = 3.5 (flags = 0x41)
0  ... 
2  -O                                                                        (1 = 50.0%) {0.0%}
3  ... 
5  -O                                                                        (1 = 50.0%) {50.0%}
6  ... 

Histogram: HttpCache.Pattern.JavaScript recorded 26 samples, mean = 2.1 (flags = 0x41)
0  ... 
2  -------------------------O                                                (25 = 96.2%) {0.0%}
3  ... 
5  -O                                                                        (1 = 3.8%) {96.2%}
6  ... 

Histogram: HttpCache.Pattern.JavaScriptThirdParty recorded 25 samples, mean = 2.1 (flags = 0x41)
0  ... 
2  ------------------------O                                                 (24 = 96.0%) {0.0%}
3  ... 
5  -O                                                                        (1 = 4.0%) {96.0%}
6  ... 

Histogram: HttpCache.Pattern.MainFrameHTML recorded 1 samples, mean = 2.0 (flags = 0x41)
0  ... 
2  -O                                                                        (1 = 100.0%) {0.0%}
3  ... 

Histogram: HttpCache.Pattern.NonTinyImage recorded 1 samples, mean = 2.0 (flags = 0x41)
0  ... 
2  -O                                                                        (1 = 100.0%) {0.0%}
3  ... 

Histogram: HttpCache.TotalDiskCacheTimePerTransaction.Read recorded 7 samples, mean = 0.0 (flags = 0x41)
0  -------O                                                                  (7 = 100.0%)
1  ... 

Histogram: HttpCache.TotalDiskCacheTimePerTransaction.Write recorded 43 samples, mean = 0.7 (flags = 0x41)
0  -------------------------O                                                (25 = 58.1%)
1  -----------O                                                              (11 = 25.6%) {58.1%}
2  ----O                                                                     (4 = 9.3%) {83.7%}
3  ---O                                                                      (3 = 7.0%) {93.0%}
4  ... 

Histogram: ImageDecoder.Png.UiGfxIntoSkBitmap recorded 1 samples, mean = 2260.0 (flags = 0x41)
0     ... 
1774  -O                                                                        (1 = 100.0%) {0.0%}
2336  ... 

Histogram: ImportantFile.FileReplaceRetryCount recorded 15 samples, mean = 0.0 (flags = 0x41)
0  ---------------O                                                          (15 = 100.0%)
1  ... 

Histogram: ImportantFile.SerializationDuration recorded 2 samples, mean = 0.0 (flags = 0x41)
0  --O                                                                       (2 = 100.0%)
1  ... 

Histogram: ImportantFile.SerializationDuration.BrowsingTopicsState recorded 1 samples, mean = 0.0 (flags = 0x41)
0  -O                                                                        (1 = 100.0%)
1  ... 

Histogram: ImportantFile.SerializationDuration.Local_State recorded 5 samples, mean = 0.0 (flags = 0x41)
0  -----O                                                                    (5 = 100.0%)
1  ... 

Histogram: ImportantFile.SerializationDuration.Preferences recorded 3 samples, mean = 0.0 (flags = 0x41)
0  ---O                                                                      (3 = 100.0%)
1  ... 

Histogram: ImportantFile.SerializationDuration.TransportSecurityPersister recorded 1 samples, mean = 0.0 (flags = 0x41)
0  -O                                                                        (1 = 100.0%)
1  ... 

Histogram: ImportantFile.WriteDuration recorded 2 samples, mean = 9.0 (flags = 0x41)
0   ... 
8   -O                                                                        (1 = 50.0%) {0.0%}
10  -O                                                                        (1 = 50.0%) {50.0%}
12  ... 

Histogram: ImportantFile.WriteDuration.BrowsingTopicsState recorded 1 samples, mean = 10.0 (flags = 0x41)
0   ... 
10  -O                                                                        (1 = 100.0%) {0.0%}
12  ... 

Histogram: ImportantFile.WriteDuration.Local_State recorded 5 samples, mean = 7.8 (flags = 0x41)
0  ... 
6  -O                                                                        (1 = 20.0%) {0.0%}
7  -O                                                                        (1 = 20.0%) {20.0%}
8  ---O                                                                      (3 = 60.0%) {40.0%}
10 ... 

Histogram: ImportantFile.WriteDuration.Preferences recorded 3 samples, mean = 8.7 (flags = 0x41)
0   ... 
8   --O                                                                       (2 = 66.7%) {0.0%}
10  -O                                                                        (1 = 33.3%) {66.7%}
12  ... 

Histogram: ImportantFile.WriteDuration.SCTAuditing recorded 2 samples, mean = 2.0 (flags = 0x41)
0  ... 
2  --O                                                                       (2 = 100.0%) {0.0%}
3  ... 

Histogram: ImportantFile.WriteDuration.TransportSecurityPersister recorded 1 samples, mean = 9.0 (flags = 0x41)
0  ... 
8  -O                                                                        (1 = 100.0%) {0.0%}
10 ... 

Histogram: ImportantFile.WriteDuration.TrustedVault recorded 1 samples, mean = 8.0 (flags = 0x41)
0  ... 
8  -O                                                                        (1 = 100.0%) {0.0%}
10 ... 

Histogram: InProductHelp.Config.ParsingEvent recorded 68 samples, mean = 6.4 (flags = 0x41)
0   -----------------------------O                                            (29 = 42.6%)
1   O                                                                         (0 = 0.0%) {42.6%}
2   ---------O                                                                (9 = 13.2%) {42.6%}
3   ... 
14  ------------------------------O                                           (30 = 44.1%) {55.9%}
15  ... 

Histogram: InProductHelp.Db.Init.AvailabilityStore recorded 1 samples, mean = 0.0 (flags = 0x41)
0  -O                                                                        (1 = 100.0%)
1  ... 

Histogram: InProductHelp.Db.Init.EventStore recorded 1 samples, mean = 0.0 (flags = 0x41)
0  -O                                                                        (1 = 100.0%)
1  ... 

Histogram: IndexedDB.ContextShutdownDuration recorded 1 samples, mean = 0.0 (flags = 0x41)
0  -O                                                                        (1 = 100.0%)
1  ... 

Histogram: Input.Digitizer.MaxTouchPoints.Touch recorded 1 samples, mean = 2.0 (flags = 0x41)
0  ... 
2  -O                                                                        (1 = 100.0%) {0.0%}
3  ... 

Histogram: Input.Digitizer.MaxTouchPointsSupportedBySystemAtStartup recorded 1 samples, mean = 2.0 (flags = 0x41)
0  ... 
2  -O                                                                        (1 = 100.0%) {0.0%}
3  ... 

Histogram: Input.Digitizer.OnStartup recorded 1 samples, mean = 3.0 (flags = 0x41)
0  ... 
3  -O                                                                        (1 = 100.0%) {0.0%}
4  ... 

Histogram: Input.PointerTypePrimary recorded 1 samples, mean = 2.0 (flags = 0x41)
0  ... 
2  -O                                                                        (1 = 100.0%) {0.0%}
3  O                                                                         (0 = 0.0%) {100.0%}

Histogram: Input.PointerTypesAll recorded 1 samples, mean = 3.0 (flags = 0x41)
0  ... 
3  -O                                                                        (1 = 100.0%) {0.0%}
4  O                                                                         (0 = 0.0%) {100.0%}

Histogram: LanguageDetection.TFLiteModel.WasModelRequestDeferred recorded 2 samples, mean = 1.0 (flags = 0x41)
0  O                                                                         (0 = 0.0%)
1  --O                                                                       (2 = 100.0%) {0.0%}
2  O                                                                         (0 = 0.0%) {100.0%}

Histogram: LanguageUsage.AcceptLanguage recorded 1 samples (flags = 0x41)
25966  -O                                                                        (1 = 100.0%)

Histogram: LanguageUsage.AcceptLanguage.Count recorded 1 samples, mean = 1.0 (flags = 0x41)
0  O                                                                         (0 = 0.0%)
1  -O                                                                        (1 = 100.0%) {0.0%}
2  ... 

Histogram: LanguageUsage.AcceptLanguageAndContentLanguageUsage recorded 1 samples, mean = 0.0 (flags = 0x41)
0  -O                                                                        (1 = 100.0%)
1  ... 

Histogram: LanguageUsage.AcceptLanguageAndXmlHtmlLangUsage recorded 1 samples, mean = 7.0 (flags = 0x41)
0  ... 
7  -O                                                                        (1 = 100.0%) {0.0%}
8  O                                                                         (0 = 0.0%) {100.0%}

Histogram: LevelDB.ApproximateMemTableMemoryUse.BudgetManager recorded 0 samples (flags = 0x41)
0 ... 

Histogram: LevelDB.ApproximateMemTableMemoryUse.CartDatabase recorded 0 samples (flags = 0x41)
0 ... 

Histogram: LevelDB.ApproximateMemTableMemoryUse.ClientCertificatesDatabase recorded 0 samples (flags = 0x41)
0 ... 

Histogram: LevelDB.ApproximateMemTableMemoryUse.CommerceParcelTrackingDatabase recorded 0 samples (flags = 0x41)
0 ... 

Histogram: LevelDB.ApproximateMemTableMemoryUse.CommerceSubscriptionDatabase recorded 0 samples (flags = 0x41)
0 ... 

Histogram: LevelDB.ApproximateMemTableMemoryUse.CouponDatabase recorded 0 samples (flags = 0x41)
0 ... 

Histogram: LevelDB.ApproximateMemTableMemoryUse.DiscountsDatabase recorded 0 samples (flags = 0x41)
0 ... 

Histogram: LevelDB.ApproximateMemTableMemoryUse.DownloadDB recorded 0 samples (flags = 0x41)
0 ... 

Histogram: LevelDB.ApproximateMemTableMemoryUse.DownloadService recorded 0 samples (flags = 0x41)
0 ... 

Histogram: LevelDB.ApproximateMemTableMemoryUse.FeatureEngagementTrackerAvailabilityStore recorded 0 samples (flags = 0x41)
0 ... 

Histogram: LevelDB.ApproximateMemTableMemoryUse.FeatureEngagementTrackerEventStore recorded 0 samples (flags = 0x41)
0 ... 

Histogram: LevelDB.ApproximateMemTableMemoryUse.GCMKeyStore recorded 0 samples (flags = 0x41)
0 ... 

Histogram: LevelDB.ApproximateMemTableMemoryUse.Metadata recorded 0 samples (flags = 0x41)
0 ... 

Histogram: LevelDB.ApproximateMemTableMemoryUse.PersistentOriginTrials recorded 0 samples (flags = 0x41)
0 ... 

Histogram: LevelDB.ApproximateMemTableMemoryUse.PreviewsHintCacheStore recorded 0 samples (flags = 0x41)
0 ... 

Histogram: LevelDB.ApproximateMemTableMemoryUse.SegmentInfoDatabase recorded 0 samples (flags = 0x41)
0 ... 

Histogram: LevelDB.ApproximateMemTableMemoryUse.SharedProtoDB recorded 0 samples (flags = 0x41)
0 ... 

Histogram: LevelDB.ApproximateMemTableMemoryUse.SignalDatabase recorded 0 samples (flags = 0x41)
0 ... 

Histogram: LevelDB.ApproximateMemTableMemoryUse.SignalStorageConfigDatabase recorded 0 samples (flags = 0x41)
0 ... 

Histogram: LevelDB.ApproximateMemTableMemoryUse.StrikeService recorded 0 samples (flags = 0x41)
0 ... 

Histogram: LevelDBEnv.DeleteTableBackupFile recorded 0 samples (flags = 0x41)
0 ... 

Histogram: LevelDBWrapper.CommitDelay recorded 2 samples, mean = 5000.0 (flags = 0x41)
0     ... 
4516  --O                                                                       (2 = 100.0%) {0.0%}
6118  ... 

Histogram: LoadingPredictor.PreconnectCount recorded 1 samples, mean = 1.0 (flags = 0x41)
0  O                                                                         (0 = 0.0%)
1  -O                                                                        (1 = 100.0%) {0.0%}
2  ... 

Histogram: LoadingPredictor.PreconnectHitsPercentage recorded 1 samples, mean = 100.0 (flags = 0x41)
0    ... 
100  -O                                                                        (1 = 100.0%) {0.0%}
101  O                                                                         (0 = 0.0%) {100.0%}

Histogram: LoadingPredictor.PredictorDatabaseFileSize recorded 1 samples, mean = 44.0 (flags = 0x41)
0   ... 
37  -O                                                                        (1 = 100.0%) {0.0%}
49  ... 

Histogram: LoadingPredictor.PreresolveCount recorded 1 samples, mean = 1.0 (flags = 0x41)
0  O                                                                         (0 = 0.0%)
1  -O                                                                        (1 = 100.0%) {0.0%}
2  ... 

Histogram: LoadingPredictor.PreresolveHitsPercentage recorded 1 samples, mean = 100.0 (flags = 0x41)
0    ... 
100  -O                                                                        (1 = 100.0%) {0.0%}
101  O                                                                         (0 = 0.0%) {100.0%}

Histogram: LocalStorage.MojoSizeInKB recorded 1 samples, mean = 0.0 (flags = 0x41)
0  -O                                                                        (1 = 100.0%)
1  ... 

Histogram: LocalStorage.MojoTimeToPrime recorded 1 samples, mean = 0.0 (flags = 0x41)
0  -O                                                                        (1 = 100.0%)
1  ... 

Histogram: LocalStorage.MojoTimeToPrimeForUnder100KB recorded 1 samples, mean = 0.0 (flags = 0x41)
0  -O                                                                        (1 = 100.0%)
1  ... 

Histogram: LocalStorage.RendererAreaCacheHit recorded 2 samples, mean = 1.0 (flags = 0x41)
0  -O                                                                        (1 = 50.0%)
1  O                                                                         (0 = 0.0%) {50.0%}
2  -O                                                                        (1 = 50.0%) {50.0%}
3  O                                                                         (0 = 0.0%) {100.0%}

Histogram: LocalStorageContext.ShutDown.MaybeDroppedChanges recorded 1 samples, mean = 0.0 (flags = 0x40)
0  -O                                                                        (1 = 100.0%)
1  ... 

Histogram: MPArch.ChildProcessLaunchFirst recorded 1 samples, mean = 8.0 (flags = 0x41)
0  ... 
8  -O                                                                        (1 = 100.0%) {0.0%}
10 ... 

Histogram: MPArch.ChildProcessLaunchSubsequent recorded 7 samples, mean = 2.6 (flags = 0x41)
0  ... 
2  ---O                                                                      (3 = 42.9%) {0.0%}
3  ----O                                                                     (4 = 57.1%) {42.9%}
4  ... 

Histogram: ManagedUsers.BlockedIframeCount recorded 1 samples, mean = 0.0 (flags = 0x41)
0  -O                                                                        (1 = 100.0%)
1  ... 

Histogram: Manifest.HasProperty.description recorded 1 samples, mean = 0.0 (flags = 0x41)
0  -O                                                                        (1 = 100.0%)
1  ... 

Histogram: Manifest.HasProperty.display recorded 1 samples, mean = 1.0 (flags = 0x41)
0  O                                                                         (0 = 0.0%)
1  -O                                                                        (1 = 100.0%) {0.0%}
2  O                                                                         (0 = 0.0%) {100.0%}

Histogram: Manifest.HasProperty.gcm_sender_id recorded 1 samples, mean = 0.0 (flags = 0x41)
0  -O                                                                        (1 = 100.0%)
1  ... 

Histogram: Manifest.HasProperty.icons recorded 1 samples, mean = 1.0 (flags = 0x41)
0  O                                                                         (0 = 0.0%)
1  -O                                                                        (1 = 100.0%) {0.0%}
2  O                                                                         (0 = 0.0%) {100.0%}

Histogram: Manifest.HasProperty.name recorded 1 samples, mean = 1.0 (flags = 0x41)
0  O                                                                         (0 = 0.0%)
1  -O                                                                        (1 = 100.0%) {0.0%}
2  O                                                                         (0 = 0.0%) {100.0%}

Histogram: Manifest.HasProperty.orientation recorded 1 samples, mean = 0.0 (flags = 0x41)
0  -O                                                                        (1 = 100.0%)
1  ... 

Histogram: Manifest.HasProperty.protocol_handlers recorded 1 samples, mean = 0.0 (flags = 0x41)
0  -O                                                                        (1 = 100.0%)
1  ... 

Histogram: Manifest.HasProperty.screenshots recorded 1 samples, mean = 0.0 (flags = 0x41)
0  -O                                                                        (1 = 100.0%)
1  ... 

Histogram: Manifest.HasProperty.share_target recorded 1 samples, mean = 0.0 (flags = 0x41)
0  -O                                                                        (1 = 100.0%)
1  ... 

Histogram: Manifest.HasProperty.short_name recorded 1 samples, mean = 1.0 (flags = 0x41)
0  O                                                                         (0 = 0.0%)
1  -O                                                                        (1 = 100.0%) {0.0%}
2  O                                                                         (0 = 0.0%) {100.0%}

Histogram: Manifest.HasProperty.start_url recorded 1 samples, mean = 1.0 (flags = 0x41)
0  O                                                                         (0 = 0.0%)
1  -O                                                                        (1 = 100.0%) {0.0%}
2  O                                                                         (0 = 0.0%) {100.0%}

Histogram: Manifest.ParseIdResult recorded 1 samples, mean = 1.0 (flags = 0x41)
0  O                                                                         (0 = 0.0%)
1  -O                                                                        (1 = 100.0%) {0.0%}
2  ... 

Histogram: Media.GPU.VideoDecoderType recorded 1 samples, mean = 11.0 (flags = 0x41)
0   ... 
11  -O                                                                        (1 = 100.0%) {0.0%}
12  ... 

Histogram: Media.MediaHistory.DatabaseExists recorded 1 samples, mean = 0.0 (flags = 0x41)
0  -O                                                                        (1 = 100.0%)
1  ... 

Histogram: MediaRouter.Cast.Discovery.ConnectedDevicesCount recorded 1 samples, mean = 0.0 (flags = 0x41)
0  -O                                                                        (1 = 100.0%)
1  ... 

Histogram: MediaRouter.Cast.Discovery.KnownDevicesCount recorded 1 samples, mean = 0.0 (flags = 0x41)
0  -O                                                                        (1 = 100.0%)
1  ... 

Histogram: MediaRouter.Dial.AvailableDevicesCount recorded 1 samples, mean = 0.0 (flags = 0x41)
0  -O                                                                        (1 = 100.0%)
1  ... 

Histogram: MediaRouter.Dial.KnownDevicesCount recorded 1 samples, mean = 0.0 (flags = 0x41)
0  -O                                                                        (1 = 100.0%)
1  ... 

Histogram: Memory.Discardable.FreelistSize.Foreground recorded 4 samples, mean = 1023.0 (flags = 0x41)
0     ---O                                                                      (3 = 75.0%)
1     ... 
4053  -O                                                                        (1 = 25.0%) {75.0%}
5338  ... 

Histogram: Memory.Discardable.Size.Foreground recorded 4 samples, mean = 1.0 (flags = 0x41)
0  ---O                                                                      (3 = 75.0%)
1  ... 
4  -O                                                                        (1 = 25.0%) {75.0%}
5  ... 

Histogram: Memory.Discardable.VirtualSize.Foreground recorded 4 samples, mean = 1024.0 (flags = 0x41)
0     ---O                                                                      (3 = 75.0%)
1     ... 
4053  -O                                                                        (1 = 25.0%) {75.0%}
5338  ... 

Histogram: Memory.DiscardableAllocationSize recorded 1 samples, mean = 4.0 (flags = 0x41)
0  ... 
4  -O                                                                        (1 = 100.0%) {0.0%}
5  ... 

Histogram: Memory.Experimental.AvailableMemoryMB recorded 18 samples, mean = 29237.6 (flags = 0x41)
0      ... 
21522  -O                                                                        (1 = 5.6%) {0.0%}
23763  --O                                                                       (2 = 11.1%) {5.6%}
26238  ----O                                                                     (4 = 22.2%) {16.7%}
28971  -------O                                                                  (7 = 38.9%) {38.9%}
31988  ----O                                                                     (4 = 22.2%) {77.8%}
35320  ... 

Histogram: Memory.Experimental.AvailableMemoryPercent recorded 18 samples, mean = 45.9 (flags = 0x41)
0   ... 
37  --O                                                                       (2 = 11.1%) {0.0%}
38  -O                                                                        (1 = 5.6%) {11.1%}
39  ... 
42  --O                                                                       (2 = 11.1%) {16.7%}
43  ... 
45  --O                                                                       (2 = 11.1%) {27.8%}
46  ---O                                                                      (3 = 16.7%) {38.9%}
47  --O                                                                       (2 = 11.1%) {55.6%}
48  --O                                                                       (2 = 11.1%) {66.7%}
49  ... 
52  -O                                                                        (1 = 5.6%) {77.8%}
53  --O                                                                       (2 = 11.1%) {83.3%}
54  -O                                                                        (1 = 5.6%) {94.4%}
55  ... 

Histogram: Memory.Experimental.Renderer.HighestPrivateMemoryFootprint.0to2min recorded 1 samples, mean = 78.0 (flags = 0x41)
0   ... 
75  -O                                                                        (1 = 100.0%) {0.0%}
84  ... 

Histogram: Memory.Experimental.Renderer.HighestPrivateMemoryFootprint.2to4min recorded 1 samples, mean = 60.0 (flags = 0x41)
0   ... 
60  -O                                                                        (1 = 100.0%) {0.0%}
67  ... 

Histogram: Memory.Experimental.Renderer.HighestPrivateMemoryFootprint.4to8min recorded 1 samples, mean = 61.0 (flags = 0x41)
0   ... 
60  -O                                                                        (1 = 100.0%) {0.0%}
67  ... 

Histogram: Memory.Experimental.Renderer.HighestPrivateMemoryFootprint.8to16min recorded 1 samples, mean = 60.0 (flags = 0x41)
0   ... 
60  -O                                                                        (1 = 100.0%) {0.0%}
67  ... 

Histogram: Memory.GPU.PeakMemoryAllocationSource2.PageLoad.SharedContextState recorded 1 samples, mean = 0.0 (flags = 0x41)
0  -O                                                                        (1 = 100.0%)
1  ... 

Histogram: Memory.GPU.PeakMemoryAllocationSource2.PageLoad.SharedImageStub recorded 1 samples, mean = 0.0 (flags = 0x41)
0  -O                                                                        (1 = 100.0%)
1  ... 

Histogram: Memory.GPU.PeakMemoryAllocationSource2.PageLoad.Skia recorded 1 samples, mean = 0.0 (flags = 0x41)
0  -O                                                                        (1 = 100.0%)
1  ... 

Histogram: Memory.GPU.PeakMemoryUsage2.PageLoad recorded 1 samples, mean = 0.0 (flags = 0x41)
0  -O                                                                        (1 = 100.0%)
1  ... 

Histogram: Memory.ParkableString.Compression.Latency recorded 18 samples, mean = 4044.1 (flags = 0x41)
0      ---O                                                                      (3 = 16.7%)
500    O                                                                         (0 = 0.0%) {16.7%}
540    -O                                                                        (1 = 5.6%) {16.7%}
584    O                                                                         (0 = 0.0%) {22.2%}
631    -O                                                                        (1 = 5.6%) {22.2%}
682    ... 
929    -O                                                                        (1 = 5.6%) {27.8%}
1004   ... 
1173   -O                                                                        (1 = 5.6%) {33.3%}
1268   ... 
1728   -O                                                                        (1 = 5.6%) {38.9%}
1867   -O                                                                        (1 = 5.6%) {44.4%}
2018   -O                                                                        (1 = 5.6%) {50.0%}
2181   -O                                                                        (1 = 5.6%) {55.6%}
2357   ... 
2752   -O                                                                        (1 = 5.6%) {61.1%}
2974   O                                                                         (0 = 0.0%) {66.7%}
3214   -O                                                                        (1 = 5.6%) {66.7%}
3473   ... 
4383   -O                                                                        (1 = 5.6%) {72.2%}
4737   ... 
11119  -O                                                                        (1 = 5.6%) {77.8%}
12016  --O                                                                       (2 = 11.1%) {83.3%}
12985  O                                                                         (0 = 0.0%) {94.4%}
14032  -O                                                                        (1 = 5.6%) {94.4%}
15164  ... 

Histogram: Memory.ParkableString.Compression.SizeKb recorded 18 samples, mean = 272.3 (flags = 0x41)
0    ... 
14   -O                                                                        (1 = 5.6%) {0.0%}
16   ... 
20   -O                                                                        (1 = 5.6%) {5.6%}
23   ... 
29   --O                                                                       (2 = 11.1%) {11.1%}
33   ... 
60   -O                                                                        (1 = 5.6%) {22.2%}
67   O                                                                         (0 = 0.0%) {27.8%}
75   -O                                                                        (1 = 5.6%) {27.8%}
84   -O                                                                        (1 = 5.6%) {33.3%}
95   O                                                                         (0 = 0.0%) {38.9%}
107  -O                                                                        (1 = 5.6%) {38.9%}
120  O                                                                         (0 = 0.0%) {44.4%}
135  -O                                                                        (1 = 5.6%) {44.4%}
152  O                                                                         (0 = 0.0%) {50.0%}
171  --O                                                                       (2 = 11.1%) {50.0%}
192  -O                                                                        (1 = 5.6%) {61.1%}
216  ... 
307  -O                                                                        (1 = 5.6%) {66.7%}
345  -O                                                                        (1 = 5.6%) {72.2%}
388  ... 
623  -O                                                                        (1 = 5.6%) {77.8%}
701  -O                                                                        (1 = 5.6%) {83.3%}
789  --O                                                                       (2 = 11.1%) {88.9%}
888  ... 

Histogram: Memory.ParkableString.Decompression.Latency recorded 3 samples, mean = 288.7 (flags = 0x41)
0    --O                                                                       (2 = 66.7%)
500  -O                                                                        (1 = 33.3%) {66.7%}
540  ... 

Histogram: Memory.ParkableString.Decompression.ThroughputMBps recorded 3 samples, mean = 391.7 (flags = 0x41)
0    ... 
171  -O                                                                        (1 = 33.3%) {0.0%}
192  ... 
307  -O                                                                        (1 = 33.3%) {33.3%}
345  ... 
623  -O                                                                        (1 = 33.3%) {66.7%}
701  ... 

Histogram: Memory.ParkableString.DiskReadTime.5min recorded 1 samples, mean = 0.0 (flags = 0x41)
0  -O                                                                        (1 = 100.0%)
1  ... 

Histogram: Memory.ParkableString.DiskWriteTime.5min recorded 1 samples, mean = 10.0 (flags = 0x41)
0   ... 
10  -O                                                                        (1 = 100.0%) {0.0%}
12  ... 

Histogram: Memory.ParkableString.OnDiskSizeKb.5min recorded 1 samples, mean = 968.0 (flags = 0x41)
0    ... 
896  -O                                                                        (1 = 100.0%) {0.0%}
1122 ... 

Histogram: Memory.ParkableString.Read.Latency recorded 3 samples, mean = 52.3 (flags = 0x41)
0  ---O                                                                      (3 = 100.0%)
500... 

Histogram: Memory.ParkableString.TotalParkingThreadTime.5min recorded 1 samples, mean = 71.0 (flags = 0x41)
0   ... 
68  -O                                                                        (1 = 100.0%) {0.0%}
81  ... 

Histogram: Memory.ParkableString.TotalUnparkingTime.5min recorded 1 samples, mean = 0.0 (flags = 0x41)
0  -O                                                                        (1 = 100.0%)
1  ... 

Histogram: Memory.PartitionAlloc.MemoryReclaim recorded 2149 samples, mean = 317.9 (flags = 0x41)
0     ... 
65    -----------------------------------O                                      (242 = 11.3%) {0.0%}
86    ---------------------------------------------O                            (308 = 14.3%) {11.3%}
113   -------------------------------------------------------------O            (414 = 19.3%) {25.6%}
149   --------------O                                                           (95 = 4.4%) {44.9%}
196   --O                                                                       (14 = 0.7%) {49.3%}
258   --O                                                                       (13 = 0.6%) {49.9%}
340   ------------------------------------------------------------O             (410 = 19.1%) {50.5%}
448   -----------------------O                                                  (158 = 7.4%) {69.6%}
590   ------------------------------------------------------------------------O (491 = 22.8%) {77.0%}
777   O                                                                         (3 = 0.1%) {99.8%}
1023  O                                                                         (1 = 0.0%) {100.0%}
1347  ... 

Histogram: Memory.PartitionAlloc.PartitionRoot.ExtrasSize recorded 1 samples, mean = 4.0 (flags = 0x41)
0  ... 
4  -O                                                                        (1 = 100.0%) {0.0%}
5  ... 

Histogram: Memory.PartitionAlloc.PeriodicPurge recorded 259 samples, mean = 25.4 (flags = 0x41)
0    ... 
4    -O                                                                        (1 = 0.4%) {0.0%}
5    ----------------O                                                         (16 = 6.2%) {0.4%}
7    ----------O                                                               (10 = 3.9%) {6.6%}
9    -------------O                                                            (13 = 5.0%) {10.4%}
12   -------------------O                                                      (19 = 7.3%) {15.4%}
16   --------------------------------------------O                             (44 = 17.0%) {22.8%}
21   ------------------------------------------------------------------O       (66 = 25.5%) {39.8%}
28   --------------------------------------------------------O                 (56 = 21.6%) {65.3%}
37   -------------------O                                                      (19 = 7.3%) {86.9%}
49   -------O                                                                  (7 = 2.7%) {94.2%}
65   ------O                                                                   (6 = 2.3%) {96.9%}
86   -O                                                                        (1 = 0.4%) {99.2%}
113  O                                                                         (0 = 0.0%) {99.6%}
149  -O                                                                        (1 = 0.4%) {99.6%}
196  ... 

Histogram: Memory.PressureLevel2 recorded 2211 samples, mean = 0.0 (flags = 0x41)
0  ------------------------------------------------------------------------O (2211 = 100.0%)
1  ... 

Histogram: Mojo.Channel.WriteReceiveMessageProcessType recorded 4 samples, mean = 2.8 (flags = 0x41)
0  --O                                                                       (2 = 50.0%)
1  O                                                                         (0 = 0.0%) {50.0%}
2  -O                                                                        (1 = 25.0%) {50.0%}
3  ... 
9  -O                                                                        (1 = 25.0%) {75.0%}
10 ... 

Histogram: NQE.ContentObserver.NetworkQualityMeaningfullyChanged recorded 7 samples, mean = 1.0 (flags = 0x40)
0  O                                                                         (0 = 0.0%)
1  -------O                                                                  (7 = 100.0%) {0.0%}
2  O                                                                         (0 = 0.0%) {100.0%}

Histogram: NQE.RTT.Error.Absolute recorded 46 samples, mean = 34.4 (flags = 0x41)
0    O                                                                         (0 = 0.0%)
1    --O                                                                       (2 = 4.3%) {0.0%}
2    -O                                                                        (1 = 2.2%) {4.3%}
3    -------O                                                                  (7 = 15.2%) {6.5%}
4    O                                                                         (0 = 0.0%) {21.7%}
5    ----O                                                                     (4 = 8.7%) {21.7%}
6    --O                                                                       (2 = 4.3%) {30.4%}
7    ----O                                                                     (4 = 8.7%) {34.8%}
8    --O                                                                       (2 = 4.3%) {43.5%}
10   O                                                                         (0 = 0.0%) {47.8%}
12   ---O                                                                      (3 = 6.5%) {47.8%}
14   -----O                                                                    (5 = 10.9%) {54.3%}
17   --O                                                                       (2 = 4.3%) {65.2%}
20   O                                                                         (0 = 0.0%) {69.6%}
24   ----O                                                                     (4 = 8.7%) {69.6%}
29   ... 
57   -O                                                                        (1 = 2.2%) {78.3%}
68   O                                                                         (0 = 0.0%) {80.4%}
81   -O                                                                        (1 = 2.2%) {80.4%}
96   --O                                                                       (2 = 4.3%) {82.6%}
114  -O                                                                        (1 = 2.2%) {87.0%}
135  -----O                                                                    (5 = 10.9%) {89.1%}
160  ... 

Histogram: NQE.RTT.Error.IsZero recorded 46 samples, mean = 0.0 (flags = 0x41)
0  ----------------------------------------------O                           (46 = 100.0%)
1  ... 

Histogram: NQE.RTT.Error.Negative recorded 13 samples, mean = 54.2 (flags = 0x41)
0    O                                                                         (0 = 0.0%)
1    -O                                                                        (1 = 7.7%) {0.0%}
2    O                                                                         (0 = 0.0%) {7.7%}
3    -O                                                                        (1 = 7.7%) {7.7%}
4    ... 
6    -O                                                                        (1 = 7.7%) {15.4%}
7    ... 
12   --O                                                                       (2 = 15.4%) {23.1%}
14   ----O                                                                     (4 = 30.8%) {38.5%}
17   ... 
135  ----O                                                                     (4 = 30.8%) {69.2%}
160  ... 

Histogram: NQE.RTT.Error.Positive recorded 33 samples, mean = 26.6 (flags = 0x41)
0    O                                                                         (0 = 0.0%)
1    -O                                                                        (1 = 3.0%) {0.0%}
2    -O                                                                        (1 = 3.0%) {3.0%}
3    ------O                                                                   (6 = 18.2%) {6.1%}
4    O                                                                         (0 = 0.0%) {24.2%}
5    ----O                                                                     (4 = 12.1%) {24.2%}
6    -O                                                                        (1 = 3.0%) {36.4%}
7    ----O                                                                     (4 = 12.1%) {39.4%}
8    --O                                                                       (2 = 6.1%) {51.5%}
10   O                                                                         (0 = 0.0%) {57.6%}
12   -O                                                                        (1 = 3.0%) {57.6%}
14   -O                                                                        (1 = 3.0%) {60.6%}
17   --O                                                                       (2 = 6.1%) {63.6%}
20   O                                                                         (0 = 0.0%) {69.7%}
24   ----O                                                                     (4 = 12.1%) {69.7%}
29   ... 
57   -O                                                                        (1 = 3.0%) {81.8%}
68   O                                                                         (0 = 0.0%) {84.8%}
81   -O                                                                        (1 = 3.0%) {84.8%}
96   --O                                                                       (2 = 6.1%) {87.9%}
114  -O                                                                        (1 = 3.0%) {93.9%}
135  -O                                                                        (1 = 3.0%) {97.0%}
160  ... 

Histogram: NQE.RTT.HittingThreshold.EndToEnd.FallbackSuccess recorded 7 samples, mean = 0.0 (flags = 0x41)
0  -------O                                                                  (7 = 100.0%)
1  ... 

Histogram: NQE.RTT.HittingThreshold.Transport.FallbackSuccess recorded 1 samples, mean = 0.0 (flags = 0x41)
0  -O                                                                        (1 = 100.0%)
1  ... 

Histogram: NQE.RTT.ObservationSource recorded 61 samples, mean = 0.7 (flags = 0x41)
0  ----------------------------------------------O                           (46 = 75.4%)
1  O                                                                         (0 = 0.0%) {75.4%}
2  -----------O                                                              (11 = 18.0%) {75.4%}
3  -O                                                                        (1 = 1.6%) {93.4%}
4  -O                                                                        (1 = 1.6%) {95.1%}
5  O                                                                         (0 = 0.0%) {96.7%}
6  -O                                                                        (1 = 1.6%) {96.7%}
7  -O                                                                        (1 = 1.6%) {98.4%}
8  ... 

Histogram: NQE.RTT.OnECTComputation recorded 19 samples, mean = 90.8 (flags = 0x41)
0    ... 
17   -O                                                                        (1 = 5.3%) {0.0%}
20   --O                                                                       (2 = 10.5%) {5.3%}
24   ------O                                                                   (6 = 31.6%) {15.8%}
29   ... 
114  ----O                                                                     (4 = 21.1%) {47.4%}
135  O                                                                         (0 = 0.0%) {68.4%}
160  ------O                                                                   (6 = 31.6%) {68.4%}
190  ... 

Histogram: NQE.RenderThreadNotified recorded 18 samples, mean = 1.0 (flags = 0x40)
0  O                                                                         (0 = 0.0%)
1  ------------------O                                                       (18 = 100.0%) {0.0%}
2  O                                                                         (0 = 0.0%) {100.0%}

Histogram: NQE.TransportRTT.OnECTComputation recorded 18 samples, mean = 38.6 (flags = 0x41)
0    ... 
8    -O                                                                        (1 = 5.6%) {0.0%}
10   -----------O                                                              (11 = 61.1%) {5.6%}
12   ... 
57   ---O                                                                      (3 = 16.7%) {66.7%}
68   ... 
114  ---O                                                                      (3 = 16.7%) {83.3%}
135  ... 

Histogram: Navigation.BeginNavigationImpl.MainFrame recorded 2 samples, mean = 1.0 (flags = 0x41)
0  -O                                                                        (1 = 50.0%)
1  O                                                                         (0 = 0.0%) {50.0%}
2  -O                                                                        (1 = 50.0%) {50.0%}
3  ... 

Histogram: Navigation.BrowserInitiatedSessionHistoryCount recorded 1 samples, mean = 0.0 (flags = 0x41)
0  -O                                                                        (1 = 100.0%)
1  ... 

Histogram: Navigation.CommitRenderFrame recorded 1 samples, mean = 19.0 (flags = 0x41)
0   ... 
17  -O                                                                        (1 = 100.0%) {0.0%}
20  ... 

Histogram: Navigation.CommitToCompositorCreation recorded 1 samples, mean = 93.0 (flags = 0x41)
0   ... 
78  -O                                                                        (1 = 100.0%) {0.0%}
101 ... 

Histogram: Navigation.CompositorRequestedBeforeCommit2 recorded 1 samples, mean = 0.0 (flags = 0x41)
0  -O                                                                        (1 = 100.0%)
1  ... 

Histogram: Navigation.CompositorRequestedBeforeSwapRFH2 recorded 1 samples, mean = 0.0 (flags = 0x41)
0  -O                                                                        (1 = 100.0%)
1  ... 

Histogram: Navigation.CreateSpeculativeRFH recorded 1 samples, mean = 3.0 (flags = 0x41)
0  ... 
3  -O                                                                        (1 = 100.0%) {0.0%}
4  ... 

Histogram: Navigation.DidCommitSameDocumentNavigation.Duration recorded 1 samples, mean = 0.0 (flags = 0x41)
0  -O                                                                        (1 = 100.0%)
1  ... 

Histogram: Navigation.DidStartLoading.MainFrame recorded 3 samples, mean = 0.0 (flags = 0x41)
0  ---O                                                                      (3 = 100.0%)
1  ... 

Histogram: Navigation.DidStartLoading.Subframe recorded 2 samples, mean = 0.0 (flags = 0x41)
0  --O                                                                       (2 = 100.0%)
1  ... 

Histogram: Navigation.EarlyRenderFrameHostSwapType recorded 6 samples, mean = 0.0 (flags = 0x41)
0  ------O                                                                   (6 = 100.0%)
1  ... 

Histogram: Navigation.EngagementTime.HTTPS recorded 1 samples, mean = 2207513.0 (flags = 0x41)
0        ... 
2028194  -O                                                                        (1 = 100.0%) {0.0%}
2341034  ... 

Histogram: Navigation.GetFrameHostForNavigation recorded 4 samples, mean = 6.2 (flags = 0x41)
0   --O                                                                       (2 = 50.0%)
1   ... 
3   -O                                                                        (1 = 25.0%) {50.0%}
4   ... 
20  -O                                                                        (1 = 25.0%) {75.0%}
24  ... 

Histogram: Navigation.GetFrameHostForNavigationTime.InDidCreateNavigationRequest.IsHTTPOrHTTPS recorded 3 samples, mean = 7578.0 (flags = 0x41)
0      ... 
105    --O                                                                       (2 = 66.7%) {0.0%}
146    ... 
19866  -O                                                                        (1 = 33.3%) {66.7%}
27562  ... 

Histogram: Navigation.IsGuest recorded 1 samples, mean = 0.0 (flags = 0x41)
0  -O                                                                        (1 = 100.0%)
1  ... 

Histogram: Navigation.IsLockedProcess recorded 1 samples, mean = 1.0 (flags = 0x41)
0  O                                                                         (0 = 0.0%)
1  -O                                                                        (1 = 100.0%) {0.0%}
2  O                                                                         (0 = 0.0%) {100.0%}

Histogram: Navigation.IsLockedProcess.HTTPOrHTTPS recorded 1 samples, mean = 1.0 (flags = 0x41)
0  O                                                                         (0 = 0.0%)
1  -O                                                                        (1 = 100.0%) {0.0%}
2  O                                                                         (0 = 0.0%) {100.0%}

Histogram: Navigation.IsProcessBackgrounded.OnCommit recorded 1 samples, mean = 0.0 (flags = 0x41)
0  -O                                                                        (1 = 100.0%)
1  ... 

Histogram: Navigation.IsProcessBackgrounded.OnDOMContentLoaded recorded 1 samples, mean = 0.0 (flags = 0x41)
0  -O                                                                        (1 = 100.0%)
1  ... 

Histogram: Navigation.IsSameBrowsingInstance recorded 1 samples, mean = 0.0 (flags = 0x41)
0  -O                                                                        (1 = 100.0%)
1  ... 

Histogram: Navigation.IsSameSiteInstance recorded 1 samples, mean = 0.0 (flags = 0x41)
0  -O                                                                        (1 = 100.0%)
1  ... 

Histogram: Navigation.IsSameSiteInstance.MainFrame recorded 1 samples, mean = 0.0 (flags = 0x41)
0  -O                                                                        (1 = 100.0%)
1  ... 

Histogram: Navigation.LoaderCreateToRequestStart.MainFrame recorded 1 samples, mean = 1.0 (flags = 0x41)
0  O                                                                         (0 = 0.0%)
1  -O                                                                        (1 = 100.0%) {0.0%}
2  ... 

Histogram: Navigation.MainFrame.FrameCount recorded 1 samples, mean = 2.0 (flags = 0x41)
0  ... 
2  -O                                                                        (1 = 100.0%) {0.0%}
3  ... 

Histogram: Navigation.MainFrame.MaxFrameCount recorded 3 samples, mean = 2.0 (flags = 0x41)
0  O                                                                         (0 = 0.0%)
1  -O                                                                        (1 = 33.3%) {0.0%}
2  -O                                                                        (1 = 33.3%) {33.3%}
3  -O                                                                        (1 = 33.3%) {66.7%}
4  ... 

Histogram: Navigation.MainFrame.NewNavigation.IgnoreRestore.IsHTTPOrHTTPS.BeginNavigationToLoaderStart.Time2 recorded 1 samples, mean = 2.0 (flags = 0x41)
0  ... 
2  -O                                                                        (1 = 100.0%) {0.0%}
3  ... 

Histogram: Navigation.MainFrame.NewNavigation.IgnoreRestore.IsHTTPOrHTTPS.FetchStart.Time2 recorded 1 samples, mean = 4.0 (flags = 0x41)
0  ... 
4  -O                                                                        (1 = 100.0%) {0.0%}
5  ... 

Histogram: Navigation.MainFrame.NewNavigation.IgnoreRestore.IsHTTPOrHTTPS.LoaderStartToFetchStart.Time2 recorded 1 samples, mean = 410.0 (flags = 0x41)
0    ... 
378  -O                                                                        (1 = 100.0%) {0.0%}
449  ... 

Histogram: Navigation.MainFrame.NewNavigation.IgnoreRestore.IsHTTPOrHTTPS.LoaderStartToReceiveResponse.Time2 recorded 1 samples, mean = 618.0 (flags = 0x41)
0    ... 
533  -O                                                                        (1 = 100.0%) {0.0%}
633  ... 

Histogram: Navigation.MainFrame.NewNavigation.IgnoreRestore.IsHTTPOrHTTPS.NavigationStartToBeginNavigation.Time2 recorded 1 samples, mean = 3252.0 (flags = 0x41)
0     ... 
2990  -O                                                                        (1 = 100.0%) {0.0%}
3553  ... 

Histogram: Navigation.MainFrame.NewNavigation.IgnoreRestore.IsHTTPOrHTTPS.ReceiveHeaders.Time2 recorded 1 samples, mean = 194.0 (flags = 0x41)
0    ... 
190  -O                                                                        (1 = 100.0%) {0.0%}
226  ... 

Histogram: Navigation.MainFrame.NewNavigation.IgnoreRestore.IsHTTPOrHTTPS.ReceiveHeadersToReceiveResponse.Time2 recorded 1 samples, mean = 8.0 (flags = 0x41)
0  ... 
8  -O                                                                        (1 = 100.0%) {0.0%}
10 ... 

Histogram: Navigation.MainFrame.NewNavigation.IgnoreRestore.IsHTTPOrHTTPS.ReceiveResponseToCommitNavigation.Time2 recorded 1 samples, mean = 7.0 (flags = 0x41)
0  ... 
7  -O                                                                        (1 = 100.0%) {0.0%}
8  ... 

Histogram: Navigation.MainFrame.RendererInitiated.InitiatorFramePresentAtStart recorded 1 samples, mean = 0.0 (flags = 0x41)
0  -O                                                                        (1 = 100.0%)
1  ... 

Histogram: Navigation.MainFrame.SiteEngagementLevel recorded 1 samples, mean = 3.0 (flags = 0x41)
0  ... 
3  -O                                                                        (1 = 100.0%) {0.0%}
4  ... 

Histogram: Navigation.MainFrame.ThirdPartyCookieBlockingEnabled recorded 2 samples, mean = 0.0 (flags = 0x41)
0  --O                                                                       (2 = 100.0%)
1  ... 

Histogram: Navigation.MainFrameHasRTLDomain2 recorded 2 samples, mean = 0.0 (flags = 0x41)
0  --O                                                                       (2 = 100.0%)
1  ... 

Histogram: Navigation.MainFrameHasRTLDomainDifferentPage2 recorded 1 samples, mean = 0.0 (flags = 0x41)
0  -O                                                                        (1 = 100.0%)
1  ... 

Histogram: Navigation.MainFrameProfileType2 recorded 2 samples, mean = 0.0 (flags = 0x41)
0  --O                                                                       (2 = 100.0%)
1  ... 

Histogram: Navigation.MainFrameScheme2 recorded 2 samples, mean = 2.0 (flags = 0x41)
0  ... 
2  --O                                                                       (2 = 100.0%) {0.0%}
3  ... 

Histogram: Navigation.MainFrameSchemeDifferentPage2 recorded 1 samples, mean = 2.0 (flags = 0x41)
0  ... 
2  -O                                                                        (1 = 100.0%) {0.0%}
3  ... 

Histogram: Navigation.OnBeforeUnloadOverheadTime recorded 2 samples, mean = 1631.0 (flags = 0x41)
0     ... 
10    -O                                                                        (1 = 50.0%) {0.0%}
12    ... 
2990  -O                                                                        (1 = 50.0%) {50.0%}
3553  ... 

Histogram: Navigation.OnBeforeUnloadTotalTime recorded 2 samples, mean = 0.0 (flags = 0x41)
0  --O                                                                       (2 = 100.0%)
1  ... 

Histogram: Navigation.OriginAgentCluster.Result recorded 1 samples, mean = 9.0 (flags = 0x41)
0  ... 
9  -O                                                                        (1 = 100.0%) {0.0%}
10 O                                                                         (0 = 0.0%) {100.0%}

Histogram: Navigation.PendingCommit.DidBlockGetFrameHostForNavigation.Regular recorded 1 samples, mean = 0.0 (flags = 0x41)
0  -O                                                                        (1 = 100.0%)
1  ... 

Histogram: Navigation.PendingCommit.Duration.Regular recorded 1 samples, mean = 21.0 (flags = 0x41)
0   ... 
20  -O                                                                        (1 = 100.0%) {0.0%}
24  ... 

Histogram: Navigation.Preconnect.PreresolveJobQueueLength recorded 14 samples, mean = 0.5 (flags = 0x41)
0  -------O                                                                  (7 = 50.0%)
1  -------O                                                                  (7 = 50.0%) {50.0%}
2  ... 

Histogram: Navigation.Preconnect.PreresolveJobQueueingTime recorded 7 samples, mean = 0.0 (flags = 0x41)
0  -------O                                                                  (7 = 100.0%)
1  ... 

Histogram: Navigation.Preconnect.ProxyLookupCallbackQueueingTime recorded 7 samples, mean = 71.9 (flags = 0x41)
0    ---O                                                                      (3 = 42.9%)
1    ... 
7    -O                                                                        (1 = 14.3%) {42.9%}
8    ... 
68   -O                                                                        (1 = 14.3%) {57.1%}
81   -O                                                                        (1 = 14.3%) {71.4%}
96   ... 
318  -O                                                                        (1 = 14.3%) {85.7%}
378  ... 

Histogram: Navigation.Preconnect.ProxyLookupLatency recorded 7 samples, mean = 630.9 (flags = 0x41)
0     --O                                                                       (2 = 28.6%)
1     -O                                                                        (1 = 14.3%) {28.6%}
2     ... 
7     -O                                                                        (1 = 14.3%) {42.9%}
8     ... 
318   -O                                                                        (1 = 14.3%) {57.1%}
378   -O                                                                        (1 = 14.3%) {71.4%}
449   ... 
3553  -O                                                                        (1 = 14.3%) {85.7%}
4222  ... 

Histogram: Navigation.Preconnect.ResolveHostCallbackQueueingTime recorded 7 samples, mean = 53.9 (flags = 0x41)
0    -O                                                                        (1 = 14.3%)
1    ... 
3    --O                                                                       (2 = 28.6%) {14.3%}
4    -O                                                                        (1 = 14.3%) {42.9%}
5    -O                                                                        (1 = 14.3%) {57.1%}
6    ... 
29   -O                                                                        (1 = 14.3%) {71.4%}
34   ... 
318  -O                                                                        (1 = 14.3%) {85.7%}
378  ... 

Histogram: Navigation.Preconnect.ResolveHostLatency recorded 7 samples, mean = 60.3 (flags = 0x41)
0    ... 
2    -O                                                                        (1 = 14.3%) {0.0%}
3    O                                                                         (0 = 0.0%) {14.3%}
4    -O                                                                        (1 = 14.3%) {14.3%}
5    ... 
14   --O                                                                       (2 = 28.6%) {28.6%}
17   O                                                                         (0 = 0.0%) {57.1%}
20   -O                                                                        (1 = 14.3%) {57.1%}
24   O                                                                         (0 = 0.0%) {71.4%}
29   -O                                                                        (1 = 14.3%) {71.4%}
34   ... 
318  -O                                                                        (1 = 14.3%) {85.7%}
378  ... 

Histogram: Navigation.ProcessNavigationThrottlesTime.WillStartRequest.MainFrame recorded 2 samples, mean = 3.5 (flags = 0x41)
0  ... 
2  -O                                                                        (1 = 50.0%) {0.0%}
3  ... 
5  -O                                                                        (1 = 50.0%) {50.0%}
6  ... 

Histogram: Navigation.QueueTime.OnReceiveRedirect.MainFrame recorded 1 samples, mean = 3.0 (flags = 0x41)
0  ... 
3  -O                                                                        (1 = 100.0%) {0.0%}
4  ... 

Histogram: Navigation.QueueTime.OnReceiveResponse.MainFrame recorded 1 samples, mean = 6.0 (flags = 0x41)
0  ... 
6  -O                                                                        (1 = 100.0%) {0.0%}
7  ... 

Histogram: Navigation.ReadyToCommitUntilCommit2 recorded 1 samples, mean = 20.0 (flags = 0x41)
0   ... 
20  -O                                                                        (1 = 100.0%) {0.0%}
25  ... 

Histogram: Navigation.ReadyToCommitUntilCommit2.ForegroundProcessPriority recorded 1 samples, mean = 20.0 (flags = 0x41)
0   ... 
20  -O                                                                        (1 = 100.0%) {0.0%}
25  ... 

Histogram: Navigation.ReadyToCommitUntilCommit2.NewNavigation recorded 1 samples, mean = 20.0 (flags = 0x41)
0   ... 
20  -O                                                                        (1 = 100.0%) {0.0%}
25  ... 

Histogram: Navigation.RegisterNavigationThrottlesTime.MainFrame recorded 2 samples, mean = 1.0 (flags = 0x41)
0  -O                                                                        (1 = 50.0%)
1  O                                                                         (0 = 0.0%) {50.0%}
2  -O                                                                        (1 = 50.0%) {50.0%}
3  ... 

Histogram: Navigation.RenderFrameDelete recorded 1 samples, mean = 0.0 (flags = 0x41)
0  -O                                                                        (1 = 100.0%)
1  ... 

Histogram: Navigation.RenderFrameHostConstructor recorded 4 samples, mean = 0.0 (flags = 0x41)
0  ----O                                                                     (4 = 100.0%)
1  ... 

Histogram: Navigation.RenderFrameHostDestructor recorded 4 samples, mean = 0.5 (flags = 0x41)
0  --O                                                                       (2 = 50.0%)
1  --O                                                                       (2 = 50.0%) {50.0%}
2  ... 

Histogram: Navigation.RenderViewHostConstructor recorded 2 samples, mean = 0.0 (flags = 0x41)
0  --O                                                                       (2 = 100.0%)
1  ... 

Histogram: Navigation.RenderViewHostDestructor recorded 2 samples, mean = 0.0 (flags = 0x41)
0  --O                                                                       (2 = 100.0%)
1  ... 

Histogram: Navigation.RenderWidgetHostConstructor recorded 2 samples, mean = 1.0 (flags = 0x41)
0  -O                                                                        (1 = 50.0%)
1  O                                                                         (0 = 0.0%) {50.0%}
2  -O                                                                        (1 = 50.0%) {50.0%}
3  ... 

Histogram: Navigation.RenderWidgetHostDestructor recorded 2 samples, mean = 0.0 (flags = 0x41)
0  --O                                                                       (2 = 100.0%)
1  ... 

Histogram: Navigation.RendererCommitDelay.MainFrame recorded 1 samples, mean = 1.0 (flags = 0x41)
0  O                                                                         (0 = 0.0%)
1  -O                                                                        (1 = 100.0%) {0.0%}
2  ... 

Histogram: Navigation.RendererCommitQueueTime.MainFrame recorded 1 samples, mean = 1.0 (flags = 0x41)
0  O                                                                         (0 = 0.0%)
1  -O                                                                        (1 = 100.0%) {0.0%}
2  ... 

Histogram: Navigation.RendererDidNavigateTime.MainFrame recorded 1 samples, mean = 0.0 (flags = 0x41)
0  -O                                                                        (1 = 100.0%)
1  ... 

Histogram: Navigation.RendererDidNavigateTime.Subframe recorded 2 samples, mean = 0.0 (flags = 0x41)
0  --O                                                                       (2 = 100.0%)
1  ... 

Histogram: Navigation.RequiresDedicatedProcess recorded 1 samples, mean = 1.0 (flags = 0x41)
0  O                                                                         (0 = 0.0%)
1  -O                                                                        (1 = 100.0%) {0.0%}
2  O                                                                         (0 = 0.0%) {100.0%}

Histogram: Navigation.RequiresDedicatedProcess.HTTPOrHTTPS recorded 1 samples, mean = 1.0 (flags = 0x41)
0  O                                                                         (0 = 0.0%)
1  -O                                                                        (1 = 100.0%) {0.0%}
2  O                                                                         (0 = 0.0%) {100.0%}

Histogram: Navigation.SameDocumentNavigationWithScreenshot recorded 1 samples, mean = 0.0 (flags = 0x41)
0  -O                                                                        (1 = 100.0%)
1  ... 

Histogram: Navigation.SendCommitNavigationTime.MainFrame recorded 1 samples, mean = 0.0 (flags = 0x41)
0  -O                                                                        (1 = 100.0%)
1  ... 

Histogram: Navigation.StartToCommit recorded 3 samples, mean = 1299.7 (flags = 0x41)
0     --O                                                                       (2 = 66.7%)
1     ... 
3069  -O                                                                        (1 = 33.3%) {66.7%}
3900  ... 

Histogram: Navigation.StartToCommit.CrossProcess recorded 1 samples, mean = 3899.0 (flags = 0x41)
0     ... 
3069  -O                                                                        (1 = 100.0%) {0.0%}
3900  ... 

Histogram: Navigation.StartToCommit.CrossProcess.ForegroundProcessPriority recorded 1 samples, mean = 3899.0 (flags = 0x41)
0     ... 
3069  -O                                                                        (1 = 100.0%) {0.0%}
3900  ... 

Histogram: Navigation.StartToCommit.CrossProcess.MainFrame recorded 1 samples, mean = 3899.0 (flags = 0x41)
0     ... 
3069  -O                                                                        (1 = 100.0%) {0.0%}
3900  ... 

Histogram: Navigation.StartToCommit.CrossProcess.MainFrame.ForegroundProcessPriority recorded 1 samples, mean = 3899.0 (flags = 0x41)
0     ... 
3069  -O                                                                        (1 = 100.0%) {0.0%}
3900  ... 

Histogram: Navigation.StartToCommit.CrossProcess.MainFrame.NewNavigation recorded 1 samples, mean = 3899.0 (flags = 0x41)
0     ... 
3069  -O                                                                        (1 = 100.0%) {0.0%}
3900  ... 

Histogram: Navigation.StartToCommit.CrossProcess.NewNavigation recorded 1 samples, mean = 3899.0 (flags = 0x41)
0     ... 
3069  -O                                                                        (1 = 100.0%) {0.0%}
3900  ... 

Histogram: Navigation.StartToCommit.ForegroundProcessPriority recorded 3 samples, mean = 1299.7 (flags = 0x41)
0     --O                                                                       (2 = 66.7%)
1     ... 
3069  -O                                                                        (1 = 33.3%) {66.7%}
3900  ... 

Histogram: Navigation.StartToCommit.MainFrame recorded 1 samples, mean = 3899.0 (flags = 0x41)
0     ... 
3069  -O                                                                        (1 = 100.0%) {0.0%}
3900  ... 

Histogram: Navigation.StartToCommit.MainFrame.ForegroundProcessPriority recorded 1 samples, mean = 3899.0 (flags = 0x41)
0     ... 
3069  -O                                                                        (1 = 100.0%) {0.0%}
3900  ... 

Histogram: Navigation.StartToCommit.MainFrame.NewNavigation recorded 1 samples, mean = 3899.0 (flags = 0x41)
0     ... 
3069  -O                                                                        (1 = 100.0%) {0.0%}
3900  ... 

Histogram: Navigation.StartToCommit.NewNavigation recorded 3 samples, mean = 1299.7 (flags = 0x41)
0     --O                                                                       (2 = 66.7%)
1     ... 
3069  -O                                                                        (1 = 33.3%) {66.7%}
3900  ... 

Histogram: Navigation.StartToCommit.SameProcess recorded 2 samples, mean = 0.0 (flags = 0x41)
0  --O                                                                       (2 = 100.0%)
1  ... 

Histogram: Navigation.StartToCommit.SameProcess.ForegroundProcessPriority recorded 2 samples, mean = 0.0 (flags = 0x41)
0  --O                                                                       (2 = 100.0%)
1  ... 

Histogram: Navigation.StartToCommit.SameProcess.NewNavigation recorded 2 samples, mean = 0.0 (flags = 0x41)
0  --O                                                                       (2 = 100.0%)
1  ... 

Histogram: Navigation.StartToCommit.SameProcess.Subframe recorded 2 samples, mean = 0.0 (flags = 0x41)
0  --O                                                                       (2 = 100.0%)
1  ... 

Histogram: Navigation.StartToCommit.SameProcess.Subframe.ForegroundProcessPriority recorded 2 samples, mean = 0.0 (flags = 0x41)
0  --O                                                                       (2 = 100.0%)
1  ... 

Histogram: Navigation.StartToCommit.SameProcess.Subframe.NewNavigation recorded 2 samples, mean = 0.0 (flags = 0x41)
0  --O                                                                       (2 = 100.0%)
1  ... 

Histogram: Navigation.StartToCommit.Subframe recorded 2 samples, mean = 0.0 (flags = 0x41)
0  --O                                                                       (2 = 100.0%)
1  ... 

Histogram: Navigation.StartToCommit.Subframe.ForegroundProcessPriority recorded 2 samples, mean = 0.0 (flags = 0x41)
0  --O                                                                       (2 = 100.0%)
1  ... 

Histogram: Navigation.StartToCommit.Subframe.NewNavigation recorded 2 samples, mean = 0.0 (flags = 0x41)
0  --O                                                                       (2 = 100.0%)
1  ... 

Histogram: Navigation.SuddenTerminationDisabler.AllOrigins recorded 1 samples, mean = 13.0 (flags = 0x41)
0   ... 
13  -O                                                                        (1 = 100.0%) {0.0%}
14  ... 

Histogram: Navigation.SuddenTerminationDisabler.SameOrigin recorded 1 samples, mean = 13.0 (flags = 0x41)
0   ... 
13  -O                                                                        (1 = 100.0%) {0.0%}
14  ... 

Histogram: Navigation.SwapRFHToCompositorCreation recorded 1 samples, mean = 77.0 (flags = 0x41)
0   ... 
60  -O                                                                        (1 = 100.0%) {0.0%}
78  ... 

Histogram: Navigation.ThrottleCount recorded 2 samples, mean = 20.0 (flags = 0x41)
0   ... 
20  --O                                                                       (2 = 100.0%) {0.0%}
21  ... 

Histogram: Navigation.ThrottleEventDurationTime.WillProcessResponse recorded 1 samples, mean = 0.0 (flags = 0x41)
0  -O                                                                        (1 = 100.0%)
1  ... 

Histogram: Navigation.ThrottleEventDurationTime.WillRedirectRequest recorded 1 samples, mean = 0.0 (flags = 0x41)
0  -O                                                                        (1 = 100.0%)
1  ... 

Histogram: Navigation.ThrottleEventDurationTime.WillStartRequest recorded 2 samples, mean = 1.5 (flags = 0x41)
0  -O                                                                        (1 = 50.0%)
1  ... 
3  -O                                                                        (1 = 50.0%) {50.0%}
4  ... 

Histogram: Navigation.ThrottleEventExecutionTime.WillProcessResponse recorded 1 samples, mean = 0.0 (flags = 0x41)
0  -O                                                                        (1 = 100.0%)
1  ... 

Histogram: Navigation.ThrottleEventExecutionTime.WillRedirectRequest recorded 1 samples, mean = 0.0 (flags = 0x41)
0  -O                                                                        (1 = 100.0%)
1  ... 

Histogram: Navigation.ThrottleEventExecutionTime.WillStartRequest recorded 2 samples, mean = 1.5 (flags = 0x41)
0  -O                                                                        (1 = 50.0%)
1  ... 
3  -O                                                                        (1 = 50.0%) {50.0%}
4  ... 

Histogram: Navigation.ThrottleExecutionTime.WillProcessResponse recorded 20 samples, mean = 0.0 (flags = 0x41)
0  --------------------O                                                     (20 = 100.0%)
1  ... 

Histogram: Navigation.ThrottleExecutionTime.WillRedirectRequest recorded 20 samples, mean = 0.0 (flags = 0x41)
0  --------------------O                                                     (20 = 100.0%)
1  ... 

Histogram: Navigation.ThrottleExecutionTime.WillStartRequest recorded 40 samples, mean = 0.1 (flags = 0x41)
0  ---------------------------------------O                                  (39 = 97.5%)
1  O                                                                         (0 = 0.0%) {97.5%}
2  -O                                                                        (1 = 2.5%) {97.5%}
3  ... 

Histogram: Navigation.ThrottleTotalDeferCount recorded 5 samples, mean = 0.0 (flags = 0x41)
0  -----O                                                                    (5 = 100.0%)
1  ... 

Histogram: Navigation.ThrottleTotalDeferCount.Request recorded 5 samples, mean = 0.0 (flags = 0x41)
0  -----O                                                                    (5 = 100.0%)
1  ... 

Histogram: Navigation.ThrottleTotalDeferTime recorded 5 samples, mean = 0.0 (flags = 0x41)
0  -----O                                                                    (5 = 100.0%)
1  ... 

Histogram: Navigation.ThrottleTotalDeferTime.Request recorded 5 samples, mean = 0.0 (flags = 0x41)
0  -----O                                                                    (5 = 100.0%)
1  ... 

Histogram: Navigation.Throttles.PolicyBlocklist.DeferDurationTime recorded 2 samples, mean = 0.0 (flags = 0x41)
0  --O                                                                       (2 = 100.0%)
1  ... 

Histogram: Navigation.Throttles.PolicyBlocklist.RequestThrottleAction recorded 2 samples, mean = 2.5 (flags = 0x41)
0  O                                                                         (0 = 0.0%)
1  -O                                                                        (1 = 50.0%) {0.0%}
2  ... 
4  -O                                                                        (1 = 50.0%) {50.0%}
5  ... 

Histogram: Navigation.Throttles.PolicyBlocklist.RequestToResponseTime recorded 1 samples, mean = 0.0 (flags = 0x41)
0  -O                                                                        (1 = 100.0%)
1  ... 

Histogram: Navigation.TimeToReadyToCommit2 recorded 1 samples, mean = 3878.0 (flags = 0x41)
0     ... 
3069  -O                                                                        (1 = 100.0%) {0.0%}
3900  ... 

Histogram: Navigation.TimeToReadyToCommit2.CrossProcess recorded 1 samples, mean = 3878.0 (flags = 0x41)
0     ... 
3069  -O                                                                        (1 = 100.0%) {0.0%}
3900  ... 

Histogram: Navigation.TimeToReadyToCommit2.CrossProcess.NewNavigation recorded 1 samples, mean = 3878.0 (flags = 0x41)
0     ... 
3069  -O                                                                        (1 = 100.0%) {0.0%}
3900  ... 

Histogram: Navigation.TimeToReadyToCommit2.MainFrame recorded 1 samples, mean = 3878.0 (flags = 0x41)
0     ... 
3069  -O                                                                        (1 = 100.0%) {0.0%}
3900  ... 

Histogram: Navigation.TimeToReadyToCommit2.MainFrame.NewNavigation recorded 1 samples, mean = 3878.0 (flags = 0x41)
0     ... 
3069  -O                                                                        (1 = 100.0%) {0.0%}
3900  ... 

Histogram: Navigation.TimeToReadyToCommit2.NewNavigation recorded 1 samples, mean = 3878.0 (flags = 0x41)
0     ... 
3069  -O                                                                        (1 = 100.0%) {0.0%}
3900  ... 

Histogram: Navigation.TpcdMitigations.MetadataInstallationResult recorded 1 samples, mean = 0.0 (flags = 0x41)
0  -O                                                                        (1 = 100.0%)
1  ... 

Histogram: Navigation.Unload recorded 1 samples, mean = 0.0 (flags = 0x41)
0  -O                                                                        (1 = 100.0%)
1  ... 

Histogram: Navigation.UserAgentStringType recorded 4 samples, mean = 1.0 (flags = 0x41)
0  O                                                                         (0 = 0.0%)
1  ----O                                                                     (4 = 100.0%) {0.0%}
2  ... 

Histogram: Navigation.WillStartRequestToLoaderStart.MainFrame recorded 2 samples, mean = 3.5 (flags = 0x41)
0  O                                                                         (0 = 0.0%)
1  -O                                                                        (1 = 50.0%) {0.0%}
2  ... 
6  -O                                                                        (1 = 50.0%) {50.0%}
7  ... 

Histogram: NavigationPredictor.SearchEnginePreconnector.IsBrowserAppLikelyInForeground recorded 37 samples, mean = 0.1 (flags = 0x41)
0  -----------------------------------O                                      (35 = 94.6%)
1  --O                                                                       (2 = 5.4%) {94.6%}
2  O                                                                         (0 = 0.0%) {100.0%}

Histogram: NavigationSuggestion.GetDomainInfoDelayBeforeAllowingNavigation recorded 1 samples, mean = 0.0 (flags = 0x41)
0  -O                                                                        (1 = 100.0%)
1  ... 

Histogram: NavigationSuggestion.IsLookalikeUrlDelayBeforeAllowingNavigation recorded 1 samples, mean = 0.0 (flags = 0x41)
0  -O                                                                        (1 = 100.0%)
1  ... 

Histogram: NavigationSuggestion.PerformChecksDelayBeforeAllowingNavigation recorded 1 samples, mean = 0.0 (flags = 0x41)
0  -O                                                                        (1 = 100.0%)
1  ... 

Histogram: Net.AlternateProtocolUsage recorded 58 samples, mean = 5.6 (flags = 0x41)
0  ------O                                                                   (6 = 10.3%)
1  ----O                                                                     (4 = 6.9%) {10.3%}
2  O                                                                         (0 = 0.0%) {17.2%}
3  ----O                                                                     (4 = 6.9%) {17.2%}
4  ... 
6  -O                                                                        (1 = 1.7%) {24.1%}
7  -------------------------------------------O                              (43 = 74.1%) {25.9%}
8  O                                                                         (0 = 0.0%) {100.0%}

Histogram: Net.AlternateProtocolUsageGoogle recorded 6 samples, mean = 3.7 (flags = 0x41)
0  O                                                                         (0 = 0.0%)
1  --O                                                                       (2 = 33.3%) {0.0%}
2  O                                                                         (0 = 0.0%) {33.3%}
3  --O                                                                       (2 = 33.3%) {33.3%}
4  ... 
7  --O                                                                       (2 = 33.3%) {66.7%}
8  O                                                                         (0 = 0.0%) {100.0%}

Histogram: Net.AlternativeServiceTypeForRequest recorded 63 samples, mean = 0.2 (flags = 0x41)
0  ----------------------------------------------------O                     (52 = 82.5%)
1  -----------O                                                              (11 = 17.5%) {82.5%}
2  ... 

Histogram: Net.CertVerifier.PathBuilderIterationCount recorded 15 samples, mean = 2.1 (flags = 0x41)
0  ... 
2  --------------O                                                           (14 = 93.3%) {0.0%}
3  -O                                                                        (1 = 6.7%) {93.3%}
4  ... 

Histogram: Net.CertVerifier_First_Job_Latency recorded 2 samples, mean = 343.5 (flags = 0x41)
0    ... 
54   -O                                                                        (1 = 50.0%) {0.0%}
61   ... 
572  -O                                                                        (1 = 50.0%) {50.0%}
648  ... 

Histogram: Net.CertVerifier_Job_Latency recorded 15 samples, mean = 223.6 (flags = 0x41)
0    ... 
9    --O                                                                       (2 = 13.3%) {0.0%}
10   -O                                                                        (1 = 6.7%) {13.3%}
11   -O                                                                        (1 = 6.7%) {20.0%}
12   -O                                                                        (1 = 6.7%) {26.7%}
14   ---O                                                                      (3 = 20.0%) {33.3%}
16   ... 
33   -O                                                                        (1 = 6.7%) {53.3%}
37   ... 
54   -O                                                                        (1 = 6.7%) {60.0%}
61   ... 
572  ----O                                                                     (4 = 26.7%) {66.7%}
648  -O                                                                        (1 = 6.7%) {93.3%}
734  ... 

Histogram: Net.Certificate.TrustAnchor.Request recorded 54 samples (flags = 0x41)
210  ---------------------------------------O                                  (39 = 72.2%)
483  ----O                                                                     (4 = 7.4%)
486  ----------O                                                               (10 = 18.5%)
535  -O                                                                        (1 = 1.9%)

Histogram: Net.Certificate.TrustAnchor.Verify recorded 15 samples (flags = 0x41)
210  ---O                                                                      (3 = 20.0%)
483  ------O                                                                   (6 = 40.0%)
486  -----O                                                                    (5 = 33.3%)
535  -O                                                                        (1 = 6.7%)

Histogram: Net.ConnectionInfo.MainFrame recorded 1 samples, mean = 4.0 (flags = 0x41)
0  ... 
4  -O                                                                        (1 = 100.0%) {0.0%}
5  ... 

Histogram: Net.ConnectionInfo.SubResource recorded 47 samples, mean = 10.1 (flags = 0x41)
0   O                                                                         (0 = 0.0%)
1   -O                                                                        (1 = 2.1%) {0.0%}
2   ... 
4   --------------------------------------O                                   (38 = 80.9%) {2.1%}
5   ... 
40  --------O                                                                 (8 = 17.0%) {83.0%}
41  ... 

Histogram: Net.ContentEncodingType recorded 52 samples, mean = 0.8 (flags = 0x41)
0  --------------O                                                           (14 = 26.9%)
1  ---------------------------------O                                        (33 = 63.5%) {26.9%}
2  -----O                                                                    (5 = 9.6%) {90.4%}
3  ... 

Histogram: Net.Cors.AccessCheckResult recorded 9 samples, mean = 0.0 (flags = 0x41)
0  ---------O                                                                (9 = 100.0%)
1  ... 

Histogram: Net.CountOfQuicServerInfos recorded 1 samples, mean = 0.0 (flags = 0x41)
0  -O                                                                        (1 = 100.0%)
1  ... 

Histogram: Net.DNS.DnsConfig.DnsClientCapability recorded 51 samples, mean = 1.0 (flags = 0x41)
0  O                                                                         (0 = 0.0%)
1  ---------------------------------------------------O                      (51 = 100.0%) {0.0%}
2  ... 

Histogram: Net.DNS.DnsConfig.SecureDnsMode recorded 1 samples, mean = 4.0 (flags = 0x41)
0  ... 
4  -O                                                                        (1 = 100.0%) {0.0%}
5  ... 

Histogram: Net.DNS.DnsConfig.Windows.Compatibility recorded 2 samples, mean = 0.0 (flags = 0x41)
0  --O                                                                       (2 = 100.0%)
1  ... 

Histogram: Net.DNS.DnsConfig.Windows.ReadSystemSettings0 recorded 2 samples, mean = 0.0 (flags = 0x41)
0  --O                                                                       (2 = 100.0%)
1  ... 

Histogram: Net.DNS.DnsHosts.Count recorded 2 samples, mean = 0.0 (flags = 0x41)
0  --O                                                                       (2 = 100.0%)
1  ... 

Histogram: Net.DNS.DnsHosts.EstimateMemoryUsage recorded 2 samples, mean = 0.0 (flags = 0x41)
0  --O                                                                       (2 = 100.0%)
1000... 

Histogram: Net.DNS.DnsHosts.FileSize recorded 2 samples, mean = 804.0 (flags = 0x41)
0    ... 
737  --O                                                                       (2 = 100.0%) {0.0%}
1065 ... 

Histogram: Net.DNS.DnsTask.SuccessTime recorded 11 samples, mean = 15.8 (flags = 0x41)
0   ... 
10  -O                                                                        (1 = 9.1%) {0.0%}
12  ---O                                                                      (3 = 27.3%) {9.1%}
14  --O                                                                       (2 = 18.2%) {36.4%}
16  -O                                                                        (1 = 9.1%) {54.5%}
18  --O                                                                       (2 = 18.2%) {63.6%}
21  --O                                                                       (2 = 18.2%) {81.8%}
24  ... 

Histogram: Net.DNS.DnsTask.SvcbHttpsTransactionError recorded 9 samples, mean = 0.0 (flags = 0x41)
0  ---------O                                                                (9 = 100.0%)
1  ... 

Histogram: Net.DNS.DnsTransaction.AttemptType recorded 33 samples, mean = 0.0 (flags = 0x41)
0  ---------------------------------O                                        (33 = 100.0%)
1  ... 

Histogram: Net.DNS.DnsTransaction.Insecure.Other.SuccessTime recorded 31 samples, mean = 13.6 (flags = 0x41)
0   ... 
4   ----O                                                                     (4 = 12.9%) {0.0%}
5   ... 
8   --O                                                                       (2 = 6.5%) {12.9%}
10  -----O                                                                    (5 = 16.1%) {19.4%}
13  ---------O                                                                (9 = 29.0%) {35.5%}
16  -------O                                                                  (7 = 22.6%) {64.5%}
20  ----O                                                                     (4 = 12.9%) {87.1%}
25  ... 

Histogram: Net.DNS.H3SupportedGoogleHost.TaskTypeMetadataAvailability2 recorded 1 samples, mean = 2.0 (flags = 0x41)
0  ... 
2  -O                                                                        (1 = 100.0%) {0.0%}
3  ... 

Histogram: Net.DNS.HTTPSSVC.RecordHttps.Insecure.ExpectNoerror.DnsRcode recorded 11 samples, mean = 2.5 (flags = 0x41)
0  --O                                                                       (2 = 18.2%)
1  ... 
3  ---------O                                                                (9 = 81.8%) {18.2%}
4  ... 

Histogram: Net.DNS.HTTPSSVC.RecordHttps.Insecure.ExpectNoerror.Parsable recorded 3 samples, mean = 1.0 (flags = 0x41)
0  O                                                                         (0 = 0.0%)
1  ---O                                                                      (3 = 100.0%) {0.0%}
2  O                                                                         (0 = 0.0%) {100.0%}

Histogram: Net.DNS.HTTPSSVC.RecordHttps.Insecure.ExpectNoerror.ResolveTimeAddress recorded 22 samples, mean = 13.1 (flags = 0x41)
0   ... 
4   --O                                                                       (2 = 9.1%) {0.0%}
5   --O                                                                       (2 = 9.1%) {9.1%}
6   O                                                                         (0 = 0.0%) {18.2%}
8   --O                                                                       (2 = 9.1%) {18.2%}
10  ---O                                                                      (3 = 13.6%) {27.3%}
13  ------O                                                                   (6 = 27.3%) {40.9%}
16  ----O                                                                     (4 = 18.2%) {68.2%}
20  ---O                                                                      (3 = 13.6%) {86.4%}
25  ... 

Histogram: Net.DNS.HTTPSSVC.RecordHttps.Insecure.ExpectNoerror.ResolveTimeExperimental recorded 11 samples, mean = 15.6 (flags = 0x41)
0   ... 
10  ---O                                                                      (3 = 27.3%) {0.0%}
13  ---O                                                                      (3 = 27.3%) {27.3%}
16  --O                                                                       (2 = 18.2%) {54.5%}
20  ---O                                                                      (3 = 27.3%) {72.7%}
25  ... 

Histogram: Net.DNS.HTTPSSVC.RecordHttps.Insecure.ExpectNoerror.ResolveTimeRatio recorded 11 samples, mean = 12.5 (flags = 0x41)
0   ... 
9   -----O                                                                    (5 = 45.5%) {0.0%}
10  --O                                                                       (2 = 18.2%) {45.5%}
11  -O                                                                        (1 = 9.1%) {63.6%}
12  O                                                                         (0 = 0.0%) {72.7%}
13  -O                                                                        (1 = 9.1%) {72.7%}
14  ... 
20  --O                                                                       (2 = 18.2%) {81.8%}

Histogram: Net.DNS.JobQueueTime.PerTransaction recorded 33 samples, mean = 0.0 (flags = 0x41)
0  ---------------------------------O                                        (33 = 100.0%)
1  ... 

Histogram: Net.DNS.JobQueueTime.Success recorded 11 samples, mean = 0.1 (flags = 0x41)
0  ----------O                                                               (10 = 90.9%)
1  -O                                                                        (1 = 9.1%) {90.9%}
2  ... 

Histogram: Net.DNS.Request.TotalTime recorded 162 samples, mean = 1.1 (flags = 0x41)
0   ------------------------------------------------------------------------O (151 = 93.2%)
10  O                                                                         (0 = 0.0%) {93.2%}
12  --O                                                                       (4 = 2.5%) {93.2%}
15  --O                                                                       (4 = 2.5%) {95.7%}
18  -O                                                                        (2 = 1.2%) {98.1%}
22  O                                                                         (1 = 0.6%) {99.4%}
27  ... 

Histogram: Net.DNS.Request.TotalTimeAsync recorded 20 samples, mean = 9.1 (flags = 0x41)
0   ---------O                                                                (9 = 45.0%)
10  O                                                                         (0 = 0.0%) {45.0%}
12  ----O                                                                     (4 = 20.0%) {45.0%}
15  ----O                                                                     (4 = 20.0%) {65.0%}
18  --O                                                                       (2 = 10.0%) {85.0%}
22  -O                                                                        (1 = 5.0%) {95.0%}
27  ... 

Histogram: Net.DNS.ResolveCategory recorded 20 samples, mean = 0.6 (flags = 0x41)
0  ----------O                                                               (10 = 50.0%)
1  ---------O                                                                (9 = 45.0%) {50.0%}
2  -O                                                                        (1 = 5.0%) {95.0%}
3  ... 

Histogram: Net.DNS.ResolveError.Fast recorded 9 samples (flags = 0x41)
105  ---------O                                                                (9 = 100.0%)

Histogram: Net.DNS.ResolveFailureTime recorded 9 samples, mean = 0.4 (flags = 0x41)
0  -------O                                                                  (7 = 77.8%)
1  -O                                                                        (1 = 11.1%) {77.8%}
2  O                                                                         (0 = 0.0%) {88.9%}
3  -O                                                                        (1 = 11.1%) {88.9%}
4  ... 

Histogram: Net.DNS.ResolveSuccessTime recorded 10 samples, mean = 16.3 (flags = 0x41)
0   ... 
12  ---O                                                                      (3 = 30.0%) {0.0%}
14  --O                                                                       (2 = 20.0%) {30.0%}
16  -O                                                                        (1 = 10.0%) {50.0%}
18  --O                                                                       (2 = 20.0%) {60.0%}
21  --O                                                                       (2 = 20.0%) {80.0%}
24  ... 

Histogram: Net.DNS.SystemTask.FailureTime recorded 9 samples, mean = 0.4 (flags = 0x41)
0  -------O                                                                  (7 = 77.8%)
1  -O                                                                        (1 = 11.1%) {77.8%}
2  O                                                                         (0 = 0.0%) {88.9%}
3  -O                                                                        (1 = 11.1%) {88.9%}
4  ... 

Histogram: Net.DNS.UpgradeConfig.HasPublicInsecureNameserver recorded 1 samples, mean = 1.0 (flags = 0x41)
0  O                                                                         (0 = 0.0%)
1  -O                                                                        (1 = 100.0%) {0.0%}
2  O                                                                         (0 = 0.0%) {100.0%}

Histogram: Net.DNS.UpgradeConfig.Ineligible.DohSpecified recorded 1 samples, mean = 0.0 (flags = 0x41)
0  -O                                                                        (1 = 100.0%)
1  ... 

Histogram: Net.DNS.UpgradeConfig.Ineligible.UnhandledOptions recorded 1 samples, mean = 0.0 (flags = 0x41)
0  -O                                                                        (1 = 100.0%)
1  ... 

Histogram: Net.DNS.UpgradeConfig.InsecureUpgradeSucceeded recorded 1 samples, mean = 0.0 (flags = 0x41)
0  -O                                                                        (1 = 100.0%)
1  ... 

Histogram: Net.DNS_Resolution_And_TCP_Connection_Latency2 recorded 14 samples, mean = 21.0 (flags = 0x41)
0   ... 
7   -O                                                                        (1 = 7.1%) {0.0%}
8   -O                                                                        (1 = 7.1%) {7.1%}
9   ---O                                                                      (3 = 21.4%) {14.3%}
10  --O                                                                       (2 = 14.3%) {35.7%}
11  --O                                                                       (2 = 14.3%) {50.0%}
12  --O                                                                       (2 = 14.3%) {64.3%}
14  -O                                                                        (1 = 7.1%) {78.6%}
16  ... 
78  -O                                                                        (1 = 7.1%) {85.7%}
88  -O                                                                        (1 = 7.1%) {92.9%}
100 ... 

Histogram: Net.Dns.ResolveTimeDiff.AAAABeforeA.FirstRecord10msTo25ms recorded 6 samples, mean = 1.5 (flags = 0x41)
0  -O                                                                        (1 = 16.7%)
1  ----O                                                                     (4 = 66.7%) {16.7%}
2  ... 
5  -O                                                                        (1 = 16.7%) {83.3%}
6  ... 

Histogram: Net.Dns.ResolveTimeDiff.AAAABeforeA.FirstRecordFasterThan10ms recorded 1 samples, mean = 0.0 (flags = 0x41)
0  -O                                                                        (1 = 100.0%)
1  ... 

Histogram: Net.Dns.ResolveTimeDiff.ABeforeAAAA.FirstRecord10msTo25ms recorded 2 samples, mean = 0.0 (flags = 0x41)
0  --O                                                                       (2 = 100.0%)
1  ... 

Histogram: Net.Dns.ResolveTimeDiff.ABeforeAAAA.FirstRecordFasterThan10ms recorded 2 samples, mean = 0.0 (flags = 0x41)
0  --O                                                                       (2 = 100.0%)
1  ... 

Histogram: Net.Dns.ResolveTimeDiff.AddressRecordBeforeHTTPS.FirstRecord10msTo25ms recorded 3 samples, mean = 2.0 (flags = 0x41)
0  O                                                                         (0 = 0.0%)
1  --O                                                                       (2 = 66.7%) {0.0%}
2  ... 
4  -O                                                                        (1 = 33.3%) {66.7%}
5  ... 

Histogram: Net.Dns.ResolveTimeDiff.AddressRecordBeforeHTTPS.FirstRecordFasterThan10ms recorded 1 samples, mean = 3.0 (flags = 0x41)
0  ... 
3  -O                                                                        (1 = 100.0%) {0.0%}
4  ... 

Histogram: Net.ErrorCodesForMainFrame4 recorded 2 samples (flags = 0x41)
0  -O                                                                        (1 = 50.0%)
3  -O                                                                        (1 = 50.0%)

Histogram: Net.ErrorCodesForSubresources3 recorded 51 samples (flags = 0x41)
0    -----------------------------------------------O                          (47 = 92.2%)
400  ----O                                                                     (4 = 7.8%)

Histogram: Net.HttpJob.BytesReceived2 recorded 58 samples, mean = 24698.5 (flags = 0x41)
0       ----O                                                                     (4 = 6.9%)
1       ... 
56      -O                                                                        (1 = 1.7%) {6.9%}
80      ... 
237     -O                                                                        (1 = 1.7%) {8.6%}
340     ---O                                                                      (3 = 5.2%) {10.3%}
488     ---O                                                                      (3 = 5.2%) {15.5%}
700     --O                                                                       (2 = 3.4%) {20.7%}
1004    -----O                                                                    (5 = 8.6%) {24.1%}
1440    ---O                                                                      (3 = 5.2%) {32.8%}
2065    --O                                                                       (2 = 3.4%) {37.9%}
2961    -------O                                                                  (7 = 12.1%) {41.4%}
4246    ---O                                                                      (3 = 5.2%) {53.4%}
6089    -O                                                                        (1 = 1.7%) {58.6%}
8732    ---O                                                                      (3 = 5.2%) {60.3%}
12523   O                                                                         (0 = 0.0%) {65.5%}
17959   -----O                                                                    (5 = 8.6%) {65.5%}
25755   ---O                                                                      (3 = 5.2%) {74.1%}
36935   ----O                                                                     (4 = 6.9%) {79.3%}
52968   O                                                                         (0 = 0.0%) {86.2%}
75961   -----O                                                                    (5 = 8.6%) {86.2%}
108935  --O                                                                       (2 = 3.4%) {94.8%}
156223  -O                                                                        (1 = 1.7%) {98.3%}
224038  ... 

Histogram: Net.HttpJob.BytesSent2 recorded 58 samples, mean = 727.7 (flags = 0x41)
0      ----O                                                                     (4 = 6.9%)
1      ... 
13     -O                                                                        (1 = 1.7%) {6.9%}
19     -O                                                                        (1 = 1.7%) {8.6%}
27     ... 
56     ------O                                                                   (6 = 10.3%) {10.3%}
80     ------------------------O                                                 (24 = 41.4%) {20.7%}
115    -O                                                                        (1 = 1.7%) {62.1%}
165    -O                                                                        (1 = 1.7%) {63.8%}
237    -O                                                                        (1 = 1.7%) {65.5%}
340    ----O                                                                     (4 = 6.9%) {67.2%}
488    ----O                                                                     (4 = 6.9%) {74.1%}
700    -----O                                                                    (5 = 8.6%) {81.0%}
1004   ----O                                                                     (4 = 6.9%) {89.7%}
1440   ... 
6089   -O                                                                        (1 = 1.7%) {96.6%}
8732   O                                                                         (0 = 0.0%) {98.3%}
12523  -O                                                                        (1 = 1.7%) {98.3%}
17959  ... 

Histogram: Net.HttpJob.MainJobWaitTimeWithoutAvailableSpdySession recorded 37 samples, mean = 260.4 (flags = 0x41)
0    ---O                                                                      (3 = 8.1%)
1    ... 
14   -O                                                                        (1 = 2.7%) {8.1%}
17   -O                                                                        (1 = 2.7%) {10.8%}
20   ... 
268  --------------------------------O                                         (32 = 86.5%) {13.5%}
318  ... 

Histogram: Net.HttpJob.PrefilterBytesRead recorded 59 samples, mean = 23562.6 (flags = 0x41)
0       ---------O                                                                (9 = 15.3%)
1       ... 
13      -O                                                                        (1 = 1.7%) {15.3%}
19      -O                                                                        (1 = 1.7%) {16.9%}
27      O                                                                         (0 = 0.0%) {18.6%}
39      -O                                                                        (1 = 1.7%) {18.6%}
56      -O                                                                        (1 = 1.7%) {20.3%}
80      -O                                                                        (1 = 1.7%) {22.0%}
115     O                                                                         (0 = 0.0%) {23.7%}
165     -O                                                                        (1 = 1.7%) {23.7%}
237     --O                                                                       (2 = 3.4%) {25.4%}
340     -O                                                                        (1 = 1.7%) {28.8%}
488     ----O                                                                     (4 = 6.8%) {30.5%}
700     ---O                                                                      (3 = 5.1%) {37.3%}
1004    --O                                                                       (2 = 3.4%) {42.4%}
1440    -O                                                                        (1 = 1.7%) {45.8%}
2065    ----O                                                                     (4 = 6.8%) {47.5%}
2961    -O                                                                        (1 = 1.7%) {54.2%}
4246    --O                                                                       (2 = 3.4%) {55.9%}
6089    -O                                                                        (1 = 1.7%) {59.3%}
8732    ---O                                                                      (3 = 5.1%) {61.0%}
12523   -O                                                                        (1 = 1.7%) {66.1%}
17959   ----O                                                                     (4 = 6.8%) {67.8%}
25755   ---O                                                                      (3 = 5.1%) {74.6%}
36935   ----O                                                                     (4 = 6.8%) {79.7%}
52968   O                                                                         (0 = 0.0%) {86.4%}
75961   -----O                                                                    (5 = 8.5%) {86.4%}
108935  --O                                                                       (2 = 3.4%) {94.9%}
156223  -O                                                                        (1 = 1.7%) {98.3%}
224038  ... 

Histogram: Net.HttpJob.PrefilterBytesRead.Cache recorded 2 samples, mean = 207.5 (flags = 0x41)
0    -O                                                                        (1 = 50.0%)
1    ... 
340  -O                                                                        (1 = 50.0%) {50.0%}
488  ... 

Histogram: Net.HttpJob.PrefilterBytesRead.Net recorded 57 samples, mean = 24382.0 (flags = 0x41)
0       --------O                                                                 (8 = 14.0%)
1       ... 
13      -O                                                                        (1 = 1.8%) {14.0%}
19      -O                                                                        (1 = 1.8%) {15.8%}
27      O                                                                         (0 = 0.0%) {17.5%}
39      -O                                                                        (1 = 1.8%) {17.5%}
56      -O                                                                        (1 = 1.8%) {19.3%}
80      -O                                                                        (1 = 1.8%) {21.1%}
115     O                                                                         (0 = 0.0%) {22.8%}
165     -O                                                                        (1 = 1.8%) {22.8%}
237     --O                                                                       (2 = 3.5%) {24.6%}
340     O                                                                         (0 = 0.0%) {28.1%}
488     ----O                                                                     (4 = 7.0%) {28.1%}
700     ---O                                                                      (3 = 5.3%) {35.1%}
1004    --O                                                                       (2 = 3.5%) {40.4%}
1440    -O                                                                        (1 = 1.8%) {43.9%}
2065    ----O                                                                     (4 = 7.0%) {45.6%}
2961    -O                                                                        (1 = 1.8%) {52.6%}
4246    --O                                                                       (2 = 3.5%) {54.4%}
6089    -O                                                                        (1 = 1.8%) {57.9%}
8732    ---O                                                                      (3 = 5.3%) {59.6%}
12523   -O                                                                        (1 = 1.8%) {64.9%}
17959   ----O                                                                     (4 = 7.0%) {66.7%}
25755   ---O                                                                      (3 = 5.3%) {73.7%}
36935   ----O                                                                     (4 = 7.0%) {78.9%}
52968   O                                                                         (0 = 0.0%) {86.0%}
75961   -----O                                                                    (5 = 8.8%) {86.0%}
108935  --O                                                                       (2 = 3.5%) {94.7%}
156223  -O                                                                        (1 = 1.8%) {98.2%}
224038  ... 

Histogram: Net.HttpJob.ProxyTypeSuccess recorded 54 samples, mean = 1.0 (flags = 0x41)
0  O                                                                         (0 = 0.0%)
1  ------------------------------------------------------O                   (54 = 100.0%) {0.0%}
2  ... 

Histogram: Net.HttpJob.TotalTime recorded 59 samples, mean = 112.8 (flags = 0x41)
0    ----O                                                                     (4 = 6.8%)
1    ... 
4    -O                                                                        (1 = 1.7%) {6.8%}
5    ... 
10   -O                                                                        (1 = 1.7%) {8.5%}
12   -O                                                                        (1 = 1.7%) {10.2%}
14   --O                                                                       (2 = 3.4%) {11.9%}
17   -O                                                                        (1 = 1.7%) {15.3%}
20   --O                                                                       (2 = 3.4%) {16.9%}
24   ... 
34   --O                                                                       (2 = 3.4%) {20.3%}
40   -O                                                                        (1 = 1.7%) {23.7%}
48   -O                                                                        (1 = 1.7%) {25.4%}
57   ------O                                                                   (6 = 10.2%) {27.1%}
68   -----------O                                                              (11 = 18.6%) {37.3%}
81   -------O                                                                  (7 = 11.9%) {55.9%}
96   ------O                                                                   (6 = 10.2%) {67.8%}
114  ----O                                                                     (4 = 6.8%) {78.0%}
135  --O                                                                       (2 = 3.4%) {84.7%}
160  --O                                                                       (2 = 3.4%) {88.1%}
190  O                                                                         (0 = 0.0%) {91.5%}
226  -O                                                                        (1 = 1.7%) {91.5%}
268  O                                                                         (0 = 0.0%) {93.2%}
318  -O                                                                        (1 = 1.7%) {93.2%}
378  ... 
633  --O                                                                       (2 = 3.4%) {94.9%}
752  -O                                                                        (1 = 1.7%) {98.3%}
894  ... 

Histogram: Net.HttpJob.TotalTime.Secure.Quic recorded 2 samples, mean = 82.0 (flags = 0x41)
0    ... 
52   -O                                                                        (1 = 50.0%) {0.0%}
66   ... 
107  -O                                                                        (1 = 50.0%) {50.0%}
136  ... 

Histogram: Net.HttpJob.TotalTime.TLS13.Google recorded 2 samples, mean = 697.0 (flags = 0x41)
0    ... 
633  --O                                                                       (2 = 100.0%) {0.0%}
752  ... 

Histogram: Net.HttpJob.TotalTimeCached recorded 2 samples, mean = 34.0 (flags = 0x41)
0   ... 
4   -O                                                                        (1 = 50.0%) {0.0%}
5   ... 
57  -O                                                                        (1 = 50.0%) {50.0%}
68  ... 

Histogram: Net.HttpJob.TotalTimeCancel recorded 4 samples, mean = 0.0 (flags = 0x41)
0  ----O                                                                     (4 = 100.0%)
1  ... 

Histogram: Net.HttpJob.TotalTimeNotCached recorded 57 samples, mean = 115.6 (flags = 0x41)
0    ----O                                                                     (4 = 7.0%)
1    ... 
10   -O                                                                        (1 = 1.8%) {7.0%}
12   -O                                                                        (1 = 1.8%) {8.8%}
14   --O                                                                       (2 = 3.5%) {10.5%}
17   -O                                                                        (1 = 1.8%) {14.0%}
20   --O                                                                       (2 = 3.5%) {15.8%}
24   ... 
34   --O                                                                       (2 = 3.5%) {19.3%}
40   -O                                                                        (1 = 1.8%) {22.8%}
48   -O                                                                        (1 = 1.8%) {24.6%}
57   -----O                                                                    (5 = 8.8%) {26.3%}
68   -----------O                                                              (11 = 19.3%) {35.1%}
81   -------O                                                                  (7 = 12.3%) {54.4%}
96   ------O                                                                   (6 = 10.5%) {66.7%}
114  ----O                                                                     (4 = 7.0%) {77.2%}
135  --O                                                                       (2 = 3.5%) {84.2%}
160  --O                                                                       (2 = 3.5%) {87.7%}
190  O                                                                         (0 = 0.0%) {91.2%}
226  -O                                                                        (1 = 1.8%) {91.2%}
268  O                                                                         (0 = 0.0%) {93.0%}
318  -O                                                                        (1 = 1.8%) {93.0%}
378  ... 
633  --O                                                                       (2 = 3.5%) {94.7%}
752  -O                                                                        (1 = 1.8%) {98.2%}
894  ... 

Histogram: Net.HttpJob.TotalTimeNotCached.Secure.Quic recorded 2 samples, mean = 82.0 (flags = 0x41)
0    ... 
52   -O                                                                        (1 = 50.0%) {0.0%}
66   ... 
107  -O                                                                        (1 = 50.0%) {50.0%}
136  ... 

Histogram: Net.HttpJob.TotalTimeSuccess recorded 55 samples, mean = 121.0 (flags = 0x41)
0    ... 
4    -O                                                                        (1 = 1.8%) {0.0%}
5    ... 
10   -O                                                                        (1 = 1.8%) {1.8%}
12   -O                                                                        (1 = 1.8%) {3.6%}
14   --O                                                                       (2 = 3.6%) {5.5%}
17   -O                                                                        (1 = 1.8%) {9.1%}
20   --O                                                                       (2 = 3.6%) {10.9%}
24   ... 
34   --O                                                                       (2 = 3.6%) {14.5%}
40   -O                                                                        (1 = 1.8%) {18.2%}
48   -O                                                                        (1 = 1.8%) {20.0%}
57   ------O                                                                   (6 = 10.9%) {21.8%}
68   -----------O                                                              (11 = 20.0%) {32.7%}
81   -------O                                                                  (7 = 12.7%) {52.7%}
96   ------O                                                                   (6 = 10.9%) {65.5%}
114  ----O                                                                     (4 = 7.3%) {76.4%}
135  --O                                                                       (2 = 3.6%) {83.6%}
160  --O                                                                       (2 = 3.6%) {87.3%}
190  O                                                                         (0 = 0.0%) {90.9%}
226  -O                                                                        (1 = 1.8%) {90.9%}
268  O                                                                         (0 = 0.0%) {92.7%}
318  -O                                                                        (1 = 1.8%) {92.7%}
378  ... 
633  --O                                                                       (2 = 3.6%) {94.5%}
752  -O                                                                        (1 = 1.8%) {98.2%}
894  ... 

Histogram: Net.HttpJob.TotalTimeSuccess.Priority1 recorded 5 samples, mean = 475.0 (flags = 0x41)
0    ... 
48   -O                                                                        (1 = 20.0%) {0.0%}
57   ... 
96   -O                                                                        (1 = 20.0%) {20.0%}
114  ... 
633  --O                                                                       (2 = 40.0%) {40.0%}
752  -O                                                                        (1 = 20.0%) {80.0%}
894  ... 

Histogram: Net.HttpJob.TotalTimeSuccess.Priority2 recorded 29 samples, mean = 85.8 (flags = 0x41)
0    ... 
10   -O                                                                        (1 = 3.4%) {0.0%}
12   -O                                                                        (1 = 3.4%) {3.4%}
14   --O                                                                       (2 = 6.9%) {6.9%}
17   O                                                                         (0 = 0.0%) {13.8%}
20   -O                                                                        (1 = 3.4%) {13.8%}
24   ... 
57   ----O                                                                     (4 = 13.8%) {17.2%}
68   ------O                                                                   (6 = 20.7%) {31.0%}
81   -----O                                                                    (5 = 17.2%) {51.7%}
96   -----O                                                                    (5 = 17.2%) {69.0%}
114  --O                                                                       (2 = 6.9%) {86.2%}
135  O                                                                         (0 = 0.0%) {93.1%}
160  -O                                                                        (1 = 3.4%) {93.1%}
190  ... 
318  -O                                                                        (1 = 3.4%) {96.6%}
378  ... 

Histogram: Net.HttpJob.TotalTimeSuccess.Priority3 recorded 1 samples, mean = 149.0 (flags = 0x41)
0    ... 
135  -O                                                                        (1 = 100.0%) {0.0%}
160  ... 

Histogram: Net.HttpJob.TotalTimeSuccess.Priority4 recorded 7 samples, mean = 115.4 (flags = 0x41)
0    ... 
17   -O                                                                        (1 = 14.3%) {0.0%}
20   ... 
57   -O                                                                        (1 = 14.3%) {14.3%}
68   O                                                                         (0 = 0.0%) {28.6%}
81   -O                                                                        (1 = 14.3%) {28.6%}
96   O                                                                         (0 = 0.0%) {42.9%}
114  --O                                                                       (2 = 28.6%) {42.9%}
135  -O                                                                        (1 = 14.3%) {71.4%}
160  ... 
226  -O                                                                        (1 = 14.3%) {85.7%}
268  ... 

Histogram: Net.HttpJob.TotalTimeSuccess.Priority5 recorded 13 samples, mean = 64.4 (flags = 0x41)
0    ... 
4    -O                                                                        (1 = 7.7%) {0.0%}
5    ... 
20   -O                                                                        (1 = 7.7%) {7.7%}
24   ... 
34   --O                                                                       (2 = 15.4%) {15.4%}
40   -O                                                                        (1 = 7.7%) {30.8%}
48   O                                                                         (0 = 0.0%) {38.5%}
57   -O                                                                        (1 = 7.7%) {38.5%}
68   -----O                                                                    (5 = 38.5%) {46.2%}
81   -O                                                                        (1 = 7.7%) {84.6%}
96   ... 
160  -O                                                                        (1 = 7.7%) {92.3%}
190  ... 

Histogram: Net.HttpRequestSSLUpgradeDecision recorded 2 samples, mean = 5.0 (flags = 0x41)
0  ... 
5  --O                                                                       (2 = 100.0%) {0.0%}
6  O                                                                         (0 = 0.0%) {100.0%}

Histogram: Net.HttpRequestStsState recorded 2 samples, mean = 2.0 (flags = 0x41)
0  ... 
2  --O                                                                       (2 = 100.0%) {0.0%}
3  ... 

Histogram: Net.HttpResponseCode recorded 105 samples, mean = 209.8 (flags = 0x41)
0    ... 
200  ------------------------------------------------------------------------O (95 = 90.5%) {0.0%}
201  ... 
204  --O                                                                       (2 = 1.9%) {90.5%}
205  ... 
302  ---O                                                                      (4 = 3.8%) {92.4%}
303  O                                                                         (0 = 0.0%) {96.2%}
304  -O                                                                        (1 = 1.0%) {96.2%}
305  ... 
308  -O                                                                        (1 = 1.0%) {97.1%}
309  ... 
400  --O                                                                       (2 = 1.9%) {98.1%}
401  ... 

Histogram: Net.HttpTimeToFirstByte recorded 59 samples, mean = 111.7 (flags = 0x41)
0    -----O                                                                    (5 = 8.5%)
10   -O                                                                        (1 = 1.7%) {8.5%}
12   ----O                                                                     (4 = 6.8%) {10.2%}
15   -O                                                                        (1 = 1.7%) {16.9%}
18   -O                                                                        (1 = 1.7%) {18.6%}
22   -O                                                                        (1 = 1.7%) {20.3%}
27   O                                                                         (0 = 0.0%) {22.0%}
33   --O                                                                       (2 = 3.4%) {22.0%}
41   O                                                                         (0 = 0.0%) {25.4%}
50   -O                                                                        (1 = 1.7%) {25.4%}
61   --------------O                                                           (14 = 23.7%) {27.1%}
75   ------------O                                                             (12 = 20.3%) {50.8%}
92   ----O                                                                     (4 = 6.8%) {71.2%}
113  ---O                                                                      (3 = 5.1%) {78.0%}
139  --O                                                                       (2 = 3.4%) {83.1%}
171  ---O                                                                      (3 = 5.1%) {86.4%}
210  -O                                                                        (1 = 1.7%) {91.5%}
258  O                                                                         (0 = 0.0%) {93.2%}
317  -O                                                                        (1 = 1.7%) {93.2%}
389  ... 
585  --O                                                                       (2 = 3.4%) {94.9%}
718  -O                                                                        (1 = 1.7%) {98.3%}
881  ... 

Histogram: Net.HttpTimeToFirstByte.TLS13.Google recorded 2 samples, mean = 697.5 (flags = 0x41)
0    ... 
574  --O                                                                       (2 = 100.0%) {0.0%}
729  ... 

Histogram: Net.NetworkChangeNotifier.NewConnectionCost recorded 2 samples, mean = 1.0 (flags = 0x41)
0  O                                                                         (0 = 0.0%)
1  --O                                                                       (2 = 100.0%) {0.0%}
2  ... 

Histogram: Net.NumQuicSessionsAtShutdown recorded 3 samples, mean = 0.0 (flags = 0x41)
0  ---O                                                                      (3 = 100.0%)
1  ... 

Histogram: Net.OnTransferSizeUpdated.Experimental.OverridenBy recorded 139 samples, mean = 13.0 (flags = 0x41)
0   O                                                                         (0 = 0.0%)
1   -------------------------------------------------O                        (49 = 35.3%) {0.0%}
2   ... 
11  -------------------------------------------O                              (43 = 30.9%) {35.3%}
12  --O                                                                       (2 = 1.4%) {66.2%}
13  ... 
26  --O                                                                       (2 = 1.4%) {67.6%}
27  O                                                                         (0 = 0.0%) {69.1%}
28  -------------------------------------------O                              (43 = 30.9%) {69.1%}
29  ... 

Histogram: Net.QuicActiveSessionCount.CertVerifierChanged recorded 6 samples, mean = 0.7 (flags = 0x41)
0  -----O                                                                    (5 = 83.3%)
1  ... 
4  -O                                                                        (1 = 16.7%) {83.3%}
5  ... 

Histogram: Net.QuicActiveSessions recorded 6 samples, mean = 1.0 (flags = 0x41)
0  ---O                                                                      (3 = 50.0%)
1  -O                                                                        (1 = 16.7%) {50.0%}
2  -O                                                                        (1 = 16.7%) {66.7%}
3  -O                                                                        (1 = 16.7%) {83.3%}
4  ... 

Histogram: Net.QuicChromiumClientStream.HandleOnCloseConnectionError recorded 11 samples (flags = 0x41)
0  -----------O                                                              (11 = 100.0%)

Histogram: Net.QuicChromiumClientStream.HandleOnCloseNetError recorded 11 samples (flags = 0x41)
100  -----------O                                                              (11 = 100.0%)

Histogram: Net.QuicChromiumClientStream.HandleOnCloseStreamError recorded 11 samples (flags = 0x41)
0  -----------O                                                              (11 = 100.0%)

Histogram: Net.QuicChromiumClientStream.HeaderDecodingDelay recorded 11 samples, mean = 0.0 (flags = 0x41)
0  -----------O                                                              (11 = 100.0%)
1  ... 

Histogram: Net.QuicChromiumClientStream.HeaderDecodingDelayGoogle recorded 2 samples, mean = 0.0 (flags = 0x41)
0  --O                                                                       (2 = 100.0%)
1  ... 

Histogram: Net.QuicConnection.WritePacketStatus recorded 169 samples, mean = 0.0 (flags = 0x41)
0  ------------------------------------------------------------------------O (169 = 100.0%)
1  ... 

Histogram: Net.QuicCryptoClientConfig.PopulatedFromCanonicalConfig recorded 5 samples, mean = 0.0 (flags = 0x41)
0  -----O                                                                    (5 = 100.0%)
1  ... 

Histogram: Net.QuicDroppedPacketReason recorded 16 samples, mean = 6.0 (flags = 0x41)
0  ... 
6  ----------------O                                                         (16 = 100.0%) {0.0%}
7  O                                                                         (0 = 0.0%) {100.0%}

Histogram: Net.QuicHandshakeState recorded 18 samples, mean = 1.0 (flags = 0x41)
0  ------O                                                                   (6 = 33.3%)
1  ------O                                                                   (6 = 33.3%) {33.3%}
2  ------O                                                                   (6 = 33.3%) {66.7%}
3  ... 

Histogram: Net.QuicHttpStream.ProcessResponseHeaderSuccess recorded 11 samples, mean = 1.0 (flags = 0x41)
0  O                                                                         (0 = 0.0%)
1  -----------O                                                              (11 = 100.0%) {0.0%}
2  O                                                                         (0 = 0.0%) {100.0%}

Histogram: Net.QuicSession.AbortedPendingStreamRequests recorded 6 samples, mean = 0.0 (flags = 0x41)
0  ------O                                                                   (6 = 100.0%)
1  ... 

Histogram: Net.QuicSession.AcceptChForOrigin recorded 11 samples, mean = 0.2 (flags = 0x41)
0  ---------O                                                                (9 = 81.8%)
1  --O                                                                       (2 = 18.2%) {81.8%}
2  O                                                                         (0 = 0.0%) {100.0%}

Histogram: Net.QuicSession.AcceptChFrameReceivedViaAlps recorded 2 samples, mean = 1.0 (flags = 0x41)
0  O                                                                         (0 = 0.0%)
1  --O                                                                       (2 = 100.0%) {0.0%}
2  ... 

Histogram: Net.QuicSession.AsyncRead recorded 234 samples, mean = 0.4 (flags = 0x41)
0  ------------------------------------------------------------------------O (140 = 59.8%)
1  ------------------------------------------------O                         (94 = 40.2%) {59.8%}
2  O                                                                         (0 = 0.0%) {100.0%}

Histogram: Net.QuicSession.BlockedFrames.Received recorded 6 samples, mean = 0.0 (flags = 0x41)
0  ------O                                                                   (6 = 100.0%)
1  ... 

Histogram: Net.QuicSession.BlockedFrames.Sent recorded 6 samples, mean = 0.0 (flags = 0x41)
0  ------O                                                                   (6 = 100.0%)
1  ... 

Histogram: Net.QuicSession.CertVerificationResult recorded 6 samples (flags = 0x41)
0  ------O                                                                   (6 = 100.0%)

Histogram: Net.QuicSession.ClientSideMtu recorded 6 samples (flags = 0x41)
1230  --O                                                                       (2 = 33.3%)
1250  ----O                                                                     (4 = 66.7%)

Histogram: Net.QuicSession.CloseAllSessionsError recorded 3 samples (flags = 0x41)
3  ---O                                                                      (3 = 100.0%)

Histogram: Net.QuicSession.ClosedDuringInitializeSession recorded 6 samples, mean = 0.0 (flags = 0x41)
0  ------O                                                                   (6 = 100.0%)
1  ... 

Histogram: Net.QuicSession.CoalesceStreamFrameStatus recorded 43 samples, mean = 0.2 (flags = 0x41)
0  ----------------------------------O                                       (34 = 79.1%)
1  ---------O                                                                (9 = 20.9%) {79.1%}
2  O                                                                         (0 = 0.0%) {100.0%}

Histogram: Net.QuicSession.ConnectRandomPortForHTTPS recorded 6 samples, mean = 0.0 (flags = 0x41)
0  ------O                                                                   (6 = 100.0%)
1  ... 

Histogram: Net.QuicSession.ConnectRandomPortRequiringConfirmationForHTTPS recorded 2 samples, mean = 0.0 (flags = 0x41)
0  --O                                                                       (2 = 100.0%)
1  ... 

Histogram: Net.QuicSession.ConnectionClose.NumOpenStreams.TimedOut recorded 6 samples, mean = 0.0 (flags = 0x41)
0  ------O                                                                   (6 = 100.0%)
1  ... 

Histogram: Net.QuicSession.ConnectionCloseErrorCodeClient recorded 6 samples (flags = 0x41)
25  ------O                                                                   (6 = 100.0%)

Histogram: Net.QuicSession.ConnectionCloseErrorCodeClient.HandshakeConfirmed recorded 6 samples (flags = 0x41)
25  ------O                                                                   (6 = 100.0%)

Histogram: Net.QuicSession.ConnectionCloseErrorCodeClientGoogle recorded 2 samples (flags = 0x41)
25  --O                                                                       (2 = 100.0%)

Histogram: Net.QuicSession.ConnectionCloseErrorCodeClientGoogle.HandshakeConfirmed recorded 2 samples (flags = 0x41)
25  --O                                                                       (2 = 100.0%)

Histogram: Net.QuicSession.ConnectionDuration recorded 6 samples, mean = 29216.3 (flags = 0x41)
0      ... 
27425  ------O                                                                   (6 = 100.0%) {0.0%}
31655  ... 

Histogram: Net.QuicSession.ConnectionFlowControlBlocked recorded 45 samples, mean = 1.0 (flags = 0x41)
0  O                                                                         (0 = 0.0%)
1  ---------------------------------------------O                            (45 = 100.0%) {0.0%}
2  O                                                                         (0 = 0.0%) {100.0%}

Histogram: Net.QuicSession.ConnectionIpPooled recorded 6 samples, mean = 0.0 (flags = 0x41)
0  ------O                                                                   (6 = 100.0%)
1  ... 

Histogram: Net.QuicSession.ConnectionTypeFromSelf recorded 6 samples, mean = 1.3 (flags = 0x41)
0  O                                                                         (0 = 0.0%)
1  ----O                                                                     (4 = 66.7%) {0.0%}
2  --O                                                                       (2 = 33.3%) {66.7%}

Histogram: Net.QuicSession.CryptoRetransmitCount.HandshakeConfirmed recorded 6 samples, mean = 4.0 (flags = 0x41)
0   --O                                                                       (2 = 33.3%)
1   ---O                                                                      (3 = 50.0%) {33.3%}
2   ... 
21  -O                                                                        (1 = 16.7%) {83.3%}
22  ... 

Histogram: Net.QuicSession.DuplicatePacketsReceived recorded 6 samples, mean = 0.0 (flags = 0x41)
0  ------O                                                                   (6 = 100.0%)
1  ... 

Histogram: Net.QuicSession.EcnMarksObserved recorded 6 samples, mean = 1.0 (flags = 0x41)
0  O                                                                         (0 = 0.0%)
1  ------O                                                                   (6 = 100.0%) {0.0%}
2  ... 

Histogram: Net.QuicSession.EncryptionEstablishedTime recorded 6 samples, mean = 129.8 (flags = 0x41)
0    ... 
14   -O                                                                        (1 = 16.7%) {0.0%}
17   -O                                                                        (1 = 16.7%) {16.7%}
20   O                                                                         (0 = 0.0%) {33.3%}
24   -O                                                                        (1 = 16.7%) {33.3%}
29   --O                                                                       (2 = 33.3%) {50.0%}
34   ... 
633  -O                                                                        (1 = 16.7%) {83.3%}
752  ... 

Histogram: Net.QuicSession.FinchConfigIsValid recorded 3 samples, mean = 1.0 (flags = 0x41)
0  O                                                                         (0 = 0.0%)
1  ---O                                                                      (3 = 100.0%) {0.0%}
2  O                                                                         (0 = 0.0%) {100.0%}

Histogram: Net.QuicSession.FindMatchingIpSessionResult recorded 12 samples, mean = 2.0 (flags = 0x41)
0  ... 
2  ------------O                                                             (12 = 100.0%) {0.0%}
3  O                                                                         (0 = 0.0%) {100.0%}

Histogram: Net.QuicSession.FindMatchingIpSessionResultGoogle recorded 4 samples, mean = 2.0 (flags = 0x41)
0  ... 
2  ----O                                                                     (4 = 100.0%) {0.0%}
3  O                                                                         (0 = 0.0%) {100.0%}

Histogram: Net.QuicSession.HandshakeConfirmedTime recorded 6 samples, mean = 130.0 (flags = 0x41)
0    ... 
14   -O                                                                        (1 = 16.7%) {0.0%}
17   -O                                                                        (1 = 16.7%) {16.7%}
20   O                                                                         (0 = 0.0%) {33.3%}
24   -O                                                                        (1 = 16.7%) {33.3%}
29   --O                                                                       (2 = 33.3%) {50.0%}
34   ... 
633  -O                                                                        (1 = 16.7%) {83.3%}
752  ... 

Histogram: Net.QuicSession.HeaderCompressionRatioQpackReceived recorded 11 samples, mean = 56.6 (flags = 0x41)
0   O                                                                         (0 = 0.0%)
1   -O                                                                        (1 = 9.1%) {0.0%}
2   ... 
4   -O                                                                        (1 = 9.1%) {9.1%}
5   ... 
63  -O                                                                        (1 = 9.1%) {18.2%}
64  ... 
67  -O                                                                        (1 = 9.1%) {27.3%}
68  -O                                                                        (1 = 9.1%) {36.4%}
69  ----O                                                                     (4 = 36.4%) {45.5%}
70  -O                                                                        (1 = 9.1%) {81.8%}
71  ... 
74  -O                                                                        (1 = 9.1%) {90.9%}
75  ... 

Histogram: Net.QuicSession.HeaderCompressionRatioQpackSent recorded 11 samples, mean = 73.2 (flags = 0x41)
0   ... 
63  -O                                                                        (1 = 9.1%) {0.0%}
64  ... 
70  -O                                                                        (1 = 9.1%) {9.1%}
71  O                                                                         (0 = 0.0%) {18.2%}
72  -O                                                                        (1 = 9.1%) {18.2%}
73  O                                                                         (0 = 0.0%) {27.3%}
74  --O                                                                       (2 = 18.2%) {27.3%}
75  ----O                                                                     (4 = 36.4%) {45.5%}
76  --O                                                                       (2 = 18.2%) {81.8%}
77  ... 

Histogram: Net.QuicSession.HostResolution.HandshakeConfirmedTime recorded 6 samples, mean = 131.2 (flags = 0x41)
0    ... 
17   --O                                                                       (2 = 33.3%) {0.0%}
20   ... 
29   ---O                                                                      (3 = 50.0%) {33.3%}
34   ... 
633  -O                                                                        (1 = 16.7%) {83.3%}
752  ... 

Histogram: Net.QuicSession.IncorrectConnectionIDsReceived recorded 6 samples, mean = 0.0 (flags = 0x41)
0  ------O                                                                   (6 = 100.0%)
1  ... 

Histogram: Net.QuicSession.InitialRttEsitmateSource recorded 6 samples, mean = 0.3 (flags = 0x41)
0  ----O                                                                     (4 = 66.7%)
1  --O                                                                       (2 = 33.3%) {66.7%}
2  ... 

Histogram: Net.QuicSession.KeyUpdate.PerConnection2 recorded 6 samples, mean = 0.0 (flags = 0x41)
0  ------O                                                                   (6 = 100.0%)
1  ... 

Histogram: Net.QuicSession.KeyUpdate.PotentialPeerKeyUpdateAttemptCount recorded 6 samples, mean = 0.0 (flags = 0x41)
0  ------O                                                                   (6 = 100.0%)
1  ... 

Histogram: Net.QuicSession.MaxConsecutiveRtoWithForwardProgress recorded 6 samples, mean = 0.7 (flags = 0x41)
0  --O                                                                       (2 = 33.3%)
1  ----O                                                                     (4 = 66.7%) {33.3%}
2  ... 

Histogram: Net.QuicSession.MinRTT recorded 6 samples, mean = 9.3 (flags = 0x41)
0   ... 
8   ---O                                                                      (3 = 50.0%) {0.0%}
10  ---O                                                                      (3 = 50.0%) {50.0%}
12  ... 

Histogram: Net.QuicSession.MtuProbesSent recorded 6 samples, mean = 0.0 (flags = 0x41)
0  ------O                                                                   (6 = 100.0%)
1  ... 

Histogram: Net.QuicSession.NumDefaultPathDegrading recorded 6 samples, mean = 0.0 (flags = 0x41)
0  ------O                                                                   (6 = 100.0%)
1  ... 

Histogram: Net.QuicSession.NumMigrations recorded 6 samples, mean = 0.0 (flags = 0x41)
0  ------O                                                                   (6 = 100.0%)
1  ... 

Histogram: Net.QuicSession.NumOpenStreams recorded 11 samples, mean = 1.3 (flags = 0x41)
0  O                                                                         (0 = 0.0%)
1  --------O                                                                 (8 = 72.7%) {0.0%}
2  ---O                                                                      (3 = 27.3%) {72.7%}
3  ... 

Histogram: Net.QuicSession.NumPingsSent recorded 6 samples, mean = 4.0 (flags = 0x41)
0   --O                                                                       (2 = 33.3%)
1   ---O                                                                      (3 = 50.0%) {33.3%}
2   ... 
20  -O                                                                        (1 = 16.7%) {83.3%}
23  ... 

Histogram: Net.QuicSession.NumQueuedPacketsBeforeWrite recorded 240 samples, mean = 0.0 (flags = 0x41)
0  ------------------------------------------------------------------------O (240 = 100.0%)
1  ... 

Histogram: Net.QuicSession.NumTotalStreams recorded 6 samples, mean = 1.8 (flags = 0x41)
0  O                                                                         (0 = 0.0%)
1  -----O                                                                    (5 = 83.3%) {0.0%}
2  ... 
5  -O                                                                        (1 = 16.7%) {83.3%}
7  ... 

Histogram: Net.QuicSession.OutOfOrderGapReceived recorded 1 samples, mean = 32.0 (flags = 0x41)
0   ... 
28  -O                                                                        (1 = 100.0%) {0.0%}
37  ... 

Histogram: Net.QuicSession.OutOfOrderLargePacketsReceived recorded 6 samples, mean = 0.0 (flags = 0x41)
0  ------O                                                                   (6 = 100.0%)
1  ... 

Histogram: Net.QuicSession.OutOfOrderPacketsReceived recorded 6 samples, mean = 0.2 (flags = 0x41)
0  -----O                                                                    (5 = 83.3%)
1  -O                                                                        (1 = 16.7%) {83.3%}
2  ... 

Histogram: Net.QuicSession.PacketGapReceived recorded 8 samples, mean = 2.0 (flags = 0x41)
0  O                                                                         (0 = 0.0%)
1  ----O                                                                     (4 = 50.0%) {0.0%}
2  ---O                                                                      (3 = 37.5%) {50.0%}
3  ... 
5  -O                                                                        (1 = 12.5%) {87.5%}
7  ... 

Histogram: Net.QuicSession.PacketGapReceivedNearPing recorded 24 samples, mean = 1.5 (flags = 0x41)
0  O                                                                         (0 = 0.0%)
1  -------------------O                                                      (19 = 79.2%) {0.0%}
2  -O                                                                        (1 = 4.2%) {79.2%}
3  ---O                                                                      (3 = 12.5%) {83.3%}
4  ... 
7  -O                                                                        (1 = 4.2%) {95.8%}
9  ... 

Histogram: Net.QuicSession.PacketLossRate_CONNECTION_WIFI recorded 3 samples, mean = 17.7 (flags = 0x41)
0   ... 
10  -O                                                                        (1 = 33.3%) {0.0%}
11  ... 
20  -O                                                                        (1 = 33.3%) {33.3%}
22  -O                                                                        (1 = 33.3%) {66.7%}
24  ... 

Histogram: Net.QuicSession.PacketWriteTime.Synchronous recorded 165 samples, mean = 0.0 (flags = 0x41)
0  ------------------------------------------------------------------------O (165 = 100.0%)
1  ... 

Histogram: Net.QuicSession.PacketsBeforeEcnTransition recorded 6 samples, mean = 0.0 (flags = 0x41)
0  ------O                                                                   (6 = 100.0%)
1  ... 

Histogram: Net.QuicSession.PreferAesGcm recorded 2 samples, mean = 1.0 (flags = 0x41)
0  O                                                                         (0 = 0.0%)
1  --O                                                                       (2 = 100.0%) {0.0%}
2  O                                                                         (0 = 0.0%) {100.0%}

Histogram: Net.QuicSession.Qpack.HeaderListCountWhenBlockedStreamLimited recorded 9 samples, mean = 2.7 (flags = 0x41)
0  O                                                                         (0 = 0.0%)
1  ----O                                                                     (4 = 44.4%) {0.0%}
2  -O                                                                        (1 = 11.1%) {44.4%}
3  -O                                                                        (1 = 11.1%) {55.6%}
4  -O                                                                        (1 = 11.1%) {66.7%}
5  -O                                                                        (1 = 11.1%) {77.8%}
6  -O                                                                        (1 = 11.1%) {88.9%}
7  ... 

Histogram: Net.QuicSession.Qpack.HeaderListCountWhenInsertionNotBlocked recorded 11 samples, mean = 2.4 (flags = 0x41)
0  O                                                                         (0 = 0.0%)
1  ------O                                                                   (6 = 54.5%) {0.0%}
2  -O                                                                        (1 = 9.1%) {54.5%}
3  -O                                                                        (1 = 9.1%) {63.6%}
4  -O                                                                        (1 = 9.1%) {72.7%}
5  -O                                                                        (1 = 9.1%) {81.8%}
6  -O                                                                        (1 = 9.1%) {90.9%}
7  ... 

Histogram: Net.QuicSession.Qpack.HeaderListCountWhenNotBlockedStreamLimited recorded 2 samples, mean = 1.0 (flags = 0x41)
0  O                                                                         (0 = 0.0%)
1  --O                                                                       (2 = 100.0%) {0.0%}
2  ... 

Histogram: Net.QuicSession.QuicVersion recorded 6 samples (flags = 0x41)
80  ------O                                                                   (6 = 100.0%)

Histogram: Net.QuicSession.ReceivedSettings.BlockedStreams recorded 2 samples, mean = 100.0 (flags = 0x41)
0   ... 
95  --O                                                                       (2 = 100.0%) {0.0%}
107 ... 

Histogram: Net.QuicSession.ReceivedSettings.CountPlusOne recorded 6 samples, mean = 4.3 (flags = 0x41)
0  ... 
3  ----O                                                                     (4 = 66.7%) {0.0%}
4  ... 
7  --O                                                                       (2 = 33.3%) {66.7%}
8  ... 

Histogram: Net.QuicSession.ReceivedSettings.MaxHeaderListSize2 recorded 6 samples, mean = 109226.7 (flags = 0x41)
0       ... 
63662   --O                                                                       (2 = 33.3%) {0.0%}
83848   O                                                                         (0 = 0.0%) {33.3%}
110434  ----O                                                                     (4 = 66.7%) {33.3%}
145450  ... 

Histogram: Net.QuicSession.ReceivedSettings.MaxTableCapacity2 recorded 2 samples, mean = 65536.0 (flags = 0x41)
0      ... 
63662  --O                                                                       (2 = 100.0%) {0.0%}
83848  ... 

Histogram: Net.QuicSession.ReceivedSettings.ReservedCountPlusOne recorded 6 samples, mean = 2.0 (flags = 0x41)
0  ... 
2  ------O                                                                   (6 = 100.0%) {0.0%}
3  ... 

Histogram: Net.QuicSession.RstStreamErrorCodeServer recorded 4 samples (flags = 0x41)
20  ----O                                                                     (4 = 100.0%)

Histogram: Net.QuicSession.SendPacketSize.0RTT recorded 1 samples, mean = 94.0 (flags = 0x41)
0   ... 
87  -O                                                                        (1 = 100.0%) {0.0%}
99  ... 

Histogram: Net.QuicSession.SendPacketSize.ForwardSecure recorded 115 samples, mean = 283.2 (flags = 0x41)
0     ... 
32    -------O                                                                  (7 = 6.1%) {0.0%}
36    -O                                                                        (1 = 0.9%) {6.1%}
41    --------------------------------------------------------------------O     (68 = 59.1%) {7.0%}
47    -----O                                                                    (5 = 4.3%) {66.1%}
53    ... 
68    --O                                                                       (2 = 1.7%) {70.4%}
77    ----O                                                                     (4 = 3.5%) {72.2%}
87    -O                                                                        (1 = 0.9%) {75.7%}
99    ... 
128   -O                                                                        (1 = 0.9%) {76.5%}
145   ... 
406   -O                                                                        (1 = 0.9%) {77.4%}
461   -O                                                                        (1 = 0.9%) {78.3%}
524   -O                                                                        (1 = 0.9%) {79.1%}
595   O                                                                         (0 = 0.0%) {80.0%}
676   --O                                                                       (2 = 1.7%) {80.0%}
768   O                                                                         (0 = 0.0%) {81.7%}
872   --O                                                                       (2 = 1.7%) {81.7%}
991   O                                                                         (0 = 0.0%) {83.5%}
1126  -------------------O                                                      (19 = 16.5%) {83.5%}
1279  ... 

Histogram: Net.QuicSession.SendPacketSize.Handshake recorded 16 samples, mean = 62.1 (flags = 0x41)
0   ... 
36  ----O                                                                     (4 = 25.0%) {0.0%}
41  O                                                                         (0 = 0.0%) {25.0%}
47  -----O                                                                    (5 = 31.2%) {25.0%}
53  O                                                                         (0 = 0.0%) {56.2%}
60  -O                                                                        (1 = 6.2%) {56.2%}
68  O                                                                         (0 = 0.0%) {62.5%}
77  -----O                                                                    (5 = 31.2%) {62.5%}
87  O                                                                         (0 = 0.0%) {93.8%}
99  -O                                                                        (1 = 6.2%) {93.8%}
113 ... 

Histogram: Net.QuicSession.SendPacketSize.Initial recorded 37 samples, mean = 337.5 (flags = 0x41)
0     ... 
47    ------------------------O                                                 (24 = 64.9%) {0.0%}
53    -O                                                                        (1 = 2.7%) {64.9%}
60    ... 
524   --O                                                                       (2 = 5.4%) {67.6%}
595   ---O                                                                      (3 = 8.1%) {73.0%}
676   O                                                                         (0 = 0.0%) {81.1%}
768   -O                                                                        (1 = 2.7%) {81.1%}
872   ... 
1126  ------O                                                                   (6 = 16.2%) {83.8%}
1279  ... 

Histogram: Net.QuicSession.ServerSideMtu recorded 6 samples (flags = 0x41)
1200  ----O                                                                     (4 = 66.7%)
1230  --O                                                                       (2 = 33.3%)

Histogram: Net.QuicSession.SmoothedRTT recorded 6 samples, mean = 10.7 (flags = 0x41)
0   ... 
8   -O                                                                        (1 = 16.7%) {0.0%}
10  ---O                                                                      (3 = 50.0%) {16.7%}
12  --O                                                                       (2 = 33.3%) {66.7%}
14  ... 

Histogram: Net.QuicSession.StopSendingErrorCodeClient recorded 4 samples (flags = 0x41)
20  ----O                                                                     (4 = 100.0%)

Histogram: Net.QuicSession.StreamFlowControlBlocked recorded 45 samples, mean = 1.0 (flags = 0x41)
0  O                                                                         (0 = 0.0%)
1  ---------------------------------------------O                            (45 = 100.0%) {0.0%}
2  O                                                                         (0 = 0.0%) {100.0%}

Histogram: Net.QuicSession.StreamFrameDuplicatedShortConnection recorded 6 samples, mean = 0.0 (flags = 0x41)
0  ------O                                                                   (6 = 100.0%)
1  ... 

Histogram: Net.QuicSession.TimeFromResolveHostToConfirmConnection recorded 6 samples, mean = 139.7 (flags = 0x41)
0    ... 
17   -O                                                                        (1 = 16.7%) {0.0%}
20   ... 
29   --O                                                                       (2 = 33.3%) {16.7%}
34   O                                                                         (0 = 0.0%) {50.0%}
40   -O                                                                        (1 = 16.7%) {50.0%}
48   -O                                                                        (1 = 16.7%) {66.7%}
57   ... 
633  -O                                                                        (1 = 16.7%) {83.3%}
752  ... 

Histogram: Net.QuicSession.TooManyOpenStreams recorded 11 samples, mean = 0.0 (flags = 0x41)
0  -----------O                                                              (11 = 100.0%)
1  ... 

Histogram: Net.QuicSession.TooSmallInitialSentPacket recorded 31 samples, mean = 1037.8 (flags = 0x41)
0     ... 
394   -O                                                                        (1 = 3.2%) {0.0%}
446   ... 
571   -----O                                                                    (5 = 16.1%) {3.2%}
646   ... 
1060  -------------------------O                                                (25 = 80.6%) {19.4%}
1200  O                                                                         (0 = 0.0%) {100.0%}

Histogram: Net.QuicSession.UndecryptablePacketsReceived recorded 6 samples, mean = 2.7 (flags = 0x41)
0   ----O                                                                     (4 = 66.7%)
1   O                                                                         (0 = 0.0%) {66.7%}
2   -O                                                                        (1 = 16.7%) {66.7%}
3   ... 
12  -O                                                                        (1 = 16.7%) {83.3%}
16  ... 

Histogram: Net.QuicSession.UndecryptablePacketsReceivedWithDecrypter recorded 6 samples, mean = 0.0 (flags = 0x41)
0  ------O                                                                   (6 = 100.0%)
1  ... 

Histogram: Net.QuicSession.VerifyProofTime recorded 6 samples, mean = 116.8 (flags = 0x41)
0    --O                                                                       (2 = 33.3%)
1    ... 
10   -O                                                                        (1 = 16.7%) {33.3%}
12   -O                                                                        (1 = 16.7%) {50.0%}
14   -O                                                                        (1 = 16.7%) {66.7%}
17   ... 
633  -O                                                                        (1 = 16.7%) {83.3%}
752  ... 

Histogram: Net.QuicSession.ZeroRttReason recorded 6 samples, mean = 4.5 (flags = 0x41)
0  ... 
2  -O                                                                        (1 = 16.7%) {0.0%}
3  ... 
5  -----O                                                                    (5 = 83.3%) {16.7%}
6  ... 

Histogram: Net.QuicSession.ZeroRttReasonGoogle recorded 2 samples, mean = 5.0 (flags = 0x41)
0  ... 
5  --O                                                                       (2 = 100.0%) {0.0%}
6  ... 

Histogram: Net.QuicSession.ZeroRttReasonNonGoogle recorded 4 samples, mean = 4.2 (flags = 0x41)
0  ... 
2  -O                                                                        (1 = 25.0%) {0.0%}
3  ... 
5  ---O                                                                      (3 = 75.0%) {25.0%}
6  ... 

Histogram: Net.QuicSession.ZeroRttState recorded 6 samples, mean = 1.7 (flags = 0x41)
0  -O                                                                        (1 = 16.7%)
1  O                                                                         (0 = 0.0%) {16.7%}
2  -----O                                                                    (5 = 83.3%) {16.7%}
3  O                                                                         (0 = 0.0%) {100.0%}

Histogram: Net.RestrictedCookieManager.GetCookiesString.Count30Seconds recorded 73 samples, mean = 0.0 (flags = 0x41)
0  ------------------------------------------------------------------------O (72 = 98.6%)
1  O                                                                         (0 = 0.0%) {98.6%}
2  -O                                                                        (1 = 1.4%) {98.6%}
3  ... 

Histogram: Net.RestrictedCookieManager.SiteForCookiesOK recorded 2 samples, mean = 1.0 (flags = 0x41)
0  O                                                                         (0 = 0.0%)
1  --O                                                                       (2 = 100.0%) {0.0%}
2  O                                                                         (0 = 0.0%) {100.0%}

Histogram: Net.RestrictedCookieManager.TopFrameOriginOK recorded 2 samples, mean = 1.0 (flags = 0x41)
0  O                                                                         (0 = 0.0%)
1  --O                                                                       (2 = 100.0%) {0.0%}
2  O                                                                         (0 = 0.0%) {100.0%}

Histogram: Net.SSLHandshakeDetails recorded 14 samples, mean = 6.1 (flags = 0x41)
0  ... 
6  ------------O                                                             (12 = 85.7%) {0.0%}
7  --O                                                                       (2 = 14.3%) {85.7%}
8  ... 

Histogram: Net.SSLNegotiatedAlpnProtocol recorded 14 samples, mean = 1.9 (flags = 0x41)
0  O                                                                         (0 = 0.0%)
1  -O                                                                        (1 = 7.1%) {0.0%}
2  -------------O                                                            (13 = 92.9%) {7.1%}
3  ... 

Histogram: Net.SSLRenegotiationInfoSupported recorded 14 samples, mean = 1.0 (flags = 0x41)
0  O                                                                         (0 = 0.0%)
1  --------------O                                                           (14 = 100.0%) {0.0%}
2  O                                                                         (0 = 0.0%) {100.0%}

Histogram: Net.SSLSignatureAlgorithm recorded 14 samples (flags = 0x41)
1027  ---------O                                                                (9 = 64.3%)
2052  -----O                                                                    (5 = 35.7%)

Histogram: Net.SSLVersion recorded 14 samples, mean = 6.0 (flags = 0x41)
0  ... 
6  --------------O                                                           (14 = 100.0%) {0.0%}
7  ... 

Histogram: Net.SSL_CipherSuite recorded 14 samples (flags = 0x41)
4865  -----------O                                                              (11 = 78.6%)
4866  ---O                                                                      (3 = 21.4%)

Histogram: Net.SSL_Connection_Error recorded 14 samples (flags = 0x41)
0  --------------O                                                           (14 = 100.0%)

Histogram: Net.SSL_Connection_Latency_2 recorded 14 samples, mean = 215.4 (flags = 0x41)
0    ... 
11   -O                                                                        (1 = 7.1%) {0.0%}
12   ... 
23   --O                                                                       (2 = 14.3%) {7.1%}
25   ----O                                                                     (4 = 28.6%) {21.4%}
28   ... 
75   -O                                                                        (1 = 7.1%) {50.0%}
83   -O                                                                        (1 = 7.1%) {57.1%}
92   ... 
122  -O                                                                        (1 = 7.1%) {64.3%}
135  ... 
590  ---O                                                                      (3 = 21.4%) {71.4%}
651  -O                                                                        (1 = 7.1%) {92.9%}
718  ... 

Histogram: Net.SSL_KeyExchange.ECDHE recorded 14 samples (flags = 0x41)
29     -----------O                                                              (11 = 78.6%)
25497  ---O                                                                      (3 = 21.4%)

Histogram: Net.SharedDictionaryStorageOnDisk.IsMetadataReadyOnFirstUse recorded 1 samples, mean = 1.0 (flags = 0x41)
0  O                                                                         (0 = 0.0%)
1  -O                                                                        (1 = 100.0%) {0.0%}
2  O                                                                         (0 = 0.0%) {100.0%}

Histogram: Net.SharedDictionaryStorageOnDisk.MetadataReadTime.Empty recorded 1 samples, mean = 0.0 (flags = 0x41)
0  -O                                                                        (1 = 100.0%)
1  ... 

Histogram: Net.SharedDictionaryStore.DeleteExpiredDictionaries.Error recorded 2 samples, mean = 0.0 (flags = 0x41)
0  --O                                                                       (2 = 100.0%)
1  ... 

Histogram: Net.SharedDictionaryStore.GetDictionaries.Error recorded 1 samples, mean = 0.0 (flags = 0x41)
0  -O                                                                        (1 = 100.0%)
1  ... 

Histogram: Net.SharedDictionaryStore.ProcessEviction.Error recorded 1 samples, mean = 0.0 (flags = 0x41)
0  -O                                                                        (1 = 100.0%)
1  ... 

Histogram: Net.SpdyFrameStreamAndSessionFlowControlState recorded 1 samples, mean = 0.0 (flags = 0x41)
0  -O                                                                        (1 = 100.0%)
1  ... 

Histogram: Net.SpdyHeadersCompressionPercentage recorded 42 samples, mean = 81.8 (flags = 0x41)
0   ... 
33  -O                                                                        (1 = 2.4%) {0.0%}
34  ---O                                                                      (3 = 7.1%) {2.4%}
35  -O                                                                        (1 = 2.4%) {9.5%}
36  ... 
41  ---O                                                                      (3 = 7.1%) {11.9%}
42  ... 
59  -O                                                                        (1 = 2.4%) {19.0%}
60  ... 
78  -O                                                                        (1 = 2.4%) {21.4%}
79  ... 
83  -O                                                                        (1 = 2.4%) {23.8%}
84  -O                                                                        (1 = 2.4%) {26.2%}
85  ... 
92  ----O                                                                     (4 = 9.5%) {28.6%}
93  -O                                                                        (1 = 2.4%) {38.1%}
94  --O                                                                       (2 = 4.8%) {40.5%}
95  ------------------O                                                       (18 = 42.9%) {45.2%}
96  -----O                                                                    (5 = 11.9%) {88.1%}
97  ... 

Histogram: Net.SpdyResponseCode recorded 42 samples (flags = 0x41)
200  --------------------------------------O                                   (38 = 90.5%)
204  -O                                                                        (1 = 2.4%)
302  -O                                                                        (1 = 2.4%)
304  -O                                                                        (1 = 2.4%)
400  -O                                                                        (1 = 2.4%)

Histogram: Net.SpdySession.AcceptChForOrigin recorded 42 samples, mean = 0.0 (flags = 0x41)
0  ----------------------------------------O                                 (40 = 95.2%)
1  --O                                                                       (2 = 4.8%) {95.2%}
2  O                                                                         (0 = 0.0%) {100.0%}

Histogram: Net.SpdySession.AlpsAcceptChEntries recorded 2 samples, mean = 1.0 (flags = 0x41)
0  O                                                                         (0 = 0.0%)
1  --O                                                                       (2 = 100.0%) {0.0%}
2  ... 

Histogram: Net.SpdySession.AlpsDecoderStatus recorded 2 samples, mean = 0.0 (flags = 0x41)
0  --O                                                                       (2 = 100.0%)
1  ... 

Histogram: Net.SpdySession.AlpsDecoderStatus.Bypassed recorded 2 samples, mean = 0.0 (flags = 0x41)
0  --O                                                                       (2 = 100.0%)
1  ... 

Histogram: Net.SpdySession.AlpsSettingParameterCount recorded 2 samples, mean = 0.0 (flags = 0x41)
0  --O                                                                       (2 = 100.0%)
1  ... 

Histogram: Net.SpdySession.ClosedOnError recorded 8 samples (flags = 0x41)
0  --------O                                                                 (8 = 100.0%)

Histogram: Net.SpdySession.CreateStreamWithSocketConnected recorded 42 samples, mean = 1.0 (flags = 0x41)
0  O                                                                         (0 = 0.0%)
1  ------------------------------------------O                               (42 = 100.0%) {0.0%}
2  O                                                                         (0 = 0.0%) {100.0%}

Histogram: Net.SpdySession.GoAwayReceived recorded 2 samples (flags = 0x41)
0  --O                                                                       (2 = 100.0%)

Histogram: Net.SpdySession.OnSettings.ActiveStreamCount2 recorded 8 samples, mean = 4.0 (flags = 0x41)
0   -O                                                                        (1 = 12.5%)
1   ------O                                                                   (6 = 75.0%) {12.5%}
2   ... 
26  -O                                                                        (1 = 12.5%) {87.5%}
29  ... 

Histogram: Net.SpdySession.OnSettings.CreatedAndActiveStreamCount2 recorded 8 samples, mean = 4.0 (flags = 0x41)
0   -O                                                                        (1 = 12.5%)
1   ------O                                                                   (6 = 75.0%) {12.5%}
2   ... 
26  -O                                                                        (1 = 12.5%) {87.5%}
29  ... 

Histogram: Net.SpdySession.OnSettings.CreatedStreamCount2 recorded 8 samples, mean = 0.0 (flags = 0x41)
0  --------O                                                                 (8 = 100.0%)
1  ... 

Histogram: Net.SpdySession.OnSettings.PendingStreamCount2 recorded 8 samples, mean = 0.0 (flags = 0x41)
0  --------O                                                                 (8 = 100.0%)
1  ... 

Histogram: Net.SpdySession.ServerSupportsWebSocket recorded 8 samples, mean = 0.0 (flags = 0x41)
0  --------O                                                                 (8 = 100.0%)
1  ... 

Histogram: Net.SpdySessionGet recorded 17 samples, mean = 1.9 (flags = 0x41)
0  O                                                                         (0 = 0.0%)
1  ---------O                                                                (9 = 52.9%) {0.0%}
2  O                                                                         (0 = 0.0%) {52.9%}
3  --------O                                                                 (8 = 47.1%) {52.9%}
4  O                                                                         (0 = 0.0%) {100.0%}

Histogram: Net.SpdyStreamsAbandonedPerSession recorded 8 samples, mean = 0.0 (flags = 0x41)
0  --------O                                                                 (8 = 100.0%)
1  ... 

Histogram: Net.SpdyStreamsPerSession recorded 8 samples, mean = 5.2 (flags = 0x41)
0   O                                                                         (0 = 0.0%)
1   ----O                                                                     (4 = 50.0%) {0.0%}
2   --O                                                                       (2 = 25.0%) {50.0%}
3   ... 
5   -O                                                                        (1 = 12.5%) {75.0%}
6   ... 
27  -O                                                                        (1 = 12.5%) {87.5%}
30  ... 

Histogram: Net.TCP_Connection_Latency recorded 14 samples, mean = 21.0 (flags = 0x41)
0   ... 
7   -O                                                                        (1 = 7.1%) {0.0%}
8   -O                                                                        (1 = 7.1%) {7.1%}
9   ---O                                                                      (3 = 21.4%) {14.3%}
10  --O                                                                       (2 = 14.3%) {35.7%}
11  --O                                                                       (2 = 14.3%) {50.0%}
12  --O                                                                       (2 = 14.3%) {64.3%}
14  -O                                                                        (1 = 7.1%) {78.6%}
16  ... 
78  -O                                                                        (1 = 7.1%) {85.7%}
88  -O                                                                        (1 = 7.1%) {92.9%}
100 ... 

Histogram: Net.TcpConnectAttempt.Latency.Success recorded 14 samples, mean = 20.9 (flags = 0x41)
0   -----O                                                                    (5 = 35.7%)
10  -----O                                                                    (5 = 35.7%) {35.7%}
12  --O                                                                       (2 = 14.3%) {71.4%}
15  ... 
75  --O                                                                       (2 = 14.3%) {85.7%}
92  ... 

Histogram: Net.UDPSocketWinClose recorded 66 samples, mean = 0.0 (flags = 0x41)
0  ------------------------------------------------------------------O       (66 = 100.0%)
1  ... 

Histogram: Net.URLLoaderThrottle.OnReceiveResponseTime recorded 48 samples, mean = 0.2 (flags = 0x41)
0  ----------------------------------------------O                           (46 = 95.8%)
1  -O                                                                        (1 = 2.1%) {95.8%}
2  ... 
7  -O                                                                        (1 = 2.1%) {97.9%}
8  ... 

Histogram: Net.URLLoaderThrottleExecutionTime.BeforeWillProcessResponse recorded 242 samples, mean = 0.0 (flags = 0x41)
0  ------------------------------------------------------------------------O (242 = 100.0%)
1  ... 

Histogram: Net.URLLoaderThrottleExecutionTime.WillOnCompleteWithError recorded 20 samples, mean = 0.0 (flags = 0x41)
0  --------------------O                                                     (20 = 100.0%)
1  ... 

Histogram: Net.URLLoaderThrottleExecutionTime.WillProcessResponse recorded 242 samples, mean = 0.0 (flags = 0x41)
0  ------------------------------------------------------------------------O (242 = 100.0%)
1  ... 

Histogram: Net.URLLoaderThrottleExecutionTime.WillRedirectRequest recorded 21 samples, mean = 0.0 (flags = 0x41)
0  ---------------------O                                                    (21 = 100.0%)
1  ... 

Histogram: Net.URLLoaderThrottleExecutionTime.WillStartRequest recorded 262 samples, mean = 0.0 (flags = 0x41)
0  ------------------------------------------------------------------------O (262 = 100.0%)
1  ... 

Histogram: Net.URLRequest.ReferrerHasInformativePath.CrossOrigin recorded 46 samples, mean = 0.0 (flags = 0x41)
0  ----------------------------------------------O                           (46 = 100.0%)
1  ... 

Histogram: Net.URLRequest.ReferrerHasInformativePath.SameOrigin recorded 13 samples, mean = 1.0 (flags = 0x41)
0  O                                                                         (0 = 0.0%)
1  -------------O                                                            (13 = 100.0%) {0.0%}
2  O                                                                         (0 = 0.0%) {100.0%}

Histogram: Net.URLRequest.ReferrerPolicyForRequest.CrossOrigin recorded 46 samples, mean = 1.2 (flags = 0x41)
0  O                                                                         (0 = 0.0%)
1  ------------------------------------------O                               (42 = 91.3%) {0.0%}
2  O                                                                         (0 = 0.0%) {91.3%}
3  ----O                                                                     (4 = 8.7%) {91.3%}
4  ... 

Histogram: Net.URLRequest.ReferrerPolicyForRequest.SameOrigin recorded 13 samples, mean = 1.0 (flags = 0x41)
0  O                                                                         (0 = 0.0%)
1  -------------O                                                            (13 = 100.0%) {0.0%}
2  ... 

Histogram: Network.Mdns.Googlecast recorded 3 samples, mean = 0.0 (flags = 0x41)
0  ---O                                                                      (3 = 100.0%)
1  ... 

Histogram: NetworkService.DeletedOldCacheData recorded 1 samples, mean = 0.0 (flags = 0x41)
0  -O                                                                        (1 = 100.0%)
1  ... 

Histogram: NetworkService.GrantSandboxResult recorded 3 samples, mean = 9.0 (flags = 0x41)
0   ... 
7   -O                                                                        (1 = 33.3%) {0.0%}
8   ... 
10  --O                                                                       (2 = 66.7%) {33.3%}
11  ... 

Histogram: NetworkService.NetworkLoaderCompletionTime2.DiskCache recorded 1 samples, mean = 65.0 (flags = 0x41)
0   ... 
57  -O                                                                        (1 = 100.0%) {0.0%}
68  ... 

Histogram: NetworkService.NetworkLoaderCompletionTime2.Network recorded 51 samples, mean = 125.9 (flags = 0x41)
0    ... 
10   -O                                                                        (1 = 2.0%) {0.0%}
12   -O                                                                        (1 = 2.0%) {2.0%}
14   -O                                                                        (1 = 2.0%) {3.9%}
17   -O                                                                        (1 = 2.0%) {5.9%}
20   O                                                                         (0 = 0.0%) {7.8%}
24   --O                                                                       (2 = 3.9%) {7.8%}
29   O                                                                         (0 = 0.0%) {11.8%}
34   -O                                                                        (1 = 2.0%) {11.8%}
40   --O                                                                       (2 = 3.9%) {13.7%}
48   -O                                                                        (1 = 2.0%) {17.6%}
57   -O                                                                        (1 = 2.0%) {19.6%}
68   --------------O                                                           (14 = 27.5%) {21.6%}
81   ------O                                                                   (6 = 11.8%) {49.0%}
96   -------O                                                                  (7 = 13.7%) {60.8%}
114  ----O                                                                     (4 = 7.8%) {74.5%}
135  --O                                                                       (2 = 3.9%) {82.4%}
160  ---O                                                                      (3 = 5.9%) {86.3%}
190  O                                                                         (0 = 0.0%) {92.2%}
226  -O                                                                        (1 = 2.0%) {92.2%}
268  ... 
633  --O                                                                       (2 = 3.9%) {94.1%}
752  -O                                                                        (1 = 2.0%) {98.0%}
894  ... 

Histogram: NetworkService.TimeToGrantCacheAccess recorded 1 samples, mean = 4.0 (flags = 0x41)
0  ... 
4  -O                                                                        (1 = 100.0%) {0.0%}
5  ... 

Histogram: NetworkService.TimeToGrantDataAccess recorded 2 samples, mean = 0.0 (flags = 0x41)
0  --O                                                                       (2 = 100.0%)
1  ... 

Histogram: NetworkService.TimeToGrantSharedDictionaryAccess recorded 1 samples, mean = 0.0 (flags = 0x41)
0  -O                                                                        (1 = 100.0%)
1  ... 

Histogram: NetworkedProfile.Check recorded 1 samples, mean = 4.0 (flags = 0x41)
0  ... 
4  -O                                                                        (1 = 100.0%) {0.0%}
5  ... 

Histogram: NewTabPage.MostVisited.DeciScore.0.Local recorded 2 samples, mean = 278.0 (flags = 0x41)
0    ... 
258  --O                                                                       (2 = 100.0%) {0.0%}
340  ... 

Histogram: NewTabPage.MostVisited.DeciScore.1.Local recorded 2 samples, mean = 278.0 (flags = 0x41)
0    ... 
258  --O                                                                       (2 = 100.0%) {0.0%}
340  ... 

Histogram: Notifications.UsingSystemNotificationCenter recorded 1 samples, mean = 0.0 (flags = 0x41)
0  -O                                                                        (1 = 100.0%)
1  ... 

Histogram: Notifications.Windows.GetDisplayedStatus recorded 1 samples, mean = 0.0 (flags = 0x41)
0  -O                                                                        (1 = 100.0%)
1  ... 

Histogram: Notifications.Windows.GetSettingStatusStartup recorded 1 samples, mean = 1.0 (flags = 0x41)
0  O                                                                         (0 = 0.0%)
1  -O                                                                        (1 = 100.0%) {0.0%}
2  O                                                                         (0 = 0.0%) {100.0%}

Histogram: Notifications.Windows.HistoryStatus recorded 1 samples, mean = 0.0 (flags = 0x41)
0  -O                                                                        (1 = 100.0%)
1  ... 

Histogram: Notifications.Windows.SetReadyCallbackStatus2 recorded 1 samples, mean = 3.0 (flags = 0x41)
0  ... 
3  -O                                                                        (1 = 100.0%) {0.0%}
4  ... 

Histogram: Notifications.Windows.StartMenuShortcutStatus recorded 1 samples, mean = 2.0 (flags = 0x41)
0  ... 
2  -O                                                                        (1 = 100.0%) {0.0%}
3  ... 

Histogram: OSCrypt.AppBoundEncryption.SupportLevel recorded 1 samples, mean = 4.0 (flags = 0x41)
0  ... 
4  -O                                                                        (1 = 100.0%) {0.0%}
5  ... 

Histogram: OSCrypt.AppBoundProvider.KeyRetrieval.Status recorded 1 samples, mean = 1.0 (flags = 0x41)
0  O                                                                         (0 = 0.0%)
1  -O                                                                        (1 = 100.0%) {0.0%}
2  ... 

Histogram: OSCrypt.AsyncInitialization.Result recorded 1 samples, mean = 1.0 (flags = 0x41)
0  O                                                                         (0 = 0.0%)
1  -O                                                                        (1 = 100.0%) {0.0%}
2  O                                                                         (0 = 0.0%) {100.0%}

Histogram: OSCrypt.AsyncInitialization.Time recorded 1 samples, mean = 0.0 (flags = 0x41)
0  -O                                                                        (1 = 100.0%)
1  ... 

Histogram: OSCrypt.DPAPIProvider.Status recorded 1 samples, mean = 0.0 (flags = 0x41)
0  -O                                                                        (1 = 100.0%)
1  ... 

Histogram: OSCrypt.Win.Decrypt.Result recorded 1 samples, mean = 1.0 (flags = 0x41)
0  O                                                                         (0 = 0.0%)
1  -O                                                                        (1 = 100.0%) {0.0%}
2  O                                                                         (0 = 0.0%) {100.0%}

Histogram: OSCrypt.Win.Decrypt.Time recorded 1 samples, mean = 0.0 (flags = 0x41)
0  -O                                                                        (1 = 100.0%)
1  ... 

Histogram: Omnibox.KeywordModeUsageByEngineType.ActiveOnStartup recorded 4 samples, mean = 3.5 (flags = 0x41)
0  ... 
2  -O                                                                        (1 = 25.0%) {0.0%}
3  -O                                                                        (1 = 25.0%) {25.0%}
4  -O                                                                        (1 = 25.0%) {50.0%}
5  -O                                                                        (1 = 25.0%) {75.0%}
6  O                                                                         (0 = 0.0%) {100.0%}

Histogram: Omnibox.KeywordModeUsageByEngineType.InactiveOnStartup recorded 5 samples, mean = 1.0 (flags = 0x41)
0  O                                                                         (0 = 0.0%)
1  -----O                                                                    (5 = 100.0%) {0.0%}
2  ... 

Histogram: Omnibox.TemplateUrl.RlzPresent recorded 52 samples, mean = 0.0 (flags = 0x41)
0  ----------------------------------------------------O                     (52 = 100.0%)
1  ... 

Histogram: Omnibox.TemplateUrl.SearchClientPresent recorded 52 samples, mean = 0.0 (flags = 0x41)
0  ----------------------------------------------------O                     (52 = 100.0%)
1  ... 

Histogram: OptimizationGuide.ApplyDecision.AboutThisSite recorded 1 samples, mean = 8.0 (flags = 0x41)
0  ... 
8  -O                                                                        (1 = 100.0%) {0.0%}
9  ... 

Histogram: OptimizationGuide.ApplyDecision.HistoryClusters recorded 4 samples, mean = 3.0 (flags = 0x41)
0  ... 
3  ----O                                                                     (4 = 100.0%) {0.0%}
4  ... 

Histogram: OptimizationGuide.ApplyDecision.V8CompileHints recorded 1 samples, mean = 8.0 (flags = 0x41)
0  ... 
8  -O                                                                        (1 = 100.0%) {0.0%}
9  ... 

Histogram: OptimizationGuide.HintCacheLevelDBStore.Status recorded 3 samples, mean = 1.3 (flags = 0x41)
0  -O                                                                        (1 = 33.3%)
1  -O                                                                        (1 = 33.3%) {33.3%}
2  O                                                                         (0 = 0.0%) {66.7%}
3  -O                                                                        (1 = 33.3%) {66.7%}
4  O                                                                         (0 = 0.0%) {100.0%}

Histogram: OptimizationGuide.HintsManager.HintCacheInitialized recorded 1 samples, mean = 1.0 (flags = 0x40)
0  O                                                                         (0 = 0.0%)
1  -O                                                                        (1 = 100.0%) {0.0%}
2  O                                                                         (0 = 0.0%) {100.0%}

Histogram: OptimizationGuide.LoadedHint.Result recorded 4 samples, mean = 0.0 (flags = 0x40)
0  ----O                                                                     (4 = 100.0%)
1  ... 

Histogram: OptimizationGuide.ModelExecution.FeatureCurrentlyEnabledResult.Compose recorded 1 samples, mean = 1.0 (flags = 0x41)
0  O                                                                         (0 = 0.0%)
1  -O                                                                        (1 = 100.0%) {0.0%}
2  ... 

Histogram: OptimizationGuide.ModelExecution.FeatureCurrentlyEnabledResult.HistorySearch recorded 2 samples, mean = 3.0 (flags = 0x41)
0  ... 
3  --O                                                                       (2 = 100.0%) {0.0%}
4  ... 

Histogram: OptimizationGuide.ModelExecution.FeatureCurrentlyEnabledResult.TabOrganization recorded 1 samples, mean = 3.0 (flags = 0x41)
0  ... 
3  -O                                                                        (1 = 100.0%) {0.0%}
4  ... 

Histogram: OptimizationGuide.ModelExecution.FeatureCurrentlyEnabledResult.WallpaperSearch recorded 1 samples, mean = 1.0 (flags = 0x41)
0  O                                                                         (0 = 0.0%)
1  -O                                                                        (1 = 100.0%) {0.0%}
2  ... 

Histogram: OptimizationGuide.ModelExecution.FeatureEnabledAtStartup.Compose recorded 1 samples, mean = 0.0 (flags = 0x41)
0  -O                                                                        (1 = 100.0%)
1  ... 

Histogram: OptimizationGuide.ModelExecution.FeatureEnabledAtStartup.HistorySearch recorded 1 samples, mean = 0.0 (flags = 0x41)
0  -O                                                                        (1 = 100.0%)
1  ... 

Histogram: OptimizationGuide.ModelExecution.FeatureEnabledAtStartup.TabOrganization recorded 1 samples, mean = 0.0 (flags = 0x41)
0  -O                                                                        (1 = 100.0%)
1  ... 

Histogram: OptimizationGuide.ModelExecution.FeatureEnabledAtStartup.WallpaperSearch recorded 1 samples, mean = 0.0 (flags = 0x41)
0  -O                                                                        (1 = 100.0%)
1  ... 

Histogram: OptimizationGuide.ModelExecution.OnDeviceModelInstallCriteria.AtRegistration.All recorded 1 samples, mean = 0.0 (flags = 0x41)
0  -O                                                                        (1 = 100.0%)
1  ... 

Histogram: OptimizationGuide.ModelExecution.OnDeviceModelInstallCriteria.AtRegistration.DeviceCapability recorded 1 samples, mean = 0.0 (flags = 0x41)
0  -O                                                                        (1 = 100.0%)
1  ... 

Histogram: OptimizationGuide.ModelExecution.OnDeviceModelInstallCriteria.AtRegistration.DiskSpace recorded 1 samples, mean = 1.0 (flags = 0x41)
0  O                                                                         (0 = 0.0%)
1  -O                                                                        (1 = 100.0%) {0.0%}
2  O                                                                         (0 = 0.0%) {100.0%}

Histogram: OptimizationGuide.ModelExecution.OnDeviceModelInstallCriteria.AtRegistration.EnabledByEnterprisePolicy recorded 1 samples, mean = 1.0 (flags = 0x41)
0  O                                                                         (0 = 0.0%)
1  -O                                                                        (1 = 100.0%) {0.0%}
2  O                                                                         (0 = 0.0%) {100.0%}

Histogram: OptimizationGuide.ModelExecution.OnDeviceModelInstallCriteria.AtRegistration.EnabledByFeature recorded 1 samples, mean = 0.0 (flags = 0x41)
0  -O                                                                        (1 = 100.0%)
1  ... 

Histogram: OptimizationGuide.ModelExecution.OnDeviceModelInstallCriteria.AtRegistration.FeatureUse recorded 1 samples, mean = 0.0 (flags = 0x41)
0  -O                                                                        (1 = 100.0%)
1  ... 

Histogram: OptimizationGuide.ModelExecutor.ExecutionStatus.PageVisibility recorded 4 samples, mean = 3.0 (flags = 0x41)
0  ... 
3  ----O                                                                     (4 = 100.0%) {0.0%}
4  ... 

Histogram: OptimizationGuide.ModelExecutor.ModelAvailableToLoad.PageVisibility recorded 4 samples, mean = 0.0 (flags = 0x41)
0  ----O                                                                     (4 = 100.0%)
1  ... 

Histogram: OptimizationGuide.ModelExecutor.TaskExecutionLatency.PageVisibility recorded 4 samples, mean = 332.0 (flags = 0x41)
0    ... 
280  ----O                                                                     (4 = 100.0%) {0.0%}
356  ... 

Histogram: OptimizationGuide.ModelExecutor.TaskSchedulingLatency.PageVisibility recorded 4 samples, mean = 0.0 (flags = 0x41)
0  ----O                                                                     (4 = 100.0%)
1  ... 

Histogram: OptimizationGuide.ModelHandler.HandlerCreated.GeolocationPermissions recorded 1 samples, mean = 1.0 (flags = 0x41)
0  O                                                                         (0 = 0.0%)
1  -O                                                                        (1 = 100.0%) {0.0%}
2  O                                                                         (0 = 0.0%) {100.0%}

Histogram: OptimizationGuide.ModelHandler.HandlerCreated.NewTabPageHistoryClustersModuleRanking recorded 1 samples, mean = 1.0 (flags = 0x41)
0  O                                                                         (0 = 0.0%)
1  -O                                                                        (1 = 100.0%) {0.0%}
2  O                                                                         (0 = 0.0%) {100.0%}

Histogram: OptimizationGuide.ModelHandler.HandlerCreated.NotificationPermissions recorded 1 samples, mean = 1.0 (flags = 0x41)
0  O                                                                         (0 = 0.0%)
1  -O                                                                        (1 = 100.0%) {0.0%}
2  O                                                                         (0 = 0.0%) {100.0%}

Histogram: OptimizationGuide.ModelHandler.HandlerCreated.OmniboxUrlScoring recorded 1 samples, mean = 1.0 (flags = 0x41)
0  O                                                                         (0 = 0.0%)
1  -O                                                                        (1 = 100.0%) {0.0%}
2  O                                                                         (0 = 0.0%) {100.0%}

Histogram: OptimizationGuide.ModelHandler.HandlerCreated.PageTopicsV2 recorded 1 samples, mean = 1.0 (flags = 0x41)
0  O                                                                         (0 = 0.0%)
1  -O                                                                        (1 = 100.0%) {0.0%}
2  O                                                                         (0 = 0.0%) {100.0%}

Histogram: OptimizationGuide.ModelHandler.HandlerCreated.PageVisibility recorded 1 samples, mean = 1.0 (flags = 0x41)
0  O                                                                         (0 = 0.0%)
1  -O                                                                        (1 = 100.0%) {0.0%}
2  O                                                                         (0 = 0.0%) {100.0%}

Histogram: OptimizationGuide.OptimizationFilterStatus.HistoryClusters recorded 2 samples, mean = 0.5 (flags = 0x41)
0  -O                                                                        (1 = 50.0%)
1  -O                                                                        (1 = 50.0%) {50.0%}
2  ... 

Histogram: OptimizationGuide.OptimizationFilterStatus.ShoppingPagePredictor recorded 2 samples, mean = 0.5 (flags = 0x41)
0  -O                                                                        (1 = 50.0%)
1  -O                                                                        (1 = 50.0%) {50.0%}
2  ... 

Histogram: OptimizationGuide.OptimizationHintsComponent.MajorVersion2 recorded 1 samples (flags = 0x41)
685  -O                                                                        (1 = 100.0%)

Histogram: OptimizationGuide.PageContentAnnotations.AnnotateVisitResultCached recorded 4 samples, mean = 0.0 (flags = 0x41)
0  ----O                                                                     (4 = 100.0%)
1  ... 

Histogram: OptimizationGuide.PageContentAnnotations.BatchRequestedSize.ContentVisibility recorded 1 samples, mean = 4.0 (flags = 0x41)
0  ... 
4  -O                                                                        (1 = 100.0%) {0.0%}
5  ... 

Histogram: OptimizationGuide.PageContentAnnotations.BatchSuccess.ContentVisibility recorded 1 samples, mean = 0.0 (flags = 0x41)
0  -O                                                                        (1 = 100.0%)
1  ... 

Histogram: OptimizationGuide.PageContentAnnotations.JobExecutionTime.ContentVisibility recorded 1 samples, mean = 333.0 (flags = 0x41)
0    ... 
280  -O                                                                        (1 = 100.0%) {0.0%}
356  ... 

Histogram: OptimizationGuide.PageContentAnnotations.JobScheduleTime.ContentVisibility recorded 1 samples, mean = 0.0 (flags = 0x41)
0  -O                                                                        (1 = 100.0%)
1  ... 

Histogram: OptimizationGuide.PageContentAnnotationsService.ContentAnnotated recorded 4 samples, mean = 0.0 (flags = 0x41)
0  ----O                                                                     (4 = 100.0%)
1  ... 

Histogram: OptimizationGuide.PredictionManager.DownloadServiceAvailabilityBlockedFetch recorded 1 samples, mean = 1.0 (flags = 0x41)
0  O                                                                         (0 = 0.0%)
1  -O                                                                        (1 = 100.0%) {0.0%}
2  O                                                                         (0 = 0.0%) {100.0%}

Histogram: OptimizationGuide.PredictionManager.FirstModelFetchSinceServiceInit recorded 1 samples, mean = 10210.0 (flags = 0x41)
0      ... 
10165  -O                                                                        (1 = 100.0%) {0.0%}
12916  ... 

Histogram: OptimizationGuide.PredictionManager.ModelAvailableAtRegistration.ClientSidePhishing recorded 1 samples, mean = 0.0 (flags = 0x41)
0  -O                                                                        (1 = 100.0%)
1  ... 

Histogram: OptimizationGuide.PredictionManager.ModelAvailableAtRegistration.GeolocationPermissions recorded 1 samples, mean = 0.0 (flags = 0x41)
0  -O                                                                        (1 = 100.0%)
1  ... 

Histogram: OptimizationGuide.PredictionManager.ModelAvailableAtRegistration.LanguageDetection recorded 2 samples, mean = 0.0 (flags = 0x41)
0  --O                                                                       (2 = 100.0%)
1  ... 

Histogram: OptimizationGuide.PredictionManager.ModelAvailableAtRegistration.NewTabPageHistoryClustersModuleRanking recorded 1 samples, mean = 0.0 (flags = 0x41)
0  -O                                                                        (1 = 100.0%)
1  ... 

Histogram: OptimizationGuide.PredictionManager.ModelAvailableAtRegistration.NotificationPermissions recorded 1 samples, mean = 0.0 (flags = 0x41)
0  -O                                                                        (1 = 100.0%)
1  ... 

Histogram: OptimizationGuide.PredictionManager.ModelAvailableAtRegistration.OmniboxUrlScoring recorded 1 samples, mean = 0.0 (flags = 0x41)
0  -O                                                                        (1 = 100.0%)
1  ... 

Histogram: OptimizationGuide.PredictionManager.ModelAvailableAtRegistration.PageTopicsV2 recorded 1 samples, mean = 0.0 (flags = 0x41)
0  -O                                                                        (1 = 100.0%)
1  ... 

Histogram: OptimizationGuide.PredictionManager.ModelAvailableAtRegistration.PageVisibility recorded 1 samples, mean = 0.0 (flags = 0x41)
0  -O                                                                        (1 = 100.0%)
1  ... 

Histogram: OptimizationGuide.PredictionManager.ModelAvailableAtRegistration.TextSafety recorded 1 samples, mean = 0.0 (flags = 0x41)
0  -O                                                                        (1 = 100.0%)
1  ... 

Histogram: OptimizationGuide.PredictionManager.ModelAvailableAtRegistration.VisualSearchClassification recorded 1 samples, mean = 0.0 (flags = 0x41)
0  -O                                                                        (1 = 100.0%)
1  ... 

Histogram: OptimizationGuide.PredictionManager.ModelDeliveryEvents.ClientSidePhishing recorded 1 samples, mean = 7.0 (flags = 0x41)
0  ... 
7  -O                                                                        (1 = 100.0%) {0.0%}
8  ... 

Histogram: OptimizationGuide.PredictionManager.ModelDeliveryEvents.GeolocationPermissions recorded 1 samples, mean = 7.0 (flags = 0x41)
0  ... 
7  -O                                                                        (1 = 100.0%) {0.0%}
8  ... 

Histogram: OptimizationGuide.PredictionManager.ModelDeliveryEvents.LanguageDetection recorded 1 samples, mean = 7.0 (flags = 0x41)
0  ... 
7  -O                                                                        (1 = 100.0%) {0.0%}
8  ... 

Histogram: OptimizationGuide.PredictionManager.ModelDeliveryEvents.NewTabPageHistoryClustersModuleRanking recorded 1 samples, mean = 7.0 (flags = 0x41)
0  ... 
7  -O                                                                        (1 = 100.0%) {0.0%}
8  ... 

Histogram: OptimizationGuide.PredictionManager.ModelDeliveryEvents.NotificationPermissions recorded 1 samples, mean = 7.0 (flags = 0x41)
0  ... 
7  -O                                                                        (1 = 100.0%) {0.0%}
8  ... 

Histogram: OptimizationGuide.PredictionManager.ModelDeliveryEvents.OmniboxUrlScoring recorded 1 samples, mean = 7.0 (flags = 0x41)
0  ... 
7  -O                                                                        (1 = 100.0%) {0.0%}
8  ... 

Histogram: OptimizationGuide.PredictionManager.ModelDeliveryEvents.PageTopicsV2 recorded 1 samples, mean = 7.0 (flags = 0x41)
0  ... 
7  -O                                                                        (1 = 100.0%) {0.0%}
8  ... 

Histogram: OptimizationGuide.PredictionManager.ModelDeliveryEvents.PageVisibility recorded 1 samples, mean = 7.0 (flags = 0x41)
0  ... 
7  -O                                                                        (1 = 100.0%) {0.0%}
8  ... 

Histogram: OptimizationGuide.PredictionManager.ModelDeliveryEvents.TextSafety recorded 1 samples, mean = 7.0 (flags = 0x41)
0  ... 
7  -O                                                                        (1 = 100.0%) {0.0%}
8  ... 

Histogram: OptimizationGuide.PredictionManager.ModelDeliveryEvents.VisualSearchClassification recorded 1 samples, mean = 7.0 (flags = 0x41)
0  ... 
7  -O                                                                        (1 = 100.0%) {0.0%}
8  ... 

Histogram: OptimizationGuide.PredictionManager.RegistrationTimeSinceServiceInit.ClientSidePhishing recorded 1 samples, mean = 0.0 (flags = 0x41)
0  -O                                                                        (1 = 100.0%)
1  ... 

Histogram: OptimizationGuide.PredictionManager.RegistrationTimeSinceServiceInit.GeolocationPermissions recorded 1 samples, mean = 0.0 (flags = 0x41)
0  -O                                                                        (1 = 100.0%)
1  ... 

Histogram: OptimizationGuide.PredictionManager.RegistrationTimeSinceServiceInit.LanguageDetection recorded 2 samples, mean = 18.5 (flags = 0x41)
0   -O                                                                        (1 = 50.0%)
1   ... 
32  -O                                                                        (1 = 50.0%) {50.0%}
41  ... 

Histogram: OptimizationGuide.PredictionManager.RegistrationTimeSinceServiceInit.NewTabPageHistoryClustersModuleRanking recorded 1 samples, mean = 0.0 (flags = 0x41)
0  -O                                                                        (1 = 100.0%)
1  ... 

Histogram: OptimizationGuide.PredictionManager.RegistrationTimeSinceServiceInit.NotificationPermissions recorded 1 samples, mean = 0.0 (flags = 0x41)
0  -O                                                                        (1 = 100.0%)
1  ... 

Histogram: OptimizationGuide.PredictionManager.RegistrationTimeSinceServiceInit.OmniboxUrlScoring recorded 1 samples, mean = 0.0 (flags = 0x41)
0  -O                                                                        (1 = 100.0%)
1  ... 

Histogram: OptimizationGuide.PredictionManager.RegistrationTimeSinceServiceInit.PageTopicsV2 recorded 1 samples, mean = 0.0 (flags = 0x41)
0  -O                                                                        (1 = 100.0%)
1  ... 

Histogram: OptimizationGuide.PredictionManager.RegistrationTimeSinceServiceInit.PageVisibility recorded 1 samples, mean = 0.0 (flags = 0x41)
0  -O                                                                        (1 = 100.0%)
1  ... 

Histogram: OptimizationGuide.PredictionManager.RegistrationTimeSinceServiceInit.TextSafety recorded 1 samples, mean = 0.0 (flags = 0x41)
0  -O                                                                        (1 = 100.0%)
1  ... 

Histogram: OptimizationGuide.PredictionManager.RegistrationTimeSinceServiceInit.VisualSearchClassification recorded 1 samples, mean = 0.0 (flags = 0x41)
0  -O                                                                        (1 = 100.0%)
1  ... 

Histogram: OptimizationGuide.PredictionManager.StoreInitialized recorded 1 samples, mean = 1.0 (flags = 0x40)
0  O                                                                         (0 = 0.0%)
1  -O                                                                        (1 = 100.0%) {0.0%}
2  O                                                                         (0 = 0.0%) {100.0%}

Histogram: OptimizationGuide.PredictionManager.SupportedModelEngineVersion recorded 1 samples, mean = 18.0 (flags = 0x40)
0   ... 
18  -O                                                                        (1 = 100.0%) {0.0%}
19  ... 

Histogram: OptimizationGuide.ProcessHintsResult recorded 1 samples, mean = 5.0 (flags = 0x41)
0  ... 
5  -O                                                                        (1 = 100.0%) {0.0%}
6  ... 

Histogram: OptimizationGuide.ProcessingComponentAtShutdown recorded 1 samples, mean = 0.0 (flags = 0x41)
0  -O                                                                        (1 = 100.0%)
1  ... 

Histogram: OptimizationGuide.RemoteFetchingEnabled recorded 1 samples, mean = 0.0 (flags = 0x41)
0  -O                                                                        (1 = 100.0%)
1  ... 

Histogram: OptimizationGuide.UpdateComponentHints.Result recorded 1 samples, mean = 0.0 (flags = 0x40)
0  -O                                                                        (1 = 100.0%)
1  ... 

Histogram: OriginTrials.PersistentOriginTrial.LevelDbInitSuccess recorded 1 samples, mean = 0.0 (flags = 0x41)
0  -O                                                                        (1 = 100.0%)
1  ... 

Histogram: PageActionController.ExtensionsWithPageActions recorded 1 samples, mean = 0.0 (flags = 0x41)
0  -O                                                                        (1 = 100.0%)
1  ... 

Histogram: PageContentAnnotations.AnnotateVisit.AnnotationRequestQueued recorded 4 samples, mean = 1.0 (flags = 0x40)
0  O                                                                         (0 = 0.0%)
1  ----O                                                                     (4 = 100.0%) {0.0%}
2  O                                                                         (0 = 0.0%) {100.0%}

Histogram: PageContentAnnotations.AnnotateVisit.AnnotationRequested recorded 4 samples, mean = 1.0 (flags = 0x40)
0  O                                                                         (0 = 0.0%)
1  ----O                                                                     (4 = 100.0%) {0.0%}
2  O                                                                         (0 = 0.0%) {100.0%}

Histogram: PageContentAnnotations.AnnotateVisit.BatchAnnotationStarted recorded 1 samples, mean = 1.0 (flags = 0x40)
0  O                                                                         (0 = 0.0%)
1  -O                                                                        (1 = 100.0%) {0.0%}
2  O                                                                         (0 = 0.0%) {100.0%}

Histogram: PageLoad.Clients.Ads.AllPages.NonAdNetworkBytes recorded 1 samples, mean = 1395.0 (flags = 0x41)
0     ... 
1174  -O                                                                        (1 = 100.0%) {0.0%}
1529  ... 

Histogram: PageLoad.Clients.Ads.AllPages.PercentNetworkBytesAds recorded 1 samples, mean = 0.0 (flags = 0x41)
0  -O                                                                        (1 = 100.0%)
1  ... 

Histogram: PageLoad.Clients.Ads.AllPages.PercentTotalBytesAds recorded 1 samples, mean = 0.0 (flags = 0x41)
0  -O                                                                        (1 = 100.0%)
1  ... 

Histogram: PageLoad.Clients.Ads.AverageViewportAdDensity recorded 1 samples, mean = 0.0 (flags = 0x41)
0  -O                                                                        (1 = 100.0%)
1  ... 

Histogram: PageLoad.Clients.Ads.FrameCounts.AdFrames.Total recorded 1 samples, mean = 0.0 (flags = 0x41)
0  -O                                                                        (1 = 100.0%)
1  ... 

Histogram: PageLoad.Clients.Ads.NonVisible.FrameCounts.AdFrames.Total recorded 1 samples, mean = 0.0 (flags = 0x41)
0  -O                                                                        (1 = 100.0%)
1  ... 

Histogram: PageLoad.Clients.Ads.Visible.FrameCounts.AdFrames.Total recorded 1 samples, mean = 0.0 (flags = 0x41)
0  -O                                                                        (1 = 100.0%)
1  ... 

Histogram: PageLoad.Clients.CrossOrigin.LayoutInstability.CumulativeShiftScore recorded 1 samples, mean = 0.0 (flags = 0x41)
0  -O                                                                        (1 = 100.0%)
1  ... 

Histogram: PageLoad.Clients.CrossOrigin.LayoutInstability.CumulativeShiftScore.MainFrame recorded 1 samples, mean = 0.0 (flags = 0x41)
0  -O                                                                        (1 = 100.0%)
1  ... 

Histogram: PageLoad.Clients.Leakage2.AbandonReasonAt.LoaderStart recorded 1 samples, mean = 10.0 (flags = 0x41)
0   ... 
10  -O                                                                        (1 = 100.0%) {0.0%}
11  ... 

Histogram: PageLoad.Clients.Leakage2.LastMilestoneBeforeAbandon.NewReloadNavigation recorded 1 samples, mean = 1.0 (flags = 0x41)
0  O                                                                         (0 = 0.0%)
1  -O                                                                        (1 = 100.0%) {0.0%}
2  ... 

Histogram: PageLoad.Clients.Leakage2.LoaderStartToAbandon.NewReloadNavigation recorded 1 samples, mean = 3289.0 (flags = 0x41)
0     ... 
3049  -O                                                                        (1 = 100.0%) {0.0%}
3412  ... 

Histogram: PageLoad.Clients.Leakage2.NavigationStart recorded 2 samples, mean = 3615.5 (flags = 0x41)
0     ... 
3049  -O                                                                        (1 = 50.0%) {0.0%}
3412  O                                                                         (0 = 0.0%) {50.0%}
3818  -O                                                                        (1 = 50.0%) {50.0%}
4272  ... 

Histogram: PageLoad.Clients.Leakage2.NavigationStartToCommitReceived recorded 1 samples, mean = 3882.0 (flags = 0x41)
0     ... 
3818  -O                                                                        (1 = 100.0%) {0.0%}
4272  ... 

Histogram: PageLoad.Clients.Leakage2.NavigationStartToCommitSent recorded 1 samples, mean = 3880.0 (flags = 0x41)
0     ... 
3818  -O                                                                        (1 = 100.0%) {0.0%}
4272  ... 

Histogram: PageLoad.Clients.Leakage2.NavigationStartToDOMContentLoaded recorded 1 samples, mean = 4291.0 (flags = 0x41)
0     ... 
4272  -O                                                                        (1 = 100.0%) {0.0%}
4780  ... 

Histogram: PageLoad.Clients.Leakage2.NavigationStartToDidCommit recorded 1 samples, mean = 3899.0 (flags = 0x41)
0     ... 
3818  -O                                                                        (1 = 100.0%) {0.0%}
4272  ... 

Histogram: PageLoad.Clients.Leakage2.NavigationStartToFirstRedirectResponseLoaderCallback recorded 1 samples, mean = 3675.0 (flags = 0x41)
0     ... 
3412  -O                                                                        (1 = 100.0%) {0.0%}
3818  ... 

Histogram: PageLoad.Clients.Leakage2.NavigationStartToFirstRedirectResponseStart recorded 1 samples, mean = 3670.0 (flags = 0x41)
0     ... 
3412  -O                                                                        (1 = 100.0%) {0.0%}
3818  ... 

Histogram: PageLoad.Clients.Leakage2.NavigationStartToFirstRedirectedRequestStart recorded 1 samples, mean = 3670.0 (flags = 0x41)
0     ... 
3412  -O                                                                        (1 = 100.0%) {0.0%}
3818  ... 

Histogram: PageLoad.Clients.Leakage2.NavigationStartToLoadStarted recorded 1 samples, mean = 4618.0 (flags = 0x41)
0     ... 
4272  -O                                                                        (1 = 100.0%) {0.0%}
4780  ... 

Histogram: PageLoad.Clients.Leakage2.NavigationStartToLoaderStart recorded 2 samples, mean = 1647.0 (flags = 0x41)
0     ... 
38    -O                                                                        (1 = 50.0%) {0.0%}
43    ... 
3049  -O                                                                        (1 = 50.0%) {50.0%}
3412  ... 

Histogram: PageLoad.Clients.Leakage2.NavigationStartToNonRedirectResponseLoaderCallback recorded 1 samples, mean = 3873.0 (flags = 0x41)
0     ... 
3818  -O                                                                        (1 = 100.0%) {0.0%}
4272  ... 

Histogram: PageLoad.Clients.Leakage2.NavigationStartToNonRedirectResponseStart recorded 1 samples, mean = 3863.0 (flags = 0x41)
0     ... 
3818  -O                                                                        (1 = 100.0%) {0.0%}
4272  ... 

Histogram: PageLoad.Clients.Leakage2.NavigationStartToNonRedirectedRequestStart recorded 1 samples, mean = 3693.0 (flags = 0x41)
0     ... 
3412  -O                                                                        (1 = 100.0%) {0.0%}
3818  ... 

Histogram: PageLoad.Clients.Leakage2.NavigationStartToParseStart recorded 1 samples, mean = 3893.0 (flags = 0x41)
0     ... 
3818  -O                                                                        (1 = 100.0%) {0.0%}
4272  ... 

Histogram: PageLoad.Clients.Leakage2.RendererProcessCreatedBeforeNav recorded 1 samples, mean = 1.0 (flags = 0x41)
0  O                                                                         (0 = 0.0%)
1  -O                                                                        (1 = 100.0%) {0.0%}
2  O                                                                         (0 = 0.0%) {100.0%}

Histogram: PageLoad.Clients.LinkPreview.Usage recorded 1 samples, mean = 0.0 (flags = 0x41)
0  -O                                                                        (1 = 100.0%)
1  ... 

Histogram: PageLoad.Clients.MultiTabLoading.WithTabCount_0.DocumentTiming.NavigationToDOMContentLoadedEventFired recorded 1 samples, mean = 4291.0 (flags = 0x41)
0     ... 
4272  -O                                                                        (1 = 100.0%) {0.0%}
4780  ... 

Histogram: PageLoad.Clients.MultiTabLoading.WithTabCount_0.DocumentTiming.NavigationToLoadEventFired recorded 1 samples, mean = 4618.0 (flags = 0x41)
0     ... 
4272  -O                                                                        (1 = 100.0%) {0.0%}
4780  ... 

Histogram: PageLoad.Clients.MultiTabLoading.With_0_OtherLoading.DocumentTiming.NavigationToDOMContentLoadedEventFired recorded 1 samples, mean = 4291.0 (flags = 0x41)
0     ... 
4272  -O                                                                        (1 = 100.0%) {0.0%}
4780  ... 

Histogram: PageLoad.Clients.MultiTabLoading.With_0_OtherLoading.DocumentTiming.NavigationToLoadEventFired recorded 1 samples, mean = 4618.0 (flags = 0x41)
0     ... 
4272  -O                                                                        (1 = 100.0%) {0.0%}
4780  ... 

Histogram: PageLoad.Clients.PerformanceManager.LoadedIdleWithoutLCP recorded 1 samples, mean = 6996.0 (flags = 0x41)
0     ... 
6296  -O                                                                        (1 = 100.0%) {0.0%}
8000  ... 

Histogram: PageLoad.Clients.PerformanceManager.LoadedIdleWithoutLCP.Foreground recorded 1 samples, mean = 6996.0 (flags = 0x41)
0     ... 
6296  -O                                                                        (1 = 100.0%) {0.0%}
8000  ... 

Histogram: PageLoad.Clients.Protocol.H2.DocumentTiming.NavigationToDOMContentLoadedEventFired recorded 1 samples, mean = 4291.0 (flags = 0x41)
0     ... 
4272  -O                                                                        (1 = 100.0%) {0.0%}
4780  ... 

Histogram: PageLoad.Clients.Protocol.H2.DocumentTiming.NavigationToLoadEventFired recorded 1 samples, mean = 4618.0 (flags = 0x41)
0     ... 
4272  -O                                                                        (1 = 100.0%) {0.0%}
4780  ... 

Histogram: PageLoad.Clients.Protocol.H2.ParseTiming.NavigationToParseStart recorded 1 samples, mean = 3893.0 (flags = 0x41)
0     ... 
3818  -O                                                                        (1 = 100.0%) {0.0%}
4272  ... 

Histogram: PageLoad.Clients.Scheme.HTTPS.ParseTiming.NavigationToParseStart recorded 1 samples, mean = 3893.0 (flags = 0x41)
0     ... 
3818  -O                                                                        (1 = 100.0%) {0.0%}
4272  ... 

Histogram: PageLoad.Clients.SubresourceLoading.DaysSinceLastVisitToOrigin recorded 1 samples, mean = 0.0 (flags = 0x40)
0  -O                                                                        (1 = 100.0%)
1  ... 

Histogram: PageLoad.Clients.SubresourceLoading.HasPreviousVisitToOrigin recorded 1 samples, mean = 1.0 (flags = 0x40)
0  O                                                                         (0 = 0.0%)
1  -O                                                                        (1 = 100.0%) {0.0%}
2  O                                                                         (0 = 0.0%) {100.0%}

Histogram: PageLoad.Clients.TPCD.CookieAccess.ThirdPartyCookieAllowMechanism3 recorded 1 samples, mean = 2.0 (flags = 0x41)
0  ... 
2  -O                                                                        (1 = 100.0%) {0.0%}
3  ... 

Histogram: PageLoad.Clients.TPCD.ThirdPartyCookieAccessBlockedByExperiment2 recorded 1 samples, mean = 0.0 (flags = 0x41)
0  -O                                                                        (1 = 100.0%)
1  ... 

Histogram: PageLoad.Clients.ThirdParty.Origins.CookieRead2 recorded 1 samples, mean = 0.0 (flags = 0x41)
0  -O                                                                        (1 = 100.0%)
1  ... 

Histogram: PageLoad.Cpu.TotalUsage recorded 1 samples, mean = 355.0 (flags = 0x41)
0    ... 
322  -O                                                                        (1 = 100.0%) {0.0%}
360  ... 

Histogram: PageLoad.Cpu.TotalUsageForegrounded recorded 1 samples, mean = 355.0 (flags = 0x41)
0    ... 
322  -O                                                                        (1 = 100.0%) {0.0%}
360  ... 

Histogram: PageLoad.DocumentTiming.NavigationToDOMContentLoadedEventFired recorded 1 samples, mean = 4291.0 (flags = 0x41)
0     ... 
4272  -O                                                                        (1 = 100.0%) {0.0%}
4780  ... 

Histogram: PageLoad.DocumentTiming.NavigationToLoadEventFired recorded 1 samples, mean = 4618.0 (flags = 0x41)
0     ... 
4272  -O                                                                        (1 = 100.0%) {0.0%}
4780  ... 

Histogram: PageLoad.Experimental.NavigationTiming.FinalLoaderCallbackToNavigationCommitSent recorded 1 samples, mean = 7.0 (flags = 0x41)
0  -O                                                                        (1 = 100.0%)
10 ... 

Histogram: PageLoad.Experimental.NavigationTiming.FinalRequestStartToFinalResponseStart recorded 1 samples, mean = 170.0 (flags = 0x41)
0    ... 
164  -O                                                                        (1 = 100.0%) {0.0%}
184  ... 

Histogram: PageLoad.Experimental.NavigationTiming.FinalResponseStartToFinalLoaderCallback recorded 1 samples, mean = 9.0 (flags = 0x41)
0  -O                                                                        (1 = 100.0%)
10 ... 

Histogram: PageLoad.Experimental.NavigationTiming.FirstRequestStartToFirstResponseStart recorded 1 samples, mean = 0.0 (flags = 0x41)
0  -O                                                                        (1 = 100.0%)
10 ... 

Histogram: PageLoad.Experimental.NavigationTiming.FirstResponseStartToFirstLoaderCallback recorded 1 samples, mean = 4.0 (flags = 0x41)
0  -O                                                                        (1 = 100.0%)
10 ... 

Histogram: PageLoad.Experimental.NavigationTiming.NavigationStartToFinalLoaderCallback recorded 1 samples, mean = 3873.0 (flags = 0x41)
0     ... 
3818  -O                                                                        (1 = 100.0%) {0.0%}
4272  ... 

Histogram: PageLoad.Experimental.NavigationTiming.NavigationStartToFinalRequestStart recorded 1 samples, mean = 3693.0 (flags = 0x41)
0     ... 
3412  -O                                                                        (1 = 100.0%) {0.0%}
3818  ... 

Histogram: PageLoad.Experimental.NavigationTiming.NavigationStartToFinalResponseStart recorded 1 samples, mean = 3863.0 (flags = 0x41)
0     ... 
3818  -O                                                                        (1 = 100.0%) {0.0%}
4272  ... 

Histogram: PageLoad.Experimental.NavigationTiming.NavigationStartToFirstLoaderCallback recorded 1 samples, mean = 3675.0 (flags = 0x41)
0     ... 
3412  -O                                                                        (1 = 100.0%) {0.0%}
3818  ... 

Histogram: PageLoad.Experimental.NavigationTiming.NavigationStartToFirstRequestStart recorded 1 samples, mean = 3670.0 (flags = 0x41)
0     ... 
3412  -O                                                                        (1 = 100.0%) {0.0%}
3818  ... 

Histogram: PageLoad.Experimental.NavigationTiming.NavigationStartToFirstResponseStart recorded 1 samples, mean = 3670.0 (flags = 0x41)
0     ... 
3412  -O                                                                        (1 = 100.0%) {0.0%}
3818  ... 

Histogram: PageLoad.Experimental.NavigationTiming.NavigationStartToNavigationCommitSent recorded 1 samples, mean = 3880.0 (flags = 0x41)
0     ... 
3818  -O                                                                        (1 = 100.0%) {0.0%}
4272  ... 

Histogram: PageLoad.Experimental.PageTiming.CachedResourceLoadTime.style recorded 1 samples, mean = 64.0 (flags = 0x41)
0   ... 
52  -O                                                                        (1 = 100.0%) {0.0%}
66  ... 

Histogram: PageLoad.Experimental.PageTiming.CommitSentToFirstSubresourceLoadStart recorded 1 samples, mean = 94.0 (flags = 0x41)
0   ... 
94  -O                                                                        (1 = 100.0%) {0.0%}
105 ... 

Histogram: PageLoad.Experimental.PageTiming.NavigationToFirstSubresourceLoadStart recorded 1 samples, mean = 3975.0 (flags = 0x41)
0     ... 
3818  -O                                                                        (1 = 100.0%) {0.0%}
4272  ... 

Histogram: PageLoad.Experimental.PageTiming.ResourceLoadTime. recorded 6 samples, mean = 232.7 (flags = 0x41)
0    ... 
16   -O                                                                        (1 = 16.7%) {0.0%}
20   ... 
52   -O                                                                        (1 = 16.7%) {16.7%}
66   ... 
107  --O                                                                       (2 = 33.3%) {33.3%}
136  ... 
220  -O                                                                        (1 = 16.7%) {66.7%}
280  ... 
729  -O                                                                        (1 = 16.7%) {83.3%}
926  ... 

Histogram: PageLoad.Experimental.PageTiming.ResourceLoadTime.document recorded 1 samples, mean = 174.0 (flags = 0x41)
0    ... 
173  -O                                                                        (1 = 100.0%) {0.0%}
220  ... 

Histogram: PageLoad.Experimental.PageTiming.ResourceLoadTime.font recorded 5 samples, mean = 37.2 (flags = 0x41)
0   ... 
10  -O                                                                        (1 = 20.0%) {0.0%}
13  ... 
25  -O                                                                        (1 = 20.0%) {20.0%}
32  --O                                                                       (2 = 40.0%) {40.0%}
41  ... 
66  -O                                                                        (1 = 20.0%) {80.0%}
84  ... 

Histogram: PageLoad.Experimental.PageTiming.ResourceLoadTime.image recorded 2 samples, mean = 135.5 (flags = 0x41)
0    ... 
107  -O                                                                        (1 = 50.0%) {0.0%}
136  -O                                                                        (1 = 50.0%) {50.0%}
173  ... 

Histogram: PageLoad.Experimental.PageTiming.ResourceLoadTime.manifest recorded 1 samples, mean = 148.0 (flags = 0x41)
0    ... 
136  -O                                                                        (1 = 100.0%) {0.0%}
173  ... 

Histogram: PageLoad.Experimental.PageTiming.ResourceLoadTime.script recorded 26 samples, mean = 73.9 (flags = 0x41)
0    ... 
10   ---O                                                                      (3 = 11.5%) {0.0%}
13   -O                                                                        (1 = 3.8%) {11.5%}
16   ... 
66   ---------------O                                                          (15 = 57.7%) {15.4%}
84   ------O                                                                   (6 = 23.1%) {73.1%}
107  ... 
173  -O                                                                        (1 = 3.8%) {96.2%}
220  ... 

Histogram: PageLoad.Experimental.PageTiming.ResourceLoadTime.style recorded 6 samples, mean = 74.0 (flags = 0x41)
0   ... 
66  ------O                                                                   (6 = 100.0%) {0.0%}
84  ... 

Histogram: PageLoad.Experimental.PageVisitFinalStatus recorded 1 samples, mean = 1.0 (flags = 0x41)
0  O                                                                         (0 = 0.0%)
1  -O                                                                        (1 = 100.0%) {0.0%}
2  ... 

Histogram: PageLoad.Experimental.PageVisitType2 recorded 1 samples, mean = 6.0 (flags = 0x41)
0  ... 
6  -O                                                                        (1 = 100.0%) {0.0%}
7  ... 

Histogram: PageLoad.Experimental.PaintTiming.FirstEligibleToPaintToFirstPaint recorded 1 samples, mean = 535.0 (flags = 0x41)
0    ... 
505  -O                                                                        (1 = 100.0%) {0.0%}
565  ... 

Histogram: PageLoad.Experimental.TotalForegroundDuration recorded 1 samples, mean = 2210766.0 (flags = 0x41)
0        ... 
2136467  -O                                                                        (1 = 100.0%) {0.0%}
2434152  ... 

Histogram: PageLoad.Experimental.TotalForegroundDuration.AllVisit recorded 1 samples, mean = 2210767.0 (flags = 0x41)
0        ... 
2136467  -O                                                                        (1 = 100.0%) {0.0%}
2434152  ... 

Histogram: PageLoad.Experimental.TotalForegroundDuration.IndependentUIVisit recorded 1 samples, mean = 2210767.0 (flags = 0x41)
0        ... 
2136467  -O                                                                        (1 = 100.0%) {0.0%}
2434152  ... 

Histogram: PageLoad.Expermental.SoftNavigations.Count recorded 1 samples, mean = 0.0 (flags = 0x41)
0  -O                                                                        (1 = 100.0%)
1  ... 

Histogram: PageLoad.Internal.PageLoadTimingStatus recorded 11 samples, mean = 0.0 (flags = 0x41)
0  -----------O                                                              (11 = 100.0%)
1  ... 

Histogram: PageLoad.Internal.PageLoadTimingStatus.AtTimingCallbackDispatch recorded 3 samples, mean = 0.0 (flags = 0x41)
0  ---O                                                                      (3 = 100.0%)
1  ... 

Histogram: PageLoad.Internal.PageType recorded 2 samples, mean = 0.0 (flags = 0x41)
0  --O                                                                       (2 = 100.0%)
1  ... 

Histogram: PageLoad.Internal.SuppressedEventsBeforeMissingFirstPaint recorded 1 samples, mean = 0.0 (flags = 0x41)
0  -O                                                                        (1 = 100.0%)
1  ... 

Histogram: PageLoad.Internal.SuppressedEventsCountBeforePaint3 recorded 1 samples, mean = 0.0 (flags = 0x41)
0  -O                                                                        (1 = 100.0%)
1  ... 

Histogram: PageLoad.Internal.SuppressedEventsTimingBeforePaint3 recorded 1 samples, mean = 0.0 (flags = 0x41)
0  -O                                                                        (1 = 100.0%)
1  ... 

Histogram: PageLoad.Internal.SuppressedInteractionsCountBeforePaint3 recorded 1 samples, mean = 0.0 (flags = 0x41)
0  -O                                                                        (1 = 100.0%)
1  ... 

Histogram: PageLoad.LayoutInstability.CumulativeShiftScore recorded 1 samples, mean = 0.0 (flags = 0x41)
0  -O                                                                        (1 = 100.0%)
1  ... 

Histogram: PageLoad.LayoutInstability.CumulativeShiftScore.MainFrame recorded 1 samples, mean = 0.0 (flags = 0x41)
0  -O                                                                        (1 = 100.0%)
1  ... 

Histogram: PageLoad.LayoutInstability.MaxCumulativeShiftScore.SessionWindow.Gap1000ms.Max5000ms recorded 1 samples, mean = 0.0 (flags = 0x41)
0  -O                                                                        (1 = 100.0%)
1  ... 

Histogram: PageLoad.LayoutInstability.MaxCumulativeShiftScore.SessionWindow.Gap1000ms.Max5000ms2 recorded 1 samples, mean = 0.0 (flags = 0x41)
0  -O                                                                        (1 = 100.0%)
1  ... 

Histogram: PageLoad.PageTiming.ForegroundDuration recorded 1 samples, mean = 2210766.0 (flags = 0x41)
0        ... 
2136467  -O                                                                        (1 = 100.0%) {0.0%}
2434152  ... 

Histogram: PageLoad.PageTiming.ForegroundDuration.AfterPaint recorded 1 samples, mean = 2206141.0 (flags = 0x41)
0        ... 
2136467  -O                                                                        (1 = 100.0%) {0.0%}
2434152  ... 

Histogram: PageLoad.PageTiming.ForegroundDuration.NoCommit recorded 1 samples, mean = 74.0 (flags = 0x41)
0   ... 
71  -O                                                                        (1 = 100.0%) {0.0%}
81  ... 

Histogram: PageLoad.PageTiming.ForegroundDuration.WithPaint recorded 1 samples, mean = 2210766.0 (flags = 0x41)
0        ... 
2136467  -O                                                                        (1 = 100.0%) {0.0%}
2434152  ... 

Histogram: PageLoad.PaintTiming.NavigationToFirstPaint recorded 1 samples, mean = 4625.0 (flags = 0x41)
0     ... 
4272  -O                                                                        (1 = 100.0%) {0.0%}
4780  ... 

Histogram: PageLoad.ParseTiming.NavigationToParseStart recorded 1 samples, mean = 3893.0 (flags = 0x41)
0     ... 
3818  -O                                                                        (1 = 100.0%) {0.0%}
4272  ... 

Histogram: PageLoad.ParseTiming.NavigationToParseStart.LoadType.NewNavigation recorded 1 samples, mean = 3893.0 (flags = 0x41)
0     ... 
3818  -O                                                                        (1 = 100.0%) {0.0%}
4272  ... 

Histogram: PageLoad.ParseTiming.ParseBlockedOnScriptExecution recorded 1 samples, mean = 12.0 (flags = 0x41)
0   ... 
12  -O                                                                        (1 = 100.0%) {0.0%}
13  ... 

Histogram: PageLoad.ParseTiming.ParseBlockedOnScriptExecutionFromDocumentWrite recorded 1 samples, mean = 0.0 (flags = 0x41)
0  -O                                                                        (1 = 100.0%)
10 ... 

Histogram: PageLoad.ParseTiming.ParseBlockedOnScriptLoad recorded 1 samples, mean = 114.0 (flags = 0x41)
0    ... 
105  -O                                                                        (1 = 100.0%) {0.0%}
117  ... 

Histogram: PaintHolding.CommitTrigger2 recorded 1 samples, mean = 3.0 (flags = 0x41)
0  ... 
3  -O                                                                        (1 = 100.0%) {0.0%}
4  ... 

Histogram: PasswordManager.AccountStore.BlacklistedSitesHiRes3.WithoutCustomPassphrase recorded 1 samples, mean = 0.0 (flags = 0x41)
0  -O                                                                        (1 = 100.0%)
1  ... 

Histogram: PasswordManager.AccountStore.InaccessiblePasswords3 recorded 1 samples, mean = 0.0 (flags = 0x41)
0  -O                                                                        (1 = 100.0%)
1  ... 

Histogram: PasswordManager.AccountStore.LoginDatabaseEncryptionStatus recorded 1 samples, mean = 0.0 (flags = 0x41)
0  -O                                                                        (1 = 100.0%)
1  ... 

Histogram: PasswordManager.AccountStore.PasswordNotes.CountCredentialsWithNonEmptyNotes2 recorded 1 samples, mean = 0.0 (flags = 0x41)
0  -O                                                                        (1 = 100.0%)
1  ... 

Histogram: PasswordManager.AccountStore.TotalAccountsHiRes3.ByType.AutoGenerated.WithoutCustomPassphrase recorded 1 samples, mean = 0.0 (flags = 0x41)
0  -O                                                                        (1 = 100.0%)
1  ... 

Histogram: PasswordManager.AccountStore.TotalAccountsHiRes3.ByType.Overall recorded 1 samples, mean = 0.0 (flags = 0x41)
0  -O                                                                        (1 = 100.0%)
1  ... 

Histogram: PasswordManager.AccountStore.TotalAccountsHiRes3.ByType.Overall.WithoutCustomPassphrase recorded 1 samples, mean = 0.0 (flags = 0x41)
0  -O                                                                        (1 = 100.0%)
1  ... 

Histogram: PasswordManager.AccountStore.TotalAccountsHiRes3.ByType.ReceivedViaSharing.WithoutCustomPassphrase recorded 1 samples, mean = 0.0 (flags = 0x41)
0  -O                                                                        (1 = 100.0%)
1  ... 

Histogram: PasswordManager.AccountStore.TotalAccountsHiRes3.ByType.UserCreated.WithoutCustomPassphrase recorded 1 samples, mean = 0.0 (flags = 0x41)
0  -O                                                                        (1 = 100.0%)
1  ... 

Histogram: PasswordManager.AccountStore.TotalAccountsHiRes3.WithScheme.Android recorded 1 samples, mean = 0.0 (flags = 0x41)
0  -O                                                                        (1 = 100.0%)
1  ... 

Histogram: PasswordManager.AccountStore.TotalAccountsHiRes3.WithScheme.Ftp recorded 1 samples, mean = 0.0 (flags = 0x41)
0  -O                                                                        (1 = 100.0%)
1  ... 

Histogram: PasswordManager.AccountStore.TotalAccountsHiRes3.WithScheme.Http recorded 1 samples, mean = 0.0 (flags = 0x41)
0  -O                                                                        (1 = 100.0%)
1  ... 

Histogram: PasswordManager.AccountStore.TotalAccountsHiRes3.WithScheme.Https recorded 1 samples, mean = 0.0 (flags = 0x41)
0  -O                                                                        (1 = 100.0%)
1  ... 

Histogram: PasswordManager.AccountStore.TotalAccountsHiRes3.WithScheme.Other recorded 1 samples, mean = 0.0 (flags = 0x41)
0  -O                                                                        (1 = 100.0%)
1  ... 

Histogram: PasswordManager.AffiliationDatabase.DatabaseSize recorded 1 samples, mean = 52.0 (flags = 0x41)
0  -O                                                                        (1 = 100.0%)
1000... 

Histogram: PasswordManager.BiometricAuthBeforeFillingEnabled2 recorded 1 samples, mean = 0.0 (flags = 0x41)
0  -O                                                                        (1 = 100.0%)
1  ... 

Histogram: PasswordManager.BubbleSuppression.AccountsInStatisticsTable2 recorded 1 samples, mean = 0.0 (flags = 0x41)
0  -O                                                                        (1 = 100.0%)
1  ... 

Histogram: PasswordManager.CompromisedCredentials3.CountLeaked recorded 1 samples, mean = 0.0 (flags = 0x41)
0  -O                                                                        (1 = 100.0%)
1  ... 

Histogram: PasswordManager.CompromisedCredentials3.CountPhished recorded 1 samples, mean = 0.0 (flags = 0x41)
0  -O                                                                        (1 = 100.0%)
1  ... 

Histogram: PasswordManager.CredentialsWithDuplicates3 recorded 1 samples, mean = 0.0 (flags = 0x41)
0  -O                                                                        (1 = 100.0%)
1  ... 

Histogram: PasswordManager.CredentialsWithMismatchedDuplicates3 recorded 1 samples, mean = 0.0 (flags = 0x41)
0  -O                                                                        (1 = 100.0%)
1  ... 

Histogram: PasswordManager.EnableState recorded 1 samples, mean = 0.0 (flags = 0x41)
0  -O                                                                        (1 = 100.0%)
1  ... 

Histogram: PasswordManager.GetAllLogins.TimeSinceInit recorded 4 samples, mean = 30231.5 (flags = 0x41)
0      ... 
26495  ----O                                                                     (4 = 100.0%) {0.0%}
33665  ... 

Histogram: PasswordManager.GetAutofillableLogins.TimeSinceInit recorded 2 samples, mean = 4022.5 (flags = 0x41)
0     ... 
3900  --O                                                                       (2 = 100.0%) {0.0%}
4955  ... 

Histogram: PasswordManager.LoginDatabaseInit2 recorded 2 samples, mean = 0.0 (flags = 0x41)
0  --O                                                                       (2 = 100.0%)
1  ... 

Histogram: PasswordManager.OnEncryptorReceived.Success recorded 2 samples, mean = 1.0 (flags = 0x41)
0  O                                                                         (0 = 0.0%)
1  --O                                                                       (2 = 100.0%) {0.0%}
2  O                                                                         (0 = 0.0%) {100.0%}

Histogram: PasswordManager.PasswordStore.InitTime recorded 2 samples, mean = 3694.0 (flags = 0x41)
0     ... 
3553  --O                                                                       (2 = 100.0%) {0.0%}
4222  ... 

Histogram: PasswordManager.PasswordStoreBackend.GetAllLoginsAsync recorded 8 samples, mean = 1.0 (flags = 0x41)
0  ----O                                                                     (4 = 50.0%)
1  O                                                                         (0 = 0.0%) {50.0%}
2  ----O                                                                     (4 = 50.0%) {50.0%}
3  ... 

Histogram: PasswordManager.PasswordStoreBackend.GetAllLoginsAsync.Latency recorded 4 samples, mean = 0.0 (flags = 0x41)
0  ----O                                                                     (4 = 100.0%)
1  ... 

Histogram: PasswordManager.PasswordStoreBackend.GetAllLoginsAsync.Success recorded 4 samples, mean = 1.0 (flags = 0x41)
0  O                                                                         (0 = 0.0%)
1  ----O                                                                     (4 = 100.0%) {0.0%}
2  O                                                                         (0 = 0.0%) {100.0%}

Histogram: PasswordManager.PasswordStoreBackend.GetAutofillableLoginsAsync recorded 4 samples, mean = 1.0 (flags = 0x41)
0  --O                                                                       (2 = 50.0%)
1  O                                                                         (0 = 0.0%) {50.0%}
2  --O                                                                       (2 = 50.0%) {50.0%}
3  ... 

Histogram: PasswordManager.PasswordStoreBackend.GetAutofillableLoginsAsync.Latency recorded 2 samples, mean = 3.0 (flags = 0x41)
0  ... 
3  --O                                                                       (2 = 100.0%) {0.0%}
4  ... 

Histogram: PasswordManager.PasswordStoreBackend.GetAutofillableLoginsAsync.Success recorded 2 samples, mean = 1.0 (flags = 0x41)
0  O                                                                         (0 = 0.0%)
1  --O                                                                       (2 = 100.0%) {0.0%}
2  O                                                                         (0 = 0.0%) {100.0%}

Histogram: PasswordManager.PasswordStoreBuiltInBackend.GetAllLoginsAsync recorded 8 samples, mean = 1.0 (flags = 0x41)
0  ----O                                                                     (4 = 50.0%)
1  O                                                                         (0 = 0.0%) {50.0%}
2  ----O                                                                     (4 = 50.0%) {50.0%}
3  ... 

Histogram: PasswordManager.PasswordStoreBuiltInBackend.GetAllLoginsAsync.Latency recorded 4 samples, mean = 0.0 (flags = 0x41)
0  ----O                                                                     (4 = 100.0%)
1  ... 

Histogram: PasswordManager.PasswordStoreBuiltInBackend.GetAllLoginsAsync.Success recorded 4 samples, mean = 1.0 (flags = 0x41)
0  O                                                                         (0 = 0.0%)
1  ----O                                                                     (4 = 100.0%) {0.0%}
2  O                                                                         (0 = 0.0%) {100.0%}

Histogram: PasswordManager.PasswordStoreBuiltInBackend.GetAutofillableLoginsAsync recorded 4 samples, mean = 1.0 (flags = 0x41)
0  --O                                                                       (2 = 50.0%)
1  O                                                                         (0 = 0.0%) {50.0%}
2  --O                                                                       (2 = 50.0%) {50.0%}
3  ... 

Histogram: PasswordManager.PasswordStoreBuiltInBackend.GetAutofillableLoginsAsync.Latency recorded 2 samples, mean = 3.0 (flags = 0x41)
0  ... 
3  --O                                                                       (2 = 100.0%) {0.0%}
4  ... 

Histogram: PasswordManager.PasswordStoreBuiltInBackend.GetAutofillableLoginsAsync.Success recorded 2 samples, mean = 1.0 (flags = 0x41)
0  O                                                                         (0 = 0.0%)
1  --O                                                                       (2 = 100.0%) {0.0%}
2  O                                                                         (0 = 0.0%) {100.0%}

Histogram: PasswordManager.ProfileStore.BlacklistedSitesHiRes3.WithoutCustomPassphrase recorded 1 samples, mean = 0.0 (flags = 0x41)
0  -O                                                                        (1 = 100.0%)
1  ... 

Histogram: PasswordManager.ProfileStore.InaccessiblePasswords3 recorded 1 samples, mean = 0.0 (flags = 0x41)
0  -O                                                                        (1 = 100.0%)
1  ... 

Histogram: PasswordManager.ProfileStore.LoginDatabaseEncryptionStatus recorded 1 samples, mean = 0.0 (flags = 0x41)
0  -O                                                                        (1 = 100.0%)
1  ... 

Histogram: PasswordManager.ProfileStore.PasswordNotes.CountCredentialsWithNonEmptyNotes2 recorded 1 samples, mean = 0.0 (flags = 0x41)
0  -O                                                                        (1 = 100.0%)
1  ... 

Histogram: PasswordManager.ProfileStore.TotalAccountsHiRes3.ByType.AutoGenerated.WithoutCustomPassphrase recorded 1 samples, mean = 0.0 (flags = 0x41)
0  -O                                                                        (1 = 100.0%)
1  ... 

Histogram: PasswordManager.ProfileStore.TotalAccountsHiRes3.ByType.Overall recorded 1 samples, mean = 0.0 (flags = 0x41)
0  -O                                                                        (1 = 100.0%)
1  ... 

Histogram: PasswordManager.ProfileStore.TotalAccountsHiRes3.ByType.Overall.WithoutCustomPassphrase recorded 1 samples, mean = 0.0 (flags = 0x41)
0  -O                                                                        (1 = 100.0%)
1  ... 

Histogram: PasswordManager.ProfileStore.TotalAccountsHiRes3.ByType.ReceivedViaSharing.WithoutCustomPassphrase recorded 1 samples, mean = 0.0 (flags = 0x41)
0  -O                                                                        (1 = 100.0%)
1  ... 

Histogram: PasswordManager.ProfileStore.TotalAccountsHiRes3.ByType.UserCreated.WithoutCustomPassphrase recorded 1 samples, mean = 0.0 (flags = 0x41)
0  -O                                                                        (1 = 100.0%)
1  ... 

Histogram: PasswordManager.ProfileStore.TotalAccountsHiRes3.WithScheme.Android recorded 1 samples, mean = 0.0 (flags = 0x41)
0  -O                                                                        (1 = 100.0%)
1  ... 

Histogram: PasswordManager.ProfileStore.TotalAccountsHiRes3.WithScheme.Ftp recorded 1 samples, mean = 0.0 (flags = 0x41)
0  -O                                                                        (1 = 100.0%)
1  ... 

Histogram: PasswordManager.ProfileStore.TotalAccountsHiRes3.WithScheme.Http recorded 1 samples, mean = 0.0 (flags = 0x41)
0  -O                                                                        (1 = 100.0%)
1  ... 

Histogram: PasswordManager.ProfileStore.TotalAccountsHiRes3.WithScheme.Https recorded 1 samples, mean = 0.0 (flags = 0x41)
0  -O                                                                        (1 = 100.0%)
1  ... 

Histogram: PasswordManager.ProfileStore.TotalAccountsHiRes3.WithScheme.Other recorded 1 samples, mean = 0.0 (flags = 0x41)
0  -O                                                                        (1 = 100.0%)
1  ... 

Histogram: PasswordManager.SavedGaiaPasswordHashCount2 recorded 1 samples, mean = 0.0 (flags = 0x41)
0  -O                                                                        (1 = 100.0%)
1  ... 

Histogram: PasswordManager.SyncMetadataReadError2 recorded 2 samples, mean = 0.0 (flags = 0x41)
0  --O                                                                       (2 = 100.0%)
1  ... 

Histogram: PasswordManager.SyncingAccountState3 recorded 1 samples, mean = 2.0 (flags = 0x41)
0  ... 
2  -O                                                                        (1 = 100.0%) {0.0%}
3  ... 

Histogram: PaymentRequest.IsCanMakePaymentAllowedByPref.Startup recorded 1 samples, mean = 1.0 (flags = 0x41)
0  O                                                                         (0 = 0.0%)
1  -O                                                                        (1 = 100.0%) {0.0%}
2  O                                                                         (0 = 0.0%) {100.0%}

Histogram: PerformanceManager.LoadingNotQuiescentPageCount.All recorded 73 samples, mean = 0.0 (flags = 0x41)
0  ------------------------------------------------------------------------O (73 = 100.0%)
1  ... 

Histogram: PerformanceManager.LoadingNotQuiescentPageCount.Hidden recorded 73 samples, mean = 0.0 (flags = 0x41)
0  ------------------------------------------------------------------------O (73 = 100.0%)
1  ... 

Histogram: PerformanceManager.LoadingNotQuiescentPageCount.MixedVisibility recorded 73 samples, mean = 0.0 (flags = 0x41)
0  ------------------------------------------------------------------------O (73 = 100.0%)
1  ... 

Histogram: PerformanceManager.LoadingNotQuiescentPageCount.Visible recorded 73 samples, mean = 0.0 (flags = 0x41)
0  ------------------------------------------------------------------------O (73 = 100.0%)
1  ... 

Histogram: PerformanceManager.QuiescentPageCount recorded 73 samples, mean = 1.0 (flags = 0x41)
0  O                                                                         (0 = 0.0%)
1  ------------------------------------------------------------------------O (73 = 100.0%) {0.0%}
2  ... 

Histogram: PerformanceManager.SiteDB.DatabaseInit recorded 1 samples, mean = 0.0 (flags = 0x41)
0  -O                                                                        (1 = 100.0%)
1  ... 

Histogram: PerformanceManager.SiteDB.OnDiskSize recorded 1 samples, mean = 20.0 (flags = 0x41)
0  -O                                                                        (1 = 100.0%)
1000... 

Histogram: PerformanceManager.SiteDB.WriteCompleted.WriteSiteDataIntoStore recorded 1 samples, mean = 1.0 (flags = 0x41)
0  O                                                                         (0 = 0.0%)
1  -O                                                                        (1 = 100.0%) {0.0%}
2  O                                                                         (0 = 0.0%) {100.0%}

Histogram: PerformanceManager.SiteDB.WriteScheduled.WriteSiteDataIntoStore recorded 1 samples, mean = 1.0 (flags = 0x41)
0  O                                                                         (0 = 0.0%)
1  -O                                                                        (1 = 100.0%) {0.0%}
2  O                                                                         (0 = 0.0%) {100.0%}

Histogram: PerformanceManager.TabRevisitTracker.TimeToClose2 recorded 1 samples, mean = 2210.0 (flags = 0x41)
0     ... 
2164  -O                                                                        (1 = 100.0%) {0.0%}
2277  ... 

Histogram: PerformanceManager.UserTuning.BatterySaverModeEnabledPercent recorded 1 samples, mean = 0.0 (flags = 0x41)
0  -O                                                                        (1 = 100.0%)
1  ... 

Histogram: PerformanceManager.UserTuning.MemorySaverModeEnabledPercent recorded 1 samples, mean = 0.0 (flags = 0x41)
0  -O                                                                        (1 = 100.0%)
1  ... 

Histogram: PerformanceMonitor.AverageCPU8.BrowserProcess recorded 18 samples, mean = 1416.1 (flags = 0x41)
0      ... 
462    -----------O                                                              (11 = 61.1%) {0.0%}
558    --O                                                                       (2 = 11.1%) {61.1%}
674    --O                                                                       (2 = 11.1%) {72.2%}
814    ... 
2088   --O                                                                       (2 = 11.1%) {83.3%}
2521   ... 
11368  -O                                                                        (1 = 5.6%) {94.4%}
13724  ... 

Histogram: PerformanceMonitor.AverageCPU8.GPUProcess recorded 18 samples, mean = 77.1 (flags = 0x41)
0     ... 
8     -----------O                                                              (11 = 61.1%) {0.0%}
10    ---O                                                                      (3 = 16.7%) {61.1%}
12    --O                                                                       (2 = 11.1%) {77.8%}
15    O                                                                         (0 = 0.0%) {88.9%}
18    -O                                                                        (1 = 5.6%) {88.9%}
22    ... 
1187  -O                                                                        (1 = 5.6%) {94.4%}
1433  ... 

Histogram: PerformanceMonitor.AverageCPU8.NetworkProcess recorded 18 samples, mean = 2.3 (flags = 0x41)
0   O                                                                         (0 = 0.0%)
1   ----------------O                                                         (16 = 88.9%) {0.0%}
2   -O                                                                        (1 = 5.6%) {88.9%}
3   ... 
22  -O                                                                        (1 = 5.6%) {94.4%}
27  ... 

Histogram: PerformanceMonitor.AverageCPU8.OtherProcess recorded 18 samples, mean = 0.0 (flags = 0x41)
0  ------------------O                                                       (18 = 100.0%)
1  ... 

Histogram: PerformanceMonitor.AverageCPU8.RendererExtensionEventProcess recorded 18 samples, mean = 0.0 (flags = 0x41)
0  ------------------O                                                       (18 = 100.0%)
1  ... 

Histogram: PerformanceMonitor.AverageCPU8.RendererExtensionPersistentProcess recorded 18 samples, mean = 0.0 (flags = 0x41)
0  ------------------O                                                       (18 = 100.0%)
1  ... 

Histogram: PerformanceMonitor.AverageCPU8.RendererProcess recorded 18 samples, mean = 33.1 (flags = 0x41)
0    -----------------O                                                        (17 = 94.4%)
1    ... 
558  -O                                                                        (1 = 5.6%) {94.4%}
674  ... 

Histogram: PerformanceMonitor.AverageCPU8.Total recorded 18 samples, mean = 1434.6 (flags = 0x41)
0      ... 
462    -----------O                                                              (11 = 61.1%) {0.0%}
558    -O                                                                        (1 = 5.6%) {61.1%}
674    ---O                                                                      (3 = 16.7%) {66.7%}
814    ... 
2088   --O                                                                       (2 = 11.1%) {83.3%}
2521   ... 
11368  -O                                                                        (1 = 5.6%) {94.4%}
13724  ... 

Histogram: PerformanceMonitor.AverageCPU8.Total.ZeroWindow recorded 18 samples, mean = 1434.6 (flags = 0x41)
0      ... 
462    -----------O                                                              (11 = 61.1%) {0.0%}
558    -O                                                                        (1 = 5.6%) {61.1%}
674    ---O                                                                      (3 = 16.7%) {66.7%}
814    ... 
2088   --O                                                                       (2 = 11.1%) {83.3%}
2521   ... 
11368  -O                                                                        (1 = 5.6%) {94.4%}
13724  ... 

Histogram: PerformanceMonitor.AverageCPU8.UtilityProcess recorded 18 samples, mean = 61.1 (flags = 0x41)
0    -----------------O                                                        (17 = 94.4%)
1    ... 
983  -O                                                                        (1 = 5.6%) {94.4%}
1187 ... 

Histogram: PerformanceMonitor.HasPreciseCPUUsage recorded 9 samples, mean = 1.0 (flags = 0x41)
0  O                                                                         (0 = 0.0%)
1  ---------O                                                                (9 = 100.0%) {0.0%}
2  O                                                                         (0 = 0.0%) {100.0%}

Histogram: PerformanceMonitor.UsageScenario.LongInterval recorded 18 samples, mean = 13.0 (flags = 0x41)
0   ... 
13  ------------------O                                                       (18 = 100.0%) {0.0%}
14  ... 

Histogram: Permissions.API.CreatedPermissionStatusObjects recorded 1 samples, mean = 0.0 (flags = 0x41)
0  -O                                                                        (1 = 100.0%)
1  ... 

Histogram: Permissions.Experimental.PrimaryMainNavigationFinished.AudioCapture.TopLevelHeaderPolicy recorded 1 samples, mean = 0.0 (flags = 0x41)
0  -O                                                                        (1 = 100.0%)
1  ... 

Histogram: Permissions.Experimental.PrimaryMainNavigationFinished.Geolocation.TopLevelHeaderPolicy recorded 1 samples, mean = 0.0 (flags = 0x41)
0  -O                                                                        (1 = 100.0%)
1  ... 

Histogram: Permissions.Experimental.PrimaryMainNavigationFinished.VideoCapture.TopLevelHeaderPolicy recorded 1 samples, mean = 0.0 (flags = 0x41)
0  -O                                                                        (1 = 100.0%)
1  ... 

Histogram: Permissions.QuietNotificationPrompts.RegularProfile.IsEnabledInPrefs recorded 1 samples, mean = 0.0 (flags = 0x41)
0  -O                                                                        (1 = 100.0%)
1  ... 

Histogram: Platform.IntelMaxMicroArchitecture recorded 1 samples, mean = 13.0 (flags = 0x41)
0   ... 
13  -O                                                                        (1 = 100.0%) {0.0%}
14  O                                                                         (0 = 0.0%) {100.0%}

Histogram: Power.BatteryDischargeMode5 recorded 36 samples, mean = 4.0 (flags = 0x41)
0  ... 
4  ------------------------------------O                                     (36 = 100.0%) {0.0%}
5  ... 

Histogram: Power.BatteryDischargeMode5.Initial recorded 1 samples, mean = 4.0 (flags = 0x41)
0  ... 
4  -O                                                                        (1 = 100.0%) {0.0%}
5  ... 

Histogram: Power.BatteryDischargeMode5.Periodic recorded 35 samples, mean = 4.0 (flags = 0x41)
0  ... 
4  -----------------------------------O                                      (35 = 100.0%) {0.0%}
5  ... 

Histogram: Power.BatteryDischargeMode5.TenMinutes recorded 3 samples, mean = 4.0 (flags = 0x41)
0  ... 
4  ---O                                                                      (3 = 100.0%) {0.0%}
5  ... 

Histogram: Power.BatteryDischargeMode5.ZeroWindow recorded 36 samples, mean = 4.0 (flags = 0x41)
0  ... 
4  ------------------------------------O                                     (36 = 100.0%) {0.0%}
5  ... 

Histogram: Power.BatteryDischargeMode5.ZeroWindow.Initial recorded 1 samples, mean = 4.0 (flags = 0x41)
0  ... 
4  -O                                                                        (1 = 100.0%) {0.0%}
5  ... 

Histogram: Power.BatteryDischargeMode5.ZeroWindow.Periodic recorded 35 samples, mean = 4.0 (flags = 0x41)
0  ... 
4  -----------------------------------O                                      (35 = 100.0%) {0.0%}
5  ... 

Histogram: Power.HasPreciseBatteryDischargeGranularity recorded 36 samples, mean = 0.0 (flags = 0x41)
0  ------------------------------------O                                     (36 = 100.0%)
1  ... 

Histogram: Prefs.JSonStore.SetValueKey recorded 23 samples (flags = 0x41)
67499933    -O                                                                        (1 = 4.3%)
372921139   --O                                                                       (2 = 8.7%)
819550135   -O                                                                        (1 = 4.3%)
830521985   -O                                                                        (1 = 4.3%)
852125461   --O                                                                       (2 = 8.7%)
945162316   -O                                                                        (1 = 4.3%)
1285180254  -O                                                                        (1 = 4.3%)
1441835268  -O                                                                        (1 = 4.3%)
1697794008  -O                                                                        (1 = 4.3%)
1886855768  -O                                                                        (1 = 4.3%)
1923415074  ----O                                                                     (4 = 17.4%)
1927273959  -O                                                                        (1 = 4.3%)
1936820420  --O                                                                       (2 = 8.7%)
1956100443  ---O                                                                      (3 = 13.0%)
2082524502  -O                                                                        (1 = 4.3%)

Histogram: Privacy.CookieControlsSetting.RegularProfile recorded 1 samples, mean = 2.0 (flags = 0x41)
0  ... 
2  -O                                                                        (1 = 100.0%) {0.0%}
3  O                                                                         (0 = 0.0%) {100.0%}

Histogram: Privacy.DIPS.BounceCategoryServer.Block3PC recorded 1 samples, mean = 0.0 (flags = 0x41)
0  -O                                                                        (1 = 100.0%)
1  ... 

Histogram: Privacy.DIPS.ClearedSitesCount.Block3PC recorded 1 samples, mean = 0.0 (flags = 0x41)
0  -O                                                                        (1 = 100.0%)
1  ... 

Histogram: Privacy.DIPS.DIPSErrorCodes recorded 1 samples, mean = 6.0 (flags = 0x41)
0  ... 
6  -O                                                                        (1 = 100.0%) {0.0%}
7  ... 

Histogram: Privacy.DIPS.Database.Operation.FilterSitesWithProtectiveEventTime recorded 1 samples, mean = 0.0 (flags = 0x41)
0  -O                                                                        (1 = 100.0%)
1  ... 

Histogram: Privacy.DIPS.Database.Operation.GetSitesThatBouncedWithStateTime recorded 1 samples, mean = 0.0 (flags = 0x41)
0  -O                                                                        (1 = 100.0%)
1  ... 

Histogram: Privacy.DIPS.Database.Operation.InitTime recorded 1 samples, mean = 4.0 (flags = 0x41)
0  ... 
4  -O                                                                        (1 = 100.0%) {0.0%}
5  ... 

Histogram: Privacy.DIPS.Database.Operation.ReadPopupTime recorded 1 samples, mean = 0.0 (flags = 0x41)
0  -O                                                                        (1 = 100.0%)
1  ... 

Histogram: Privacy.DIPS.Database.Operation.ReadTime recorded 3 samples, mean = 0.0 (flags = 0x41)
0  ---O                                                                      (3 = 100.0%)
1  ... 

Histogram: Privacy.DIPS.Database.Operation.RemoveRowsTime recorded 1 samples, mean = 2.0 (flags = 0x41)
0  ... 
2  -O                                                                        (1 = 100.0%) {0.0%}
3  ... 

Histogram: Privacy.DIPS.Database.Operation.WriteTime recorded 1 samples, mean = 27.0 (flags = 0x41)
0   ... 
24  -O                                                                        (1 = 100.0%) {0.0%}
29  ... 

Histogram: Privacy.DIPS.DatabaseEntryCount recorded 1 samples, mean = 1.0 (flags = 0x41)
0  O                                                                         (0 = 0.0%)
1  -O                                                                        (1 = 100.0%) {0.0%}
2  ... 

Histogram: Privacy.DIPS.DatabaseHealthMetricsTime recorded 1 samples, mean = 0.0 (flags = 0x41)
0  -O                                                                        (1 = 100.0%)
1  ... 

Histogram: Privacy.DIPS.DatabaseInit recorded 1 samples, mean = 1.0 (flags = 0x41)
0  O                                                                         (0 = 0.0%)
1  -O                                                                        (1 = 100.0%) {0.0%}
2  ... 

Histogram: Privacy.DIPS.DatabaseSize recorded 1 samples, mean = 36.0 (flags = 0x41)
0  -O                                                                        (1 = 100.0%)
1000... 

Histogram: Privacy.DoNotTrackSetting2 recorded 1 samples, mean = 0.0 (flags = 0x41)
0  -O                                                                        (1 = 100.0%)
1  ... 

Histogram: Privacy.ThirdPartyCookieBlockingSetting.RegularProfile recorded 1 samples, mean = 0.0 (flags = 0x41)
0  -O                                                                        (1 = 100.0%)
1  ... 

Histogram: PrivacyBudget.Identifiability.FinchConfigValidationResult recorded 1 samples, mean = 1.0 (flags = 0x41)
0  O                                                                         (0 = 0.0%)
1  -O                                                                        (1 = 100.0%) {0.0%}
2  O                                                                         (0 = 0.0%) {100.0%}

Histogram: PrivacySandbox.Attestations.EstimateMemoryUsage.AttestationsMap recorded 1 samples, mean = 24.0 (flags = 0x41)
0   ... 
24  -O                                                                        (1 = 100.0%) {0.0%}
29  ... 

Histogram: PrivacySandbox.Attestations.InitializationDuration.ComponentReadyFromApplicationStart recorded 1 samples, mean = 4088.0 (flags = 0x41)
0     ... 
3681  -O                                                                        (1 = 100.0%) {0.0%}
4249  ... 

Histogram: PrivacySandbox.Attestations.InitializationDuration.Parsing recorded 1 samples, mean = 0.0 (flags = 0x41)
0  -O                                                                        (1 = 100.0%)
1  ... 

Histogram: PrivacySandbox.Attestations.Parsing.Status recorded 1 samples, mean = 0.0 (flags = 0x41)
0  -O                                                                        (1 = 100.0%)
1  ... 

Histogram: PrivacySandbox.IsTopicsAllowed recorded 1 samples, mean = 3.0 (flags = 0x41)
0  ... 
3  -O                                                                        (1 = 100.0%) {0.0%}
4  ... 

Histogram: PrivacySandbox.NoticeRequirement.IsVariationCountryEmpty recorded 3 samples, mean = 1.0 (flags = 0x41)
0  O                                                                         (0 = 0.0%)
1  ---O                                                                      (3 = 100.0%) {0.0%}
2  O                                                                         (0 = 0.0%) {100.0%}

Histogram: PrivacySandbox.NoticeRequirement.IsVariationServiceReady recorded 3 samples, mean = 1.0 (flags = 0x41)
0  O                                                                         (0 = 0.0%)
1  ---O                                                                      (3 = 100.0%) {0.0%}
2  O                                                                         (0 = 0.0%) {100.0%}

Histogram: PrivacySandbox.TrackingProtection.OnboardingStartup.State recorded 1 samples, mean = 0.0 (flags = 0x41)
0  -O                                                                        (1 = 100.0%)
1  ... 

Histogram: PrivacySandbox.TrackingProtection.SilentOnboardingStartup.State recorded 1 samples, mean = 0.0 (flags = 0x41)
0  -O                                                                        (1 = 100.0%)
1  ... 

Histogram: Profile.AppCount recorded 1 samples, mean = 0.0 (flags = 0x41)
0  -O                                                                        (1 = 100.0%)
1  ... 

Histogram: Profile.BookmarksSize recorded 1 samples, mean = 0.0 (flags = 0x41)
0  -O                                                                        (1 = 100.0%)
1  ... 

Histogram: Profile.CookiesSize recorded 1 samples, mean = 0.0 (flags = 0x41)
0  -O                                                                        (1 = 100.0%)
1  ... 

Histogram: Profile.Destroyer.OffTheRecord recorded 1 samples, mean = 1.0 (flags = 0x41)
0  O                                                                         (0 = 0.0%)
1  -O                                                                        (1 = 100.0%) {0.0%}
2  ... 

Histogram: Profile.DidDestroyProfileBeforeShutdown recorded 1 samples, mean = 0.0 (flags = 0x41)
0  -O                                                                        (1 = 100.0%)
1  ... 

Histogram: Profile.ExtensionSize recorded 1 samples, mean = 0.0 (flags = 0x41)
0  -O                                                                        (1 = 100.0%)
1  ... 

Histogram: Profile.FaviconsSize recorded 1 samples, mean = 0.0 (flags = 0x41)
0  -O                                                                        (1 = 100.0%)
1  ... 

Histogram: Profile.HistorySize recorded 1 samples, mean = 0.0 (flags = 0x41)
0  -O                                                                        (1 = 100.0%)
1  ... 

Histogram: Profile.KeepAliveLeakAtShutdown recorded 2 samples, mean = 3.5 (flags = 0x41)
0  -O                                                                        (1 = 50.0%)
1  ... 
7  -O                                                                        (1 = 50.0%) {50.0%}
8  ... 

Histogram: Profile.LiveProfileCount recorded 1 samples, mean = 1.0 (flags = 0x41)
0  O                                                                         (0 = 0.0%)
1  -O                                                                        (1 = 100.0%) {0.0%}
2  ... 

Histogram: Profile.NumberOfActiveProfiles recorded 1 samples, mean = 0.0 (flags = 0x41)
0  -O                                                                        (1 = 100.0%)
1  ... 

Histogram: Profile.NumberOfManagedProfiles recorded 1 samples, mean = 0.0 (flags = 0x41)
0  -O                                                                        (1 = 100.0%)
1  ... 

Histogram: Profile.NumberOfProfiles recorded 1 samples, mean = 1.0 (flags = 0x41)
0  O                                                                         (0 = 0.0%)
1  -O                                                                        (1 = 100.0%) {0.0%}
2  ... 

Histogram: Profile.NumberOfSignedInProfiles recorded 1 samples, mean = 0.0 (flags = 0x41)
0  -O                                                                        (1 = 100.0%)
1  ... 

Histogram: Profile.NumberOfUnusedProfiles recorded 1 samples, mean = 1.0 (flags = 0x41)
0  O                                                                         (0 = 0.0%)
1  -O                                                                        (1 = 100.0%) {0.0%}
2  ... 

Histogram: Profile.PercentageOfManagedProfiles recorded 1 samples, mean = 0.0 (flags = 0x41)
0  -O                                                                        (1 = 100.0%)
1  ... 

Histogram: Profile.TopSitesSize recorded 1 samples, mean = 0.0 (flags = 0x41)
0  -O                                                                        (1 = 100.0%)
1  ... 

Histogram: Profile.TotalHistorySize recorded 1 samples, mean = 0.0 (flags = 0x41)
0  -O                                                                        (1 = 100.0%)
1  ... 

Histogram: Profile.TotalSize recorded 1 samples, mean = 0.0 (flags = 0x41)
0  -O                                                                        (1 = 100.0%)
1  ... 

Histogram: Profile.TotalSizeRecursive recorded 1 samples, mean = 34.0 (flags = 0x41)
0   ... 
34  -O                                                                        (1 = 100.0%) {0.0%}
40  ... 

Histogram: Profile.TriggeredReset recorded 1 samples, mean = 0.0 (flags = 0x41)
0  -O                                                                        (1 = 100.0%)
1  ... 

Histogram: Profile.VisitedLinksSize recorded 1 samples, mean = 0.0 (flags = 0x41)
0  -O                                                                        (1 = 100.0%)
1  ... 

Histogram: Profile.WebDataSize recorded 1 samples, mean = 0.0 (flags = 0x41)
0  -O                                                                        (1 = 100.0%)
1  ... 

Histogram: Profile.ZombieProfileCount recorded 1 samples, mean = 0.0 (flags = 0x41)
0  -O                                                                        (1 = 100.0%)
1  ... 

Histogram: ProfilePicker.StartupMode.CreateInitialProfile recorded 1 samples, mean = 0.0 (flags = 0x41)
0  -O                                                                        (1 = 100.0%)
1  ... 

Histogram: ProfilePicker.StartupMode.GetStartupProfile recorded 1 samples, mean = 0.0 (flags = 0x41)
0  -O                                                                        (1 = 100.0%)
1  ... 

Histogram: ProfilePicker.StartupReason.GetStartupProfile recorded 1 samples, mean = 27.0 (flags = 0x41)
0   ... 
27  -O                                                                        (1 = 100.0%) {0.0%}
28  ... 

Histogram: ProtoDB.DestroySuccess.DownloadDB recorded 3 samples, mean = 1.0 (flags = 0x41)
0  O                                                                         (0 = 0.0%)
1  ---O                                                                      (3 = 100.0%) {0.0%}
2  O                                                                         (0 = 0.0%) {100.0%}

Histogram: ProtoDB.DestroySuccess.DownloadService recorded 1 samples, mean = 1.0 (flags = 0x41)
0  O                                                                         (0 = 0.0%)
1  -O                                                                        (1 = 100.0%) {0.0%}
2  O                                                                         (0 = 0.0%) {100.0%}

Histogram: ProtoDB.DestroySuccess.PreviewsHintCacheStore recorded 1 samples, mean = 1.0 (flags = 0x41)
0  O                                                                         (0 = 0.0%)
1  -O                                                                        (1 = 100.0%) {0.0%}
2  O                                                                         (0 = 0.0%) {100.0%}

Histogram: ProtoDB.InitStatus.BudgetManager recorded 1 samples, mean = 4.0 (flags = 0x41)
0  ... 
4  -O                                                                        (1 = 100.0%) {0.0%}
5  ... 

Histogram: ProtoDB.InitStatus.CartDatabase recorded 1 samples, mean = 4.0 (flags = 0x41)
0  ... 
4  -O                                                                        (1 = 100.0%) {0.0%}
5  ... 

Histogram: ProtoDB.InitStatus.ClientCertificatesDatabase recorded 1 samples, mean = 4.0 (flags = 0x41)
0  ... 
4  -O                                                                        (1 = 100.0%) {0.0%}
5  ... 

Histogram: ProtoDB.InitStatus.CommerceParcelTrackingDatabase recorded 1 samples, mean = 4.0 (flags = 0x41)
0  ... 
4  -O                                                                        (1 = 100.0%) {0.0%}
5  ... 

Histogram: ProtoDB.InitStatus.CommerceSubscriptionDatabase recorded 1 samples, mean = 4.0 (flags = 0x41)
0  ... 
4  -O                                                                        (1 = 100.0%) {0.0%}
5  ... 

Histogram: ProtoDB.InitStatus.CouponDatabase recorded 1 samples, mean = 4.0 (flags = 0x41)
0  ... 
4  -O                                                                        (1 = 100.0%) {0.0%}
5  ... 

Histogram: ProtoDB.InitStatus.DiscountsDatabase recorded 1 samples, mean = 4.0 (flags = 0x41)
0  ... 
4  -O                                                                        (1 = 100.0%) {0.0%}
5  ... 

Histogram: ProtoDB.InitStatus.DownloadDB recorded 3 samples, mean = 4.0 (flags = 0x41)
0  ... 
4  ---O                                                                      (3 = 100.0%) {0.0%}
5  ... 

Histogram: ProtoDB.InitStatus.DownloadService recorded 2 samples, mean = 4.0 (flags = 0x41)
0  ... 
4  --O                                                                       (2 = 100.0%) {0.0%}
5  ... 

Histogram: ProtoDB.InitStatus.FeatureEngagementTrackerAvailabilityStore recorded 1 samples, mean = 4.0 (flags = 0x41)
0  ... 
4  -O                                                                        (1 = 100.0%) {0.0%}
5  ... 

Histogram: ProtoDB.InitStatus.FeatureEngagementTrackerEventStore recorded 1 samples, mean = 4.0 (flags = 0x41)
0  ... 
4  -O                                                                        (1 = 100.0%) {0.0%}
5  ... 

Histogram: ProtoDB.InitStatus.GCMKeyStore recorded 1 samples, mean = 5.0 (flags = 0x41)
0  ... 
5  -O                                                                        (1 = 100.0%) {0.0%}
6  O                                                                         (0 = 0.0%) {100.0%}

Histogram: ProtoDB.InitStatus.Metadata recorded 4 samples, mean = 5.0 (flags = 0x41)
0  ... 
5  ----O                                                                     (4 = 100.0%) {0.0%}
6  O                                                                         (0 = 0.0%) {100.0%}

Histogram: ProtoDB.InitStatus.PersistentOriginTrials recorded 1 samples, mean = 4.0 (flags = 0x41)
0  ... 
4  -O                                                                        (1 = 100.0%) {0.0%}
5  ... 

Histogram: ProtoDB.InitStatus.PreviewsHintCacheStore recorded 1 samples, mean = 4.0 (flags = 0x41)
0  ... 
4  -O                                                                        (1 = 100.0%) {0.0%}
5  ... 

Histogram: ProtoDB.InitStatus.SegmentInfoDatabase recorded 1 samples, mean = 4.0 (flags = 0x41)
0  ... 
4  -O                                                                        (1 = 100.0%) {0.0%}
5  ... 

Histogram: ProtoDB.InitStatus.SignalDatabase recorded 1 samples, mean = 4.0 (flags = 0x41)
0  ... 
4  -O                                                                        (1 = 100.0%) {0.0%}
5  ... 

Histogram: ProtoDB.InitStatus.SignalStorageConfigDatabase recorded 1 samples, mean = 4.0 (flags = 0x41)
0  ... 
4  -O                                                                        (1 = 100.0%) {0.0%}
5  ... 

Histogram: ProtoDB.InitStatus.StrikeService recorded 4 samples, mean = 4.0 (flags = 0x41)
0  ... 
4  ----O                                                                     (4 = 100.0%) {0.0%}
5  ... 

Histogram: ProtoDB.SharedDbInitStatus recorded 79 samples, mean = 9.5 (flags = 0x41)
0   ----------------------------O                                             (28 = 35.4%)
1   ... 
3   -----------------------O                                                  (23 = 29.1%) {35.4%}
4   ... 
24  -----------------------O                                                  (23 = 29.1%) {64.6%}
25  O                                                                         (0 = 0.0%) {93.7%}
26  -----O                                                                    (5 = 6.3%) {93.7%}
27  ... 

Histogram: Quota.AvailableDiskSpace recorded 2 samples, mean = 2979259.0 (flags = 0x41)
0        ... 
2621056  --O                                                                       (2 = 100.0%) {0.0%}
3057588  ... 

Histogram: Quota.GlobalTemporaryPoolSize recorded 2 samples, mean = 3052343.0 (flags = 0x41)
0        ... 
2621056  --O                                                                       (2 = 100.0%) {0.0%}
3057588  ... 

Histogram: Quota.PercentDiskAvailable recorded 2 samples, mean = 78.0 (flags = 0x41)
0   ... 
78  --O                                                                       (2 = 100.0%) {0.0%}
79  ... 

Histogram: Quota.TotalDiskSpace recorded 2 samples, mean = 3815429.0 (flags = 0x41)
0        ... 
3566823  --O                                                                       (2 = 100.0%) {0.0%}
4160870  ... 

Histogram: Quota.TotalDiskSpaceIsZero recorded 2 samples, mean = 0.0 (flags = 0x41)
0  --O                                                                       (2 = 100.0%)
1  ... 

Histogram: Renderer.BrowserLaunchToRunLoopStart recorded 1 samples, mean = 38.0 (flags = 0x41)
0   ... 
34  -O                                                                        (1 = 100.0%) {0.0%}
40  ... 

Histogram: Renderer.Core.Timing.Performance.SwapsPerPerformanceEntryInsertion recorded 53 samples, mean = 3.3 (flags = 0x41)
0   ----------------------O                                                   (22 = 41.5%)
1   ---------O                                                                (9 = 17.0%) {41.5%}
2   ---O                                                                      (3 = 5.7%) {58.5%}
3   -O                                                                        (1 = 1.9%) {64.2%}
4   O                                                                         (0 = 0.0%) {66.0%}
5   ----O                                                                     (4 = 7.5%) {66.0%}
6   -O                                                                        (1 = 1.9%) {73.6%}
7   --O                                                                       (2 = 3.8%) {75.5%}
8   ----O                                                                     (4 = 7.5%) {79.2%}
9   O                                                                         (0 = 0.0%) {86.8%}
10  --O                                                                       (2 = 3.8%) {86.8%}
11  -O                                                                        (1 = 1.9%) {90.6%}
12  -O                                                                        (1 = 1.9%) {92.5%}
14  --O                                                                       (2 = 3.8%) {94.3%}
16  -O                                                                        (1 = 1.9%) {98.1%}
18  ... 

Histogram: Renderer.CriticalFonts.BlockingResourcesLoadTime recorded 1 samples, mean = 4068.0 (flags = 0x41)
0     ... 
3553  -O                                                                        (1 = 100.0%) {0.0%}
4222  ... 

Histogram: Renderer.CriticalFonts.CriticalFontDelay recorded 1 samples, mean = 0.0 (flags = 0x41)
0  -O                                                                        (1 = 100.0%)
1  ... 

Histogram: Renderer.CriticalFonts.PreloadedFontsLoadTime recorded 1 samples, mean = 4052.0 (flags = 0x41)
0     ... 
3553  -O                                                                        (1 = 100.0%) {0.0%}
4222  ... 

Histogram: Renderer.Font.PrimaryFont.DomContentLoaded recorded 1 samples, mean = 0.0 (flags = 0x41)
0  -O                                                                        (1 = 100.0%)
1  ... 

Histogram: Renderer.Font.PrimaryFont.DomContentLoaded.Style recorded 1 samples, mean = 0.0 (flags = 0x41)
0  -O                                                                        (1 = 100.0%)
1  ... 

Histogram: Renderer.Font.SystemFallback.DomContentLoaded recorded 1 samples, mean = 0.0 (flags = 0x41)
0  -O                                                                        (1 = 100.0%)
1  ... 

Histogram: Renderer.Layout.TextWrapBalance recorded 5 samples, mean = 0.0 (flags = 0x41)
0  -----O                                                                    (5 = 100.0%)
1  ... 

Histogram: Renderer.ProcessLifetime3 recorded 3 samples, mean = 1471511.0 (flags = 0x41)
0        -O                                                                        (1 = 33.3%)
1000     ... 
2111698  --O                                                                       (2 = 66.7%) {33.3%}
2371391  ... 

Histogram: Renderer.ProcessLifetime3.Empty recorded 1 samples, mean = 2206903.0 (flags = 0x41)
0        ... 
2111698  -O                                                                        (1 = 100.0%) {0.0%}
2371391  ... 

Histogram: Renderer.ProcessLifetime3.MainFrame recorded 1 samples, mean = 2207215.0 (flags = 0x41)
0        ... 
2111698  -O                                                                        (1 = 100.0%) {0.0%}
2371391  ... 

Histogram: Renderer.ProcessLifetime3.Speculative recorded 1 samples, mean = 415.0 (flags = 0x41)
0  -O                                                                        (1 = 100.0%)
1000... 

Histogram: Renderer.ReduceSubresourceResponseIPC.DidNotifyBrowser recorded 47 samples, mean = 1.0 (flags = 0x41)
0  O                                                                         (0 = 0.0%)
1  -----------------------------------------------O                          (47 = 100.0%) {0.0%}
2  O                                                                         (0 = 0.0%) {100.0%}

Histogram: Renderer.RenderThreadImpl.Init recorded 1 samples, mean = 7.0 (flags = 0x41)
0  ... 
7  -O                                                                        (1 = 100.0%) {0.0%}
8  ... 

Histogram: Renderer4.GpuRasterizationEnabled recorded 1 samples, mean = 1.0 (flags = 0x41)
0  O                                                                         (0 = 0.0%)
1  -O                                                                        (1 = 100.0%) {0.0%}
2  O                                                                         (0 = 0.0%) {100.0%}

Histogram: RendererScheduler.RendererMainThreadLoad5 recorded 2210 samples, mean = 0.0 (flags = 0x41)
0   ------------------------------------------------------------------------O (2209 = 100.0%)
1   ... 
13  O                                                                         (1 = 0.0%) {100.0%}
14  ... 

Histogram: RendererScheduler.RendererMainThreadLoad5.Background recorded 2206 samples, mean = 0.0 (flags = 0x41)
0  ------------------------------------------------------------------------O (2206 = 100.0%)
1  ... 

Histogram: RendererScheduler.RendererMainThreadLoad5.Background.AfterFifthMinute recorded 1907 samples, mean = 0.0 (flags = 0x41)
0  ------------------------------------------------------------------------O (1907 = 100.0%)
1  ... 

Histogram: RendererScheduler.RendererMainThreadLoad5.Background.AfterFirstMinute recorded 2147 samples, mean = 0.0 (flags = 0x41)
0  ------------------------------------------------------------------------O (2147 = 100.0%)
1  ... 

Histogram: RendererScheduler.RendererMainThreadLoad5.Background.AfterTenthMinute recorded 1607 samples, mean = 0.0 (flags = 0x41)
0  ------------------------------------------------------------------------O (1607 = 100.0%)
1  ... 

Histogram: RendererScheduler.RendererMainThreadLoad5.Foreground recorded 3 samples, mean = 0.0 (flags = 0x41)
0  ---O                                                                      (3 = 100.0%)
1  ... 

Histogram: RendererScheduler.RendererMainThreadLoad5.Foreground.AfterFirstMinute recorded 2147 samples, mean = 0.0 (flags = 0x41)
0  ------------------------------------------------------------------------O (2147 = 100.0%)
1  ... 

Histogram: ReportingAndNEL.NumberOfLoadedNELPolicies recorded 1 samples, mean = 0.0 (flags = 0x41)
0  -O                                                                        (1 = 100.0%)
1  ... 

Histogram: ReportingAndNEL.NumberOfLoadedNELPolicies2 recorded 1 samples, mean = 0.0 (flags = 0x41)
0  -O                                                                        (1 = 100.0%)
1  ... 

Histogram: ReportingAndNEL.TimeInitializeDB recorded 1 samples, mean = 1.0 (flags = 0x41)
0  O                                                                         (0 = 0.0%)
1  -O                                                                        (1 = 100.0%) {0.0%}
2  ... 

Histogram: ResourceScheduler.RequestQueuingDuration.Priority1 recorded 5 samples, mean = 0.0 (flags = 0x41)
0  -----O                                                                    (5 = 100.0%)
1  ... 

Histogram: ResourceScheduler.RequestQueuingDuration.Priority2 recorded 29 samples, mean = 0.0 (flags = 0x41)
0  -----------------------------O                                            (29 = 100.0%)
1  ... 

Histogram: ResourceScheduler.RequestQueuingDuration.Priority3 recorded 1 samples, mean = 0.0 (flags = 0x41)
0  -O                                                                        (1 = 100.0%)
1  ... 

Histogram: ResourceScheduler.RequestQueuingDuration.Priority4 recorded 7 samples, mean = 0.0 (flags = 0x41)
0  -------O                                                                  (7 = 100.0%)
1  ... 

Histogram: ResourceScheduler.RequestQueuingDuration.Priority5 recorded 17 samples, mean = 0.0 (flags = 0x41)
0  -----------------O                                                        (17 = 100.0%)
1  ... 

Histogram: SBClientPhishing.Classifier.Event recorded 2 samples, mean = 1.0 (flags = 0x41)
0  O                                                                         (0 = 0.0%)
1  --O                                                                       (2 = 100.0%) {0.0%}
2  ... 

Histogram: SBClientPhishing.HighConfidenceAllowlistCheckDuration recorded 1 samples, mean = 68.0 (flags = 0x41)
0   ... 
66  -O                                                                        (1 = 100.0%) {0.0%}
84  ... 

Histogram: SBClientPhishing.ImageEmbedder.Event recorded 2 samples, mean = 1.0 (flags = 0x41)
0  O                                                                         (0 = 0.0%)
1  --O                                                                       (2 = 100.0%) {0.0%}
2  ... 

Histogram: SBClientPhishing.LoadReportTimesFromPrefAtServiceCreationSuccessful recorded 1 samples, mean = 1.0 (flags = 0x41)
0  O                                                                         (0 = 0.0%)
1  -O                                                                        (1 = 100.0%) {0.0%}
2  O                                                                         (0 = 0.0%) {100.0%}

Histogram: SBClientPhishing.MatchHighConfidenceAllowlist recorded 1 samples, mean = 3.0 (flags = 0x41)
0  ... 
3  -O                                                                        (1 = 100.0%) {0.0%}
4  O                                                                         (0 = 0.0%) {100.0%}

Histogram: SBClientPhishing.MatchHighConfidenceAllowlist.TriggerModel recorded 1 samples, mean = 3.0 (flags = 0x41)
0  ... 
3  -O                                                                        (1 = 100.0%) {0.0%}
4  O                                                                         (0 = 0.0%) {100.0%}

Histogram: SBClientPhishing.PreClassificationCheckResult recorded 1 samples, mean = 3.0 (flags = 0x41)
0  ... 
3  -O                                                                        (1 = 100.0%) {0.0%}
4  ... 

Histogram: SBIRS.DroppedIncident recorded 1 samples, mean = 1.0 (flags = 0x41)
0  O                                                                         (0 = 0.0%)
1  -O                                                                        (1 = 100.0%) {0.0%}
2  ... 

Histogram: SBIRS.ReceivedIncident recorded 1 samples, mean = 1.0 (flags = 0x41)
0  O                                                                         (0 = 0.0%)
1  -O                                                                        (1 = 100.0%) {0.0%}
2  ... 

Histogram: SSL.Experimental.SubresourceResponse recorded 47 samples, mean = 0.0 (flags = 0x41)
0  -----------------------------------------------O                          (47 = 100.0%)
1  ... 

Histogram: SafeBrowsing.AsyncCheck.CommittedNavigationIdsSize recorded 5 samples, mean = 1.6 (flags = 0x41)
0  -O                                                                        (1 = 20.0%)
1  -O                                                                        (1 = 20.0%) {20.0%}
2  --O                                                                       (2 = 40.0%) {40.0%}
3  -O                                                                        (1 = 20.0%) {80.0%}
4  ... 

Histogram: SafeBrowsing.BrowserThrottle.CheckerOnIOLifetime recorded 1 samples, mean = 618.0 (flags = 0x41)
0    ... 
574  -O                                                                        (1 = 100.0%) {0.0%}
729  ... 

Histogram: SafeBrowsing.BrowserThrottle.IntervalBetweenStartAndProcess recorded 1 samples, mean = 618.0 (flags = 0x41)
0    ... 
533  -O                                                                        (1 = 100.0%) {0.0%}
633  ... 

Histogram: SafeBrowsing.BrowserThrottle.IntervalBetweenStartAndProcess.FromNetwork recorded 1 samples, mean = 618.0 (flags = 0x41)
0    ... 
533  -O                                                                        (1 = 100.0%) {0.0%}
633  ... 

Histogram: SafeBrowsing.BrowserThrottle.IsCheckCompletedOnProcessResponse recorded 1 samples, mean = 1.0 (flags = 0x41)
0  O                                                                         (0 = 0.0%)
1  -O                                                                        (1 = 100.0%) {0.0%}
2  O                                                                         (0 = 0.0%) {100.0%}

Histogram: SafeBrowsing.BrowserThrottle.RequestDestination recorded 1 samples, mean = 3.0 (flags = 0x41)
0  ... 
3  -O                                                                        (1 = 100.0%) {0.0%}
4  ... 

Histogram: SafeBrowsing.BrowserThrottle.RequestDestination.Checked recorded 1 samples, mean = 3.0 (flags = 0x41)
0  ... 
3  -O                                                                        (1 = 100.0%) {0.0%}
4  ... 

Histogram: SafeBrowsing.BrowserThrottle.TotalDelay2.FromNetwork recorded 1 samples, mean = 0.0 (flags = 0x41)
0  -O                                                                        (1 = 100.0%)
1  ... 

Histogram: SafeBrowsing.BrowserThrottle.TotalDelay2.HashPrefixDatabaseCheck recorded 2 samples, mean = 0.0 (flags = 0x41)
0  --O                                                                       (2 = 100.0%)
1  ... 

Histogram: SafeBrowsing.BrowserThrottle.WillProcessResponseCount recorded 1 samples, mean = 1.0 (flags = 0x41)
0  O                                                                         (0 = 0.0%)
1  -O                                                                        (1 = 100.0%) {0.0%}
2  ... 

Histogram: SafeBrowsing.CheckBrowseUrl.HasLocalMatch recorded 2 samples, mean = 1.0 (flags = 0x41)
0  O                                                                         (0 = 0.0%)
1  --O                                                                       (2 = 100.0%) {0.0%}
2  O                                                                         (0 = 0.0%) {100.0%}

Histogram: SafeBrowsing.CheckUrl.Action recorded 2 samples, mean = 0.0 (flags = 0x41)
0  --O                                                                       (2 = 100.0%)
1  ... 

Histogram: SafeBrowsing.CheckUrl.FirstRequestThreatType2 recorded 1 samples, mean = 1.0 (flags = 0x41)
0  O                                                                         (0 = 0.0%)
1  -O                                                                        (1 = 100.0%) {0.0%}
2  ... 

Histogram: SafeBrowsing.CheckUrl.FirstRequestThreatType2.LocalPVer4 recorded 1 samples, mean = 1.0 (flags = 0x41)
0  O                                                                         (0 = 0.0%)
1  -O                                                                        (1 = 100.0%) {0.0%}
2  ... 

Histogram: SafeBrowsing.CheckUrl.FirstRequestTimedOut recorded 1 samples, mean = 0.0 (flags = 0x41)
0  -O                                                                        (1 = 100.0%)
1  ... 

Histogram: SafeBrowsing.CheckUrl.FirstRequestTimedOut.LocalPVer4 recorded 1 samples, mean = 0.0 (flags = 0x41)
0  -O                                                                        (1 = 100.0%)
1  ... 

Histogram: SafeBrowsing.CheckUrl.IsDocumentCheckPrefetch recorded 2 samples, mean = 0.0 (flags = 0x41)
0  --O                                                                       (2 = 100.0%)
1  ... 

Histogram: SafeBrowsing.CheckUrl.TimeTaken.HashDatabase recorded 2 samples, mean = 187.0 (flags = 0x41)
0    -O                                                                        (1 = 50.0%)
1    ... 
318  -O                                                                        (1 = 50.0%) {50.0%}
378  ... 

Histogram: SafeBrowsing.CheckUrl.Timeout recorded 2 samples, mean = 0.0 (flags = 0x41)
0  --O                                                                       (2 = 100.0%)
1  ... 

Histogram: SafeBrowsing.CheckUrl.UrlScheme recorded 2 samples, mean = 10.0 (flags = 0x41)
0   ... 
10  --O                                                                       (2 = 100.0%) {0.0%}
11  ... 

Histogram: SafeBrowsing.ClientSidePhishingDetection.AllowlistMatchResult recorded 1 samples, mean = 1.0 (flags = 0x41)
0  O                                                                         (0 = 0.0%)
1  -O                                                                        (1 = 100.0%) {0.0%}
2  ... 

Histogram: SafeBrowsing.Daily.BypassCountLast28Days.StandardProtection.AllEvents recorded 1 samples, mean = 0.0 (flags = 0x41)
0  -O                                                                        (1 = 100.0%)
1  ... 

Histogram: SafeBrowsing.Daily.SecuritySensitiveCountLast28Days.StandardProtection.AllEvents recorded 1 samples, mean = 0.0 (flags = 0x41)
0  -O                                                                        (1 = 100.0%)
1  ... 

Histogram: SafeBrowsing.FileTypeUpdate.DynamicUpdateResult recorded 1 samples (flags = 0x41)
1  -O                                                                        (1 = 100.0%)

Histogram: SafeBrowsing.FileTypeUpdate.DynamicUpdateVersion recorded 1 samples (flags = 0x41)
69  -O                                                                        (1 = 100.0%)

Histogram: SafeBrowsing.FileTypeUpdate.ResourceBundleResult recorded 1 samples (flags = 0x41)
1  -O                                                                        (1 = 100.0%)

Histogram: SafeBrowsing.FileTypeUpdate.ResourceBundleVersion recorded 1 samples (flags = 0x41)
66  -O                                                                        (1 = 100.0%)

Histogram: SafeBrowsing.HPRT.Cache.FullHashCount recorded 3 samples, mean = 0.0 (flags = 0x41)
0  ---O                                                                      (3 = 100.0%)
1  ... 

Histogram: SafeBrowsing.HPRT.Cache.HashPrefixCount recorded 3 samples, mean = 0.0 (flags = 0x41)
0  ---O                                                                      (3 = 100.0%)
1  ... 

Histogram: SafeBrowsing.HPRT.Ineligible.FeatureOff recorded 1 samples, mean = 0.0 (flags = 0x41)
0  -O                                                                        (1 = 100.0%)
1  ... 

Histogram: SafeBrowsing.HPRT.Ineligible.IneligibleForLocation recorded 1 samples, mean = 0.0 (flags = 0x41)
0  -O                                                                        (1 = 100.0%)
1  ... 

Histogram: SafeBrowsing.HPRT.Ineligible.IneligibleForSessionOrLocation recorded 1 samples, mean = 1.0 (flags = 0x41)
0  O                                                                         (0 = 0.0%)
1  -O                                                                        (1 = 100.0%) {0.0%}
2  O                                                                         (0 = 0.0%) {100.0%}

Histogram: SafeBrowsing.HPRT.Ineligible.NoGoogleChromeBranding recorded 1 samples, mean = 1.0 (flags = 0x41)
0  O                                                                         (0 = 0.0%)
1  -O                                                                        (1 = 100.0%) {0.0%}
2  O                                                                         (0 = 0.0%) {100.0%}

Histogram: SafeBrowsing.HPRT.Ineligible.NotAllowedByPolicy recorded 1 samples, mean = 0.0 (flags = 0x41)
0  -O                                                                        (1 = 100.0%)
1  ... 

Histogram: SafeBrowsing.HPRT.Ineligible.NotStandardProtection recorded 1 samples, mean = 0.0 (flags = 0x41)
0  -O                                                                        (1 = 100.0%)
1  ... 

Histogram: SafeBrowsing.HPRT.Ineligible.OffTheRecord recorded 1 samples, mean = 0.0 (flags = 0x41)
0  -O                                                                        (1 = 100.0%)
1  ... 

Histogram: SafeBrowsing.HasCookieAtStartup2 recorded 1 samples, mean = 0.0 (flags = 0x41)
0  -O                                                                        (1 = 100.0%)
1  ... 

Histogram: SafeBrowsing.PageLoadToken.TokenCount recorded 3 samples, mean = 0.0 (flags = 0x41)
0  ---O                                                                      (3 = 100.0%)
1  ... 

Histogram: SafeBrowsing.Pref.Daily.Extended recorded 1 samples, mean = 0.0 (flags = 0x41)
0  -O                                                                        (1 = 100.0%)
1  ... 

Histogram: SafeBrowsing.Pref.Daily.PasswordLeakToggle recorded 1 samples, mean = 1.0 (flags = 0x41)
0  O                                                                         (0 = 0.0%)
1  -O                                                                        (1 = 100.0%) {0.0%}
2  O                                                                         (0 = 0.0%) {100.0%}

Histogram: SafeBrowsing.Pref.Daily.SafeBrowsingModeManaged recorded 1 samples, mean = 0.0 (flags = 0x41)
0  -O                                                                        (1 = 100.0%)
1  ... 

Histogram: SafeBrowsing.Pref.Daily.SafeBrowsingState recorded 1 samples, mean = 1.0 (flags = 0x41)
0  O                                                                         (0 = 0.0%)
1  -O                                                                        (1 = 100.0%) {0.0%}
2  ... 

Histogram: SafeBrowsing.Pref.Enhanced recorded 1 samples, mean = 0.0 (flags = 0x41)
0  -O                                                                        (1 = 100.0%)
1  ... 

Histogram: SafeBrowsing.Pref.Enhanced.RegularProfile recorded 1 samples, mean = 0.0 (flags = 0x41)
0  -O                                                                        (1 = 100.0%)
1  ... 

Histogram: SafeBrowsing.Pref.Extended recorded 1 samples, mean = 0.0 (flags = 0x41)
0  -O                                                                        (1 = 100.0%)
1  ... 

Histogram: SafeBrowsing.Pref.General recorded 1 samples, mean = 1.0 (flags = 0x41)
0  O                                                                         (0 = 0.0%)
1  -O                                                                        (1 = 100.0%) {0.0%}
2  O                                                                         (0 = 0.0%) {100.0%}

Histogram: SafeBrowsing.RT.CacheManager.CleanUpTime recorded 3 samples, mean = 0.0 (flags = 0x41)
0  ---O                                                                      (3 = 100.0%)
1  ... 

Histogram: SafeBrowsing.RT.CanCheckDatabase recorded 2 samples, mean = 1.0 (flags = 0x41)
0  O                                                                         (0 = 0.0%)
1  --O                                                                       (2 = 100.0%) {0.0%}
2  O                                                                         (0 = 0.0%) {100.0%}

Histogram: SafeBrowsing.RT.ConsumerVersionReason recorded 2 samples, mean = 1.0 (flags = 0x41)
0  -O                                                                        (1 = 50.0%)
1  O                                                                         (0 = 0.0%) {50.0%}
2  -O                                                                        (1 = 50.0%) {50.0%}
3  ... 

Histogram: SafeBrowsing.RendererThrottle.IsCheckCompletedOnProcessResponse recorded 47 samples, mean = 1.0 (flags = 0x41)
0  O                                                                         (0 = 0.0%)
1  -----------------------------------------------O                          (47 = 100.0%) {0.0%}
2  O                                                                         (0 = 0.0%) {100.0%}

Histogram: SafeBrowsing.RendererThrottle.RequestDestination recorded 51 samples, mean = 10.2 (flags = 0x41)
0   ------O                                                                   (6 = 11.8%)
1   ... 
5   ---------O                                                                (9 = 17.6%) {11.8%}
6   ... 
8   --O                                                                       (2 = 3.9%) {29.4%}
9   -O                                                                        (1 = 2.0%) {33.3%}
10  ... 
13  --------------------------O                                               (26 = 51.0%) {35.3%}
14  ... 
16  -------O                                                                  (7 = 13.7%) {86.3%}
17  ... 

Histogram: SafeBrowsing.V4Database.Size recorded 1 samples, mean = 0.0 (flags = 0x41)
0  -O                                                                        (1 = 100.0%)
1  ... 

Histogram: SafeBrowsing.V4Database.Size.ChromeExtMalware recorded 1 samples, mean = 0.0 (flags = 0x41)
0  -O                                                                        (1 = 100.0%)
1  ... 

Histogram: SafeBrowsing.V4Database.Size.UrlBilling recorded 1 samples, mean = 0.0 (flags = 0x41)
0  -O                                                                        (1 = 100.0%)
1  ... 

Histogram: SafeBrowsing.V4Database.Size.UrlCsdDownloadAllowlist recorded 1 samples, mean = 0.0 (flags = 0x41)
0  -O                                                                        (1 = 100.0%)
1  ... 

Histogram: SafeBrowsing.V4Database.Size.UrlMalBin recorded 1 samples, mean = 0.0 (flags = 0x41)
0  -O                                                                        (1 = 100.0%)
1  ... 

Histogram: SafeBrowsing.V4Database.Size.UrlMalware recorded 1 samples, mean = 0.0 (flags = 0x41)
0  -O                                                                        (1 = 100.0%)
1  ... 

Histogram: SafeBrowsing.V4Database.Size.UrlSoceng recorded 1 samples, mean = 0.0 (flags = 0x41)
0  -O                                                                        (1 = 100.0%)
1  ... 

Histogram: SafeBrowsing.V4Database.Size.UrlUws recorded 1 samples, mean = 0.0 (flags = 0x41)
0  -O                                                                        (1 = 100.0%)
1  ... 

Histogram: SafeBrowsing.V4Database.SizeLinear recorded 1 samples, mean = 0.0 (flags = 0x41)
0  -O                                                                        (1 = 100.0%)
1  ... 

Histogram: SafeBrowsing.V4Database.SizeLinear.ChromeExtMalware recorded 1 samples, mean = 0.0 (flags = 0x41)
0  -O                                                                        (1 = 100.0%)
1  ... 

Histogram: SafeBrowsing.V4Database.SizeLinear.UrlMalBin recorded 1 samples, mean = 0.0 (flags = 0x41)
0  -O                                                                        (1 = 100.0%)
1  ... 

Histogram: SafeBrowsing.V4Database.SizeLinear.UrlSoceng recorded 1 samples, mean = 0.0 (flags = 0x41)
0  -O                                                                        (1 = 100.0%)
1  ... 

Histogram: SafeBrowsing.V4DatabaseInitializationTime recorded 1 samples, mean = 3668.0 (flags = 0x41)
0     ... 
3553  -O                                                                        (1 = 100.0%) {0.0%}
4222  ... 

Histogram: SafeBrowsing.V4Store.IsStoreValid recorded 7 samples, mean = 0.0 (flags = 0x41)
0  -------O                                                                  (7 = 100.0%)
1  ... 

Histogram: SafeBrowsing.V4Store.IsStoreValid.ChromeExtMalware recorded 1 samples, mean = 0.0 (flags = 0x41)
0  -O                                                                        (1 = 100.0%)
1  ... 

Histogram: SafeBrowsing.V4Store.IsStoreValid.UrlBilling recorded 1 samples, mean = 0.0 (flags = 0x41)
0  -O                                                                        (1 = 100.0%)
1  ... 

Histogram: SafeBrowsing.V4Store.IsStoreValid.UrlCsdDownloadAllowlist recorded 1 samples, mean = 0.0 (flags = 0x41)
0  -O                                                                        (1 = 100.0%)
1  ... 

Histogram: SafeBrowsing.V4Store.IsStoreValid.UrlMalBin recorded 1 samples, mean = 0.0 (flags = 0x41)
0  -O                                                                        (1 = 100.0%)
1  ... 

Histogram: SafeBrowsing.V4Store.IsStoreValid.UrlMalware recorded 1 samples, mean = 0.0 (flags = 0x41)
0  -O                                                                        (1 = 100.0%)
1  ... 

Histogram: SafeBrowsing.V4Store.IsStoreValid.UrlSoceng recorded 1 samples, mean = 0.0 (flags = 0x41)
0  -O                                                                        (1 = 100.0%)
1  ... 

Histogram: SafeBrowsing.V4Store.IsStoreValid.UrlUws recorded 1 samples, mean = 0.0 (flags = 0x41)
0  -O                                                                        (1 = 100.0%)
1  ... 

Histogram: SafeBrowsing.V4Store.ReadyOnStartup recorded 7 samples, mean = 0.0 (flags = 0x41)
0  -------O                                                                  (7 = 100.0%)
1  ... 

Histogram: SafeBrowsing.V4StoreRead.Result recorded 7 samples, mean = 2.0 (flags = 0x41)
0  ... 
2  -------O                                                                  (7 = 100.0%) {0.0%}
3  ... 

Histogram: SafeBrowsing.V4Update.Network.Result recorded 2 samples (flags = 0x41)
400  --O                                                                       (2 = 100.0%)

Histogram: SafeBrowsing.V4Update.Result recorded 2 samples, mean = 2.0 (flags = 0x41)
0  ... 
2  --O                                                                       (2 = 100.0%) {0.0%}
3  ... 

Histogram: Scheduling.MessagePumpTimeKeeper.BrowserIO recorded 0 samples (flags = 0x41)
0 ... 

Histogram: Scheduling.MessagePumpTimeKeeper.BrowserUI recorded 0 samples (flags = 0x41)
0 ... 

Histogram: Scheduling.Renderer.DrawInterval2 recorded 1 samples, mean = 39478.0 (flags = 0x41)
0      ... 
38462  -O                                                                        (1 = 100.0%) {0.0%}
40000  ... 

Histogram: Scheduling.ThreadController.ActiveIntervalDuration.Any.BrowserIO recorded 1 samples, mean = 0.0 (flags = 0x41)
0  -O                                                                        (1 = 100.0%)
1  ... 

Histogram: Scheduling.ThreadController.ActiveIntervalDuration.Any.BrowserUI recorded 35 samples, mean = 0.0 (flags = 0x41)
0  -----------------------------------O                                      (35 = 100.0%)
1  ... 

Histogram: Scheduling.ThreadController.ActiveIntervalDuration.Any.Other recorded 35 samples, mean = 0.0 (flags = 0x41)
0  -----------------------------------O                                      (35 = 100.0%)
1  ... 

Histogram: Scheduling.ThreadController.ActiveIntervalDuration.Short.BrowserIO recorded 1 samples, mean = 30.0 (flags = 0x41)
0   ... 
29  -O                                                                        (1 = 100.0%) {0.0%}
31  ... 

Histogram: Scheduling.ThreadController.ActiveIntervalDuration.Short.BrowserUI recorded 35 samples, mean = 0.4 (flags = 0x41)
0  --------------------O                                                     (20 = 57.1%)
1  ---------------O                                                          (15 = 42.9%) {57.1%}
2  ... 

Histogram: Scheduling.ThreadController.ActiveIntervalDuration.Short.Other recorded 35 samples, mean = 55.5 (flags = 0x41)
0    ... 
8    ---O                                                                      (3 = 8.6%) {0.0%}
9    -O                                                                        (1 = 2.9%) {8.6%}
10   -O                                                                        (1 = 2.9%) {11.4%}
11   -O                                                                        (1 = 2.9%) {14.3%}
12   -O                                                                        (1 = 2.9%) {17.1%}
13   -O                                                                        (1 = 2.9%) {20.0%}
14   --O                                                                       (2 = 5.7%) {22.9%}
15   ... 
20   -O                                                                        (1 = 2.9%) {28.6%}
21   O                                                                         (0 = 0.0%) {31.4%}
22   -O                                                                        (1 = 2.9%) {31.4%}
23   --O                                                                       (2 = 5.7%) {34.3%}
24   ... 
26   -O                                                                        (1 = 2.9%) {40.0%}
27   ... 
31   -O                                                                        (1 = 2.9%) {42.9%}
33   -O                                                                        (1 = 2.9%) {45.7%}
35   O                                                                         (0 = 0.0%) {48.6%}
37   --O                                                                       (2 = 5.7%) {48.6%}
39   -O                                                                        (1 = 2.9%) {54.3%}
41   --O                                                                       (2 = 5.7%) {57.1%}
43   ---O                                                                      (3 = 8.6%) {62.9%}
45   -O                                                                        (1 = 2.9%) {71.4%}
47   ... 
52   -O                                                                        (1 = 2.9%) {74.3%}
55   -O                                                                        (1 = 2.9%) {77.1%}
58   ... 
64   -O                                                                        (1 = 2.9%) {80.0%}
67   ... 
90   -O                                                                        (1 = 2.9%) {82.9%}
95   ... 
116  -O                                                                        (1 = 2.9%) {85.7%}
122  -O                                                                        (1 = 2.9%) {88.6%}
128  -O                                                                        (1 = 2.9%) {91.4%}
135  ... 
149  -O                                                                        (1 = 2.9%) {94.3%}
157  ... 
471  -O                                                                        (1 = 2.9%) {97.1%}
495  ... 

Histogram: Scheduling.ThreadController.ActiveIntervalOffCpuDuration.Any.BrowserIO recorded 1 samples, mean = 0.0 (flags = 0x41)
0  -O                                                                        (1 = 100.0%)
1  ... 

Histogram: Scheduling.ThreadController.ActiveIntervalOffCpuDuration.Any.BrowserUI recorded 35 samples, mean = 0.0 (flags = 0x41)
0  -----------------------------------O                                      (35 = 100.0%)
1  ... 

Histogram: Scheduling.ThreadController.ActiveIntervalOffCpuDuration.Any.Other recorded 35 samples, mean = 0.0 (flags = 0x41)
0  -----------------------------------O                                      (35 = 100.0%)
1  ... 

Histogram: Scheduling.ThreadController.ActiveIntervalOffCpuDuration.Short.BrowserIO recorded 1 samples, mean = 0.0 (flags = 0x41)
0  -O                                                                        (1 = 100.0%)
1  ... 

Histogram: Scheduling.ThreadController.ActiveIntervalOffCpuDuration.Short.BrowserUI recorded 35 samples, mean = 0.3 (flags = 0x41)
0  -----------------------O                                                  (23 = 65.7%)
1  ------------O                                                             (12 = 34.3%) {65.7%}
2  ... 

Histogram: Scheduling.ThreadController.ActiveIntervalOffCpuDuration.Short.Other recorded 35 samples, mean = 5.3 (flags = 0x41)
0   --O                                                                       (2 = 5.7%)
1   ----------------------O                                                   (22 = 62.9%) {5.7%}
2   ---O                                                                      (3 = 8.6%) {68.6%}
3   ... 
6   -O                                                                        (1 = 2.9%) {77.1%}
7   O                                                                         (0 = 0.0%) {80.0%}
8   -O                                                                        (1 = 2.9%) {80.0%}
9   ... 
14  -O                                                                        (1 = 2.9%) {82.9%}
15  ... 
18  -O                                                                        (1 = 2.9%) {85.7%}
19  ... 
21  -O                                                                        (1 = 2.9%) {88.6%}
22  -O                                                                        (1 = 2.9%) {91.4%}
23  ... 
25  -O                                                                        (1 = 2.9%) {94.3%}
26  ... 
43  -O                                                                        (1 = 2.9%) {97.1%}
45  ... 

Histogram: Scheduling.ThreadController.ActiveIntervalOnCpuDuration.Any.BrowserIO recorded 1 samples, mean = 0.0 (flags = 0x41)
0  -O                                                                        (1 = 100.0%)
1  ... 

Histogram: Scheduling.ThreadController.ActiveIntervalOnCpuDuration.Any.BrowserUI recorded 35 samples, mean = 0.0 (flags = 0x41)
0  -----------------------------------O                                      (35 = 100.0%)
1  ... 

Histogram: Scheduling.ThreadController.ActiveIntervalOnCpuDuration.Any.Other recorded 35 samples, mean = 0.0 (flags = 0x41)
0  -----------------------------------O                                      (35 = 100.0%)
1  ... 

Histogram: Scheduling.ThreadController.ActiveIntervalOnCpuDuration.Short.BrowserIO recorded 1 samples, mean = 30.0 (flags = 0x41)
0   ... 
29  -O                                                                        (1 = 100.0%) {0.0%}
31  ... 

Histogram: Scheduling.ThreadController.ActiveIntervalOnCpuDuration.Short.BrowserUI recorded 35 samples, mean = 0.1 (flags = 0x41)
0  --------------------------------O                                         (32 = 91.4%)
1  ---O                                                                      (3 = 8.6%) {91.4%}
2  ... 

Histogram: Scheduling.ThreadController.ActiveIntervalOnCpuDuration.Short.Other recorded 35 samples, mean = 50.2 (flags = 0x41)
0    -O                                                                        (1 = 2.9%)
1    ... 
7    ---O                                                                      (3 = 8.6%) {2.9%}
8    --O                                                                       (2 = 5.7%) {11.4%}
9    O                                                                         (0 = 0.0%) {17.1%}
10   -O                                                                        (1 = 2.9%) {17.1%}
11   -O                                                                        (1 = 2.9%) {20.0%}
12   -O                                                                        (1 = 2.9%) {22.9%}
13   -O                                                                        (1 = 2.9%) {25.7%}
14   ... 
18   -O                                                                        (1 = 2.9%) {28.6%}
19   ... 
21   -O                                                                        (1 = 2.9%) {31.4%}
22   --O                                                                       (2 = 5.7%) {34.3%}
23   ... 
25   -O                                                                        (1 = 2.9%) {40.0%}
26   ... 
29   -O                                                                        (1 = 2.9%) {42.9%}
31   -O                                                                        (1 = 2.9%) {45.7%}
33   -O                                                                        (1 = 2.9%) {48.6%}
35   O                                                                         (0 = 0.0%) {51.4%}
37   --O                                                                       (2 = 5.7%) {51.4%}
39   -O                                                                        (1 = 2.9%) {57.1%}
41   --O                                                                       (2 = 5.7%) {60.0%}
43   ---O                                                                      (3 = 8.6%) {65.7%}
45   ... 
49   -O                                                                        (1 = 2.9%) {74.3%}
52   O                                                                         (0 = 0.0%) {77.1%}
55   -O                                                                        (1 = 2.9%) {77.1%}
58   O                                                                         (0 = 0.0%) {80.0%}
61   -O                                                                        (1 = 2.9%) {80.0%}
64   ... 
86   -O                                                                        (1 = 2.9%) {82.9%}
90   O                                                                         (0 = 0.0%) {85.7%}
95   -O                                                                        (1 = 2.9%) {85.7%}
100  -O                                                                        (1 = 2.9%) {88.6%}
105  --O                                                                       (2 = 5.7%) {91.4%}
110  ... 
471  -O                                                                        (1 = 2.9%) {97.1%}
495  ... 

Histogram: Scheduling.ThreadController.ActiveIntervalOnCpuPercentage.Any.BrowserIO recorded 1 samples, mean = 100.0 (flags = 0x41)
0    ... 
100  -O                                                                        (1 = 100.0%) {0.0%}
101  O                                                                         (0 = 0.0%) {100.0%}

Histogram: Scheduling.ThreadController.ActiveIntervalOnCpuPercentage.Any.BrowserUI recorded 35 samples, mean = 65.7 (flags = 0x41)
0    ------------O                                                             (12 = 34.3%)
1    ... 
100  -----------------------O                                                  (23 = 65.7%) {34.3%}
101  O                                                                         (0 = 0.0%) {100.0%}

Histogram: Scheduling.ThreadController.ActiveIntervalOnCpuPercentage.Any.Other recorded 35 samples, mean = 89.0 (flags = 0x41)
0    -O                                                                        (1 = 2.9%)
1    ... 
70   -O                                                                        (1 = 2.9%) {2.9%}
71   ... 
78   -O                                                                        (1 = 2.9%) {5.7%}
79   O                                                                         (0 = 0.0%) {8.6%}
80   --O                                                                       (2 = 5.7%) {8.6%}
81   O                                                                         (0 = 0.0%) {14.3%}
82   -O                                                                        (1 = 2.9%) {14.3%}
83   -O                                                                        (1 = 2.9%) {17.1%}
84   ... 
87   ---O                                                                      (3 = 8.6%) {20.0%}
88   -O                                                                        (1 = 2.9%) {28.6%}
89   O                                                                         (0 = 0.0%) {31.4%}
90   --O                                                                       (2 = 5.7%) {31.4%}
91   -O                                                                        (1 = 2.9%) {37.1%}
92   --O                                                                       (2 = 5.7%) {40.0%}
93   -O                                                                        (1 = 2.9%) {45.7%}
94   O                                                                         (0 = 0.0%) {48.6%}
95   ----O                                                                     (4 = 11.4%) {48.6%}
96   --O                                                                       (2 = 5.7%) {60.0%}
97   -------O                                                                  (7 = 20.0%) {65.7%}
98   ---O                                                                      (3 = 8.6%) {85.7%}
99   O                                                                         (0 = 0.0%) {94.3%}
100  --O                                                                       (2 = 5.7%) {94.3%}
101  O                                                                         (0 = 0.0%) {100.0%}

Histogram: Scheduling.ThreadController.ActiveIntervalOnCpuPercentage.Short.BrowserIO recorded 1 samples, mean = 100.0 (flags = 0x41)
0    ... 
100  -O                                                                        (1 = 100.0%) {0.0%}
101  O                                                                         (0 = 0.0%) {100.0%}

Histogram: Scheduling.ThreadController.ActiveIntervalOnCpuPercentage.Short.BrowserUI recorded 35 samples, mean = 65.7 (flags = 0x41)
0    ------------O                                                             (12 = 34.3%)
1    ... 
100  -----------------------O                                                  (23 = 65.7%) {34.3%}
101  O                                                                         (0 = 0.0%) {100.0%}

Histogram: Scheduling.ThreadController.ActiveIntervalOnCpuPercentage.Short.Other recorded 35 samples, mean = 89.0 (flags = 0x41)
0    -O                                                                        (1 = 2.9%)
1    ... 
70   -O                                                                        (1 = 2.9%) {2.9%}
71   ... 
78   -O                                                                        (1 = 2.9%) {5.7%}
79   O                                                                         (0 = 0.0%) {8.6%}
80   --O                                                                       (2 = 5.7%) {8.6%}
81   O                                                                         (0 = 0.0%) {14.3%}
82   -O                                                                        (1 = 2.9%) {14.3%}
83   -O                                                                        (1 = 2.9%) {17.1%}
84   ... 
87   ---O                                                                      (3 = 8.6%) {20.0%}
88   -O                                                                        (1 = 2.9%) {28.6%}
89   O                                                                         (0 = 0.0%) {31.4%}
90   --O                                                                       (2 = 5.7%) {31.4%}
91   -O                                                                        (1 = 2.9%) {37.1%}
92   --O                                                                       (2 = 5.7%) {40.0%}
93   -O                                                                        (1 = 2.9%) {45.7%}
94   O                                                                         (0 = 0.0%) {48.6%}
95   ----O                                                                     (4 = 11.4%) {48.6%}
96   --O                                                                       (2 = 5.7%) {60.0%}
97   -------O                                                                  (7 = 20.0%) {65.7%}
98   ---O                                                                      (3 = 8.6%) {85.7%}
99   O                                                                         (0 = 0.0%) {94.3%}
100  --O                                                                       (2 = 5.7%) {94.3%}
101  O                                                                         (0 = 0.0%) {100.0%}

Histogram: Scheduling.ThreadController.IdleDuration.Any.BrowserIO recorded 1 samples, mean = 0.0 (flags = 0x41)
0  -O                                                                        (1 = 100.0%)
1  ... 

Histogram: Scheduling.ThreadController.IdleDuration.Any.BrowserUI recorded 35 samples, mean = 0.0 (flags = 0x41)
0  -----------------------------------O                                      (35 = 100.0%)
1  ... 

Histogram: Scheduling.ThreadController.IdleDuration.Any.Other recorded 30 samples, mean = 43954.1 (flags = 0x41)
0      -----------O                                                              (11 = 36.7%)
1      -O                                                                        (1 = 3.3%) {36.7%}
2      ... 
6      -O                                                                        (1 = 3.3%) {40.0%}
7      -O                                                                        (1 = 3.3%) {43.3%}
8      ... 
81     --O                                                                       (2 = 6.7%) {46.7%}
96     ---O                                                                      (3 = 10.0%) {53.3%}
114    ... 
160    -O                                                                        (1 = 3.3%) {63.3%}
190    ... 
894    ------O                                                                   (6 = 20.0%) {66.7%}
1062   O                                                                         (0 = 0.0%) {86.7%}
1262   -O                                                                        (1 = 3.3%) {86.7%}
1500   ... 
2516   -O                                                                        (1 = 3.3%) {90.0%}
2990   O                                                                         (0 = 0.0%) {93.3%}
3553   -O                                                                        (1 = 3.3%) {93.3%}
4222   ... 
10000  -O                                                                        (1 = 3.3%) {96.7%}

Histogram: Scheduling.ThreadController.IdleDuration.Medium.Other recorded 6 samples, mean = 49.7 (flags = 0x41)
0   O                                                                         (0 = 0.0%)
1   -O                                                                        (1 = 16.7%) {0.0%}
2   ... 
6   -O                                                                        (1 = 16.7%) {16.7%}
7   -O                                                                        (1 = 16.7%) {33.3%}
8   ... 
92  -O                                                                        (1 = 16.7%) {50.0%}
93  -O                                                                        (1 = 16.7%) {66.7%}
94  ... 
98  -O                                                                        (1 = 16.7%) {83.3%}
100 O                                                                         (0 = 0.0%) {100.0%}

Histogram: Scheduling.ThreadController.IdleDuration.Short.BrowserIO recorded 1 samples, mean = 64.0 (flags = 0x41)
0   ... 
64  -O                                                                        (1 = 100.0%) {0.0%}
67  ... 

Histogram: Scheduling.ThreadController.IdleDuration.Short.BrowserUI recorded 35 samples, mean = 4.0 (flags = 0x41)
0   ... 
2   -----------------------------O                                            (29 = 82.9%) {0.0%}
3   --O                                                                       (2 = 5.7%) {82.9%}
4   ... 
7   -O                                                                        (1 = 2.9%) {88.6%}
8   -O                                                                        (1 = 2.9%) {91.4%}
9   ... 
22  -O                                                                        (1 = 2.9%) {94.3%}
23  ... 
39  -O                                                                        (1 = 2.9%) {97.1%}
41  ... 

Histogram: Scheduling.ThreadController.IdleDuration.Short.Other recorded 11 samples, mean = 137.8 (flags = 0x41)
0    ... 
20   -O                                                                        (1 = 9.1%) {0.0%}
21   ... 
33   -O                                                                        (1 = 9.1%) {9.1%}
35   ... 
41   -O                                                                        (1 = 9.1%) {18.2%}
43   ... 
49   -O                                                                        (1 = 9.1%) {27.3%}
52   ... 
90   -O                                                                        (1 = 9.1%) {36.4%}
95   ... 
173  -O                                                                        (1 = 9.1%) {45.5%}
182  --O                                                                       (2 = 18.2%) {54.5%}
191  -O                                                                        (1 = 9.1%) {72.7%}
201  O                                                                         (0 = 0.0%) {81.8%}
211  -O                                                                        (1 = 9.1%) {81.8%}
222  ... 
300  -O                                                                        (1 = 9.1%) {90.9%}
315  ... 

Histogram: Search.ChoiceReprompt recorded 1 samples, mean = 6.0 (flags = 0x41)
0  ... 
6  -O                                                                        (1 = 100.0%) {0.0%}
7  O                                                                         (0 = 0.0%) {100.0%}

Histogram: Search.DefaultSearchProviderType2 recorded 1 samples, mean = 14.0 (flags = 0x41)
0   ... 
14  -O                                                                        (1 = 100.0%) {0.0%}
15  ... 

Histogram: Search.SearchProviderOverrideStatus recorded 2 samples, mean = 0.0 (flags = 0x41)
0  --O                                                                       (2 = 100.0%)
1  ... 

Histogram: Security.GwpAsan.Activated.Malloc.Browser recorded 1 samples, mean = 0.0 (flags = 0x41)
0  -O                                                                        (1 = 100.0%)
1  ... 

Histogram: Security.GwpAsan.Activated.PartitionAlloc.Browser recorded 1 samples, mean = 0.0 (flags = 0x41)
0  -O                                                                        (1 = 100.0%)
1  ... 

Histogram: Security.HttpsFirstMode.SettingEnabledAtStartup recorded 1 samples, mean = 0.0 (flags = 0x41)
0  -O                                                                        (1 = 100.0%)
1  ... 

Histogram: Security.JSONParser.ChromiumExtensionUsage recorded 1 samples, mean = 1.0 (flags = 0x41)
0  O                                                                         (0 = 0.0%)
1  -O                                                                        (1 = 100.0%) {0.0%}
2  ... 

Histogram: Security.JSONParser.ParsingTime recorded 116 samples, mean = 14.2 (flags = 0x41)
0    --------------------O                                                     (20 = 17.2%)
1    ------------------------------------------------O                         (48 = 41.4%) {17.2%}
2    -----O                                                                    (5 = 4.3%) {58.6%}
3    ----O                                                                     (4 = 3.4%) {62.9%}
4    ---O                                                                      (3 = 2.6%) {66.4%}
5    -----------O                                                              (11 = 9.5%) {69.0%}
7    --O                                                                       (2 = 1.7%) {78.4%}
9    ---------O                                                                (9 = 7.8%) {80.2%}
12   -O                                                                        (1 = 0.9%) {87.9%}
16   -O                                                                        (1 = 0.9%) {88.8%}
21   O                                                                         (0 = 0.0%) {89.7%}
28   ---O                                                                      (3 = 2.6%) {89.7%}
37   ---O                                                                      (3 = 2.6%) {92.2%}
49   --O                                                                       (2 = 1.7%) {94.8%}
65   --O                                                                       (2 = 1.7%) {96.6%}
86   ... 
196  -O                                                                        (1 = 0.9%) {98.3%}
258  ... 
590  -O                                                                        (1 = 0.9%) {99.1%}
777  ... 

Histogram: Security.NavigationRequestSecurityLevel recorded 2 samples, mean = 1.0 (flags = 0x41)
0  O                                                                         (0 = 0.0%)
1  --O                                                                       (2 = 100.0%) {0.0%}
2  ... 

Histogram: Security.PageEndReason.SECURE recorded 1 samples, mean = 6.0 (flags = 0x41)
0  ... 
6  -O                                                                        (1 = 100.0%) {0.0%}
7  ... 

Histogram: Security.PageEndReason.SafetyTip_None recorded 1 samples, mean = 6.0 (flags = 0x41)
0  ... 
6  -O                                                                        (1 = 100.0%) {0.0%}
7  ... 

Histogram: Security.PrivateNetworkAccess.CheckResult recorded 55 samples, mean = 2.5 (flags = 0x41)
0   ------O                                                                   (6 = 10.9%)
1   -----------------------------------------O                                (41 = 74.5%) {10.9%}
2   ... 
12  --------O                                                                 (8 = 14.5%) {85.5%}
13  O                                                                         (0 = 0.0%) {100.0%}

Histogram: Security.SCTAuditing.NumPersistedReportsLoaded recorded 1 samples, mean = 0.0 (flags = 0x41)
0  -O                                                                        (1 = 100.0%)
1  ... 

Histogram: Security.SafetyTips.GetReputationStatusWithEngagedSitesTime recorded 1 samples, mean = 0.0 (flags = 0x41)
0  -O                                                                        (1 = 100.0%)
1  ... 

Histogram: Security.SafetyTips.ReputationCheckComplete.DidFinishNavigation recorded 1 samples, mean = 1.0 (flags = 0x41)
0  O                                                                         (0 = 0.0%)
1  -O                                                                        (1 = 100.0%) {0.0%}
2  ... 

Histogram: Security.SafetyTips.SafetyTipShown recorded 1 samples, mean = 1.0 (flags = 0x41)
0  O                                                                         (0 = 0.0%)
1  -O                                                                        (1 = 100.0%) {0.0%}
2  ... 

Histogram: Security.SafetyTips.StatusWithInitiator.Unknown recorded 1 samples, mean = 1.0 (flags = 0x41)
0  O                                                                         (0 = 0.0%)
1  -O                                                                        (1 = 100.0%) {0.0%}
2  ... 

Histogram: Security.SecurityLevel.OnCommit recorded 1 samples, mean = 3.0 (flags = 0x41)
0  ... 
3  -O                                                                        (1 = 100.0%) {0.0%}
4  ... 

Histogram: Security.SecurityLevel.OnComplete recorded 1 samples, mean = 3.0 (flags = 0x41)
0  ... 
3  -O                                                                        (1 = 100.0%) {0.0%}
4  ... 

Histogram: Security.SiteEngagement.SECURE recorded 1 samples, mean = 22.0 (flags = 0x41)
0   ... 
22  -O                                                                        (1 = 100.0%) {0.0%}
23  ... 

Histogram: Security.SiteEngagement.SafetyTip_None recorded 1 samples, mean = 22.0 (flags = 0x41)
0   ... 
22  -O                                                                        (1 = 100.0%) {0.0%}
23  ... 

Histogram: Security.TimeOnPage2.SECURE recorded 1 samples, mean = 2207514.0 (flags = 0x41)
0        ... 
2028194  -O                                                                        (1 = 100.0%) {0.0%}
2341034  ... 

Histogram: Security.TimeOnPage2.SafetyTip_None recorded 1 samples, mean = 2207514.0 (flags = 0x41)
0        ... 
2028194  -O                                                                        (1 = 100.0%) {0.0%}
2341034  ... 

Histogram: SegmentationPlatform.Database.RemoveUrls recorded 1 samples, mean = 1.0 (flags = 0x41)
0  O                                                                         (0 = 0.0%)
1  -O                                                                        (1 = 100.0%) {0.0%}
2  ... 

Histogram: SegmentationPlatform.Database.UpdateUrlForUkmSource recorded 6 samples, mean = 0.2 (flags = 0x41)
0  -----O                                                                    (5 = 83.3%)
1  -O                                                                        (1 = 16.7%) {83.3%}
2  ... 

Histogram: SegmentationPlatform.Init.ProcessCreationToServiceCreationLatency recorded 1 samples, mean = 7962636.0 (flags = 0x41)
0       ... 
180000  -O                                                                        (1 = 100.0%) {0.0%}

Histogram: SegmentationPlatform.SelectionFailedReason.ChromeLowUserEngagement recorded 2 samples, mean = 13.5 (flags = 0x41)
0   ... 
10  -O                                                                        (1 = 50.0%) {0.0%}
11  ... 
17  -O                                                                        (1 = 50.0%) {50.0%}
18  ... 

Histogram: SegmentationPlatform.SelectionFailedReason.ComposePromotion recorded 2 samples, mean = 13.5 (flags = 0x41)
0   ... 
10  -O                                                                        (1 = 50.0%) {0.0%}
11  ... 
17  -O                                                                        (1 = 50.0%) {50.0%}
18  ... 

Histogram: SegmentationPlatform.SelectionFailedReason.CrossDeviceUser recorded 2 samples, mean = 13.0 (flags = 0x41)
0   ... 
10  -O                                                                        (1 = 50.0%) {0.0%}
11  ... 
16  -O                                                                        (1 = 50.0%) {50.0%}
17  ... 

Histogram: SegmentationPlatform.SelectionFailedReason.DatabaseApiClients recorded 2 samples, mean = 13.5 (flags = 0x41)
0   ... 
10  -O                                                                        (1 = 50.0%) {0.0%}
11  ... 
17  -O                                                                        (1 = 50.0%) {50.0%}
18  ... 

Histogram: SegmentationPlatform.SelectionFailedReason.DeviceSwitcher recorded 2 samples, mean = 13.5 (flags = 0x41)
0   ... 
10  -O                                                                        (1 = 50.0%) {0.0%}
11  ... 
17  -O                                                                        (1 = 50.0%) {50.0%}
18  ... 

Histogram: SegmentationPlatform.SelectionFailedReason.PasswordManagerUser recorded 2 samples, mean = 13.0 (flags = 0x41)
0   ... 
10  -O                                                                        (1 = 50.0%) {0.0%}
11  ... 
16  -O                                                                        (1 = 50.0%) {50.0%}
17  ... 

Histogram: SegmentationPlatform.SelectionFailedReason.ResumeHeavyUser recorded 2 samples, mean = 13.0 (flags = 0x41)
0   ... 
10  -O                                                                        (1 = 50.0%) {0.0%}
11  ... 
16  -O                                                                        (1 = 50.0%) {50.0%}
17  ... 

Histogram: SegmentationPlatform.SelectionFailedReason.SearchUser recorded 2 samples, mean = 13.0 (flags = 0x41)
0   ... 
10  -O                                                                        (1 = 50.0%) {0.0%}
11  ... 
16  -O                                                                        (1 = 50.0%) {50.0%}
17  ... 

Histogram: SegmentationPlatform.SelectionFailedReason.ShoppingUser recorded 2 samples, mean = 13.0 (flags = 0x41)
0   ... 
10  -O                                                                        (1 = 50.0%) {0.0%}
11  ... 
16  -O                                                                        (1 = 50.0%) {50.0%}
17  ... 

Histogram: SegmentationPlatform.SelectionFailedReason.URLVisitResumptionRanker recorded 2 samples, mean = 13.5 (flags = 0x41)
0   ... 
10  -O                                                                        (1 = 50.0%) {0.0%}
11  ... 
17  -O                                                                        (1 = 50.0%) {50.0%}
18  ... 

Histogram: SegmentationPlatform.SelectionFailedReason.WebAppInstallationPromo recorded 2 samples, mean = 13.5 (flags = 0x41)
0   ... 
10  -O                                                                        (1 = 50.0%) {0.0%}
11  ... 
17  -O                                                                        (1 = 50.0%) {50.0%}
18  ... 

Histogram: SegmentationPlatform.SyncSessions.TabsCountAtStartup recorded 1 samples, mean = 0.0 (flags = 0x41)
0  -O                                                                        (1 = 100.0%)
1  ... 

Histogram: SegmentationPlatform.UkmDatabase.InitTime recorded 1 samples, mean = 9.0 (flags = 0x41)
0  ... 
8  -O                                                                        (1 = 100.0%) {0.0%}
10 ... 

Histogram: ServiceWorker.FindRegistrationForClientUrl.IsCalledForNavigation recorded 5 samples, mean = 0.2 (flags = 0x41)
0  ----O                                                                     (4 = 80.0%)
1  -O                                                                        (1 = 20.0%) {80.0%}
2  O                                                                         (0 = 0.0%) {100.0%}

Histogram: ServiceWorker.FindRegistrationForClientUrl.SkippedMojoCall.OnNavigation recorded 1 samples, mean = 0.0 (flags = 0x41)
0  -O                                                                        (1 = 100.0%)
1  ... 

Histogram: ServiceWorker.OnBrowserStartup.SkipServiceWorkerOnFirstNavigation recorded 1 samples, mean = 0.0 (flags = 0x41)
0  -O                                                                        (1 = 100.0%)
1  ... 

Histogram: ServiceWorker.RegisteredStorageKeyCount recorded 1 samples, mean = 0.0 (flags = 0x41)
0  -O                                                                        (1 = 100.0%)
1  ... 

Histogram: ServiceWorker.Storage.ReadInitialDataFromDB.Time recorded 1 samples, mean = 0.0 (flags = 0x41)
0  -O                                                                        (1 = 100.0%)
1  ... 

Histogram: ServiceWorker.Storage.RegisteredStorageKeyCacheInitialization.Time recorded 1 samples, mean = 3430.0 (flags = 0x41)
0     ... 
3069  -O                                                                        (1 = 100.0%) {0.0%}
3900  ... 

Histogram: SessionRestore.UnrecoverableWriteErrorCount recorded 1 samples, mean = 0.0 (flags = 0x41)
0  -O                                                                        (1 = 100.0%)
1  ... 

Histogram: SessionStorageContext.CommitResult recorded 2 samples, mean = 0.0 (flags = 0x41)
0  --O                                                                       (2 = 100.0%)
1  ... 

Histogram: Settings.AdvancedSpellcheck.OnStartup2 recorded 1 samples, mean = 0.0 (flags = 0x41)
0  -O                                                                        (1 = 100.0%)
1  ... 

Histogram: Settings.AutocompleteSearches.OnStartup2 recorded 1 samples, mean = 1.0 (flags = 0x41)
0  O                                                                         (0 = 0.0%)
1  -O                                                                        (1 = 100.0%) {0.0%}
2  O                                                                         (0 = 0.0%) {100.0%}

Histogram: Settings.FingerprintingProtection.Enabled recorded 1 samples, mean = 0.0 (flags = 0x41)
0  -O                                                                        (1 = 100.0%)
1  ... 

Histogram: Settings.FirstPartySets.State recorded 1 samples, mean = 0.0 (flags = 0x41)
0  -O                                                                        (1 = 100.0%)
1  ... 

Histogram: Settings.IpProtection.Enabled recorded 1 samples, mean = 0.0 (flags = 0x41)
0  -O                                                                        (1 = 100.0%)
1  ... 

Histogram: Settings.PreloadStatus.OnStartup3 recorded 1 samples, mean = 1.0 (flags = 0x41)
0  O                                                                         (0 = 0.0%)
1  -O                                                                        (1 = 100.0%) {0.0%}
2  ... 

Histogram: Settings.PrivacySandbox.AdMeasurement.Enabled recorded 1 samples, mean = 0.0 (flags = 0x41)
0  -O                                                                        (1 = 100.0%)
1  ... 

Histogram: Settings.PrivacySandbox.Fledge.Enabled recorded 1 samples, mean = 0.0 (flags = 0x41)
0  -O                                                                        (1 = 100.0%)
1  ... 

Histogram: Settings.PrivacySandbox.Topics.Enabled recorded 1 samples, mean = 0.0 (flags = 0x41)
0  -O                                                                        (1 = 100.0%)
1  ... 

Histogram: Settings.ShowHomeButton2 recorded 1 samples, mean = 0.0 (flags = 0x41)
0  -O                                                                        (1 = 100.0%)
1  ... 

Histogram: Settings.StartupPageLoadSettings2 recorded 1 samples, mean = 5.0 (flags = 0x41)
0  ... 
5  -O                                                                        (1 = 100.0%) {0.0%}
6  ... 

Histogram: Settings.TrackedPreferenceChanged.FromRegistry recorded 1 samples, mean = 5.0 (flags = 0x41)
0  ... 
5  -O                                                                        (1 = 100.0%) {0.0%}
6  ... 

Histogram: Settings.TrackedPreferenceUnchanged recorded 18 samples, mean = 14.5 (flags = 0x41)
0   -O                                                                        (1 = 5.6%)
1   -O                                                                        (1 = 5.6%) {5.6%}
2   -O                                                                        (1 = 5.6%) {11.1%}
3   -O                                                                        (1 = 5.6%) {16.7%}
4   -O                                                                        (1 = 5.6%) {22.2%}
5   -O                                                                        (1 = 5.6%) {27.8%}
6   -O                                                                        (1 = 5.6%) {33.3%}
7   -O                                                                        (1 = 5.6%) {38.9%}
8   ... 
11  -O                                                                        (1 = 5.6%) {44.4%}
12  ... 
14  -O                                                                        (1 = 5.6%) {50.0%}
15  -O                                                                        (1 = 5.6%) {55.6%}
16  ... 
18  -O                                                                        (1 = 5.6%) {61.1%}
19  ... 
23  -O                                                                        (1 = 5.6%) {66.7%}
24  -O                                                                        (1 = 5.6%) {72.2%}
25  ... 
29  -O                                                                        (1 = 5.6%) {77.8%}
30  ... 
32  -O                                                                        (1 = 5.6%) {83.3%}
33  -O                                                                        (1 = 5.6%) {88.9%}
34  -O                                                                        (1 = 5.6%) {94.4%}
35  O                                                                         (0 = 0.0%) {100.0%}

Histogram: Settings.TrackedPreferenceUnchanged.FromRegistry recorded 17 samples, mean = 15.1 (flags = 0x41)
0   -O                                                                        (1 = 5.9%)
1   -O                                                                        (1 = 5.9%) {5.9%}
2   -O                                                                        (1 = 5.9%) {11.8%}
3   -O                                                                        (1 = 5.9%) {17.6%}
4   -O                                                                        (1 = 5.9%) {23.5%}
5   O                                                                         (0 = 0.0%) {29.4%}
6   -O                                                                        (1 = 5.9%) {29.4%}
7   -O                                                                        (1 = 5.9%) {35.3%}
8   ... 
11  -O                                                                        (1 = 5.9%) {41.2%}
12  ... 
14  -O                                                                        (1 = 5.9%) {47.1%}
15  -O                                                                        (1 = 5.9%) {52.9%}
16  ... 
18  -O                                                                        (1 = 5.9%) {58.8%}
19  ... 
23  -O                                                                        (1 = 5.9%) {64.7%}
24  -O                                                                        (1 = 5.9%) {70.6%}
25  ... 
29  -O                                                                        (1 = 5.9%) {76.5%}
30  ... 
32  -O                                                                        (1 = 5.9%) {82.4%}
33  -O                                                                        (1 = 5.9%) {88.2%}
34  -O                                                                        (1 = 5.9%) {94.1%}
35  O                                                                         (0 = 0.0%) {100.0%}

Histogram: Settings.TrackingProtection.Enabled recorded 1 samples, mean = 0.0 (flags = 0x41)
0  -O                                                                        (1 = 100.0%)
1  ... 

Histogram: SharedDictionary.TimeInitializeDB recorded 1 samples, mean = 2.0 (flags = 0x41)
0  ... 
2  -O                                                                        (1 = 100.0%) {0.0%}
3  ... 

Histogram: Signin.APIKeyMatchesFeatureOnStartup recorded 3 samples, mean = 0.0 (flags = 0x41)
0  ---O                                                                      (3 = 100.0%)
1  ... 

Histogram: Signin.AccountTracker.CountOfLoadedAccounts recorded 1 samples, mean = 0.0 (flags = 0x41)
0  -O                                                                        (1 = 100.0%)
1  ... 

Histogram: Signin.ExplicitSigninMigration recorded 1 samples, mean = 0.0 (flags = 0x41)
0  -O                                                                        (1 = 100.0%)
1  ... 

Histogram: Signin.HadPreviousSyncAccount.SignedOutOnProfileLoad recorded 1 samples, mean = 0.0 (flags = 0x41)
0  -O                                                                        (1 = 100.0%)
1  ... 

Histogram: Signin.HadPreviousSyncAccount.SyncOffOnProfileLoad recorded 1 samples, mean = 0.0 (flags = 0x41)
0  -O                                                                        (1 = 100.0%)
1  ... 

Histogram: Signin.ListAccountsFailure recorded 1 samples, mean = 0.0 (flags = 0x41)
0  -O                                                                        (1 = 100.0%)
1  ... 

Histogram: Signin.PAMInitialize.PrimaryAccountPrefs recorded 1 samples, mean = 2.0 (flags = 0x41)
0  ... 
2  -O                                                                        (1 = 100.0%) {0.0%}
3  ... 

Histogram: Signin.SigninAllowed recorded 1 samples, mean = 0.0 (flags = 0x41)
0  -O                                                                        (1 = 100.0%)
1  ... 

Histogram: Signin.TokenTable.GetAllTokensSqlStatementValidity recorded 1 samples, mean = 1.0 (flags = 0x41)
0  O                                                                         (0 = 0.0%)
1  -O                                                                        (1 = 100.0%) {0.0%}
2  O                                                                         (0 = 0.0%) {100.0%}

Histogram: SimpleCache.App.CacheSizeOnInit recorded 1 samples, mean = 0.0 (flags = 0x41)
0  -O                                                                        (1 = 100.0%)
1000... 

Histogram: SimpleCache.App.ConsistencyResult recorded 1 samples, mean = 0.0 (flags = 0x41)
0  -O                                                                        (1 = 100.0%)
1  ... 

Histogram: SimpleCache.App.CreationToIndex recorded 1 samples, mean = 5.0 (flags = 0x41)
0  ... 
5  -O                                                                        (1 = 100.0%) {0.0%}
6  ... 

Histogram: SimpleCache.App.IndexFileStateOnLoad recorded 1 samples, mean = 2.0 (flags = 0x41)
0  ... 
2  -O                                                                        (1 = 100.0%) {0.0%}
3  ... 

Histogram: SimpleCache.App.IndexInitializeMethod recorded 1 samples, mean = 1.0 (flags = 0x41)
0  O                                                                         (0 = 0.0%)
1  -O                                                                        (1 = 100.0%) {0.0%}
2  ... 

Histogram: SimpleCache.App.IndexNumEntriesOnInit recorded 1 samples, mean = 0.0 (flags = 0x41)
0  -O                                                                        (1 = 100.0%)
1  ... 

Histogram: SimpleCache.App.MaxCacheSizeOnInit recorded 1 samples, mean = 0.0 (flags = 0x41)
0  -O                                                                        (1 = 100.0%)
1000... 

Histogram: SimpleCache.Code.CacheSizeOnInit recorded 1 samples, mean = 23479.0 (flags = 0x41)
0      ... 
22357  -O                                                                        (1 = 100.0%) {0.0%}
25447  ... 

Histogram: SimpleCache.Code.ConsistencyResult recorded 1 samples, mean = 0.0 (flags = 0x41)
0  -O                                                                        (1 = 100.0%)
1  ... 

Histogram: SimpleCache.Code.CreationToIndex recorded 1 samples, mean = 12.0 (flags = 0x41)
0   ... 
12  -O                                                                        (1 = 100.0%) {0.0%}
14  ... 

Histogram: SimpleCache.Code.DiskCloseLatency recorded 24 samples, mean = 0.0 (flags = 0x41)
0  ------------------------O                                                 (24 = 100.0%)
1  ... 

Histogram: SimpleCache.Code.DiskCreateLatency recorded 23 samples, mean = 0.0 (flags = 0x40)
0  -----------------------O                                                  (23 = 100.0%)
1  ... 

Histogram: SimpleCache.Code.DiskDoomLatency recorded 1 samples, mean = 0.0 (flags = 0x41)
0  -O                                                                        (1 = 100.0%)
1  ... 

Histogram: SimpleCache.Code.DiskOpenLatency recorded 1 samples, mean = 5.0 (flags = 0x41)
0  ... 
5  -O                                                                        (1 = 100.0%) {0.0%}
6  ... 

Histogram: SimpleCache.Code.EntryCreationTime recorded 24 samples, mean = 0.2 (flags = 0x41)
0  -----------------------O                                                  (23 = 95.8%)
1  ... 
5  -O                                                                        (1 = 4.2%) {95.8%}
6  ... 

Histogram: SimpleCache.Code.HeaderSize recorded 23 samples, mean = 36.0 (flags = 0x41)
0   ... 
34  -----------------------O                                                  (23 = 100.0%) {0.0%}
40  ... 

Histogram: SimpleCache.Code.IndexFileStateOnLoad recorded 1 samples, mean = 2.0 (flags = 0x41)
0  ... 
2  -O                                                                        (1 = 100.0%) {0.0%}
3  ... 

Histogram: SimpleCache.Code.IndexInitializeMethod recorded 1 samples, mean = 1.0 (flags = 0x41)
0  O                                                                         (0 = 0.0%)
1  -O                                                                        (1 = 100.0%) {0.0%}
2  ... 

Histogram: SimpleCache.Code.IndexNumEntriesOnInit recorded 1 samples, mean = 370.0 (flags = 0x41)
0    ... 
365  -O                                                                        (1 = 100.0%) {0.0%}
457  ... 

Histogram: SimpleCache.Code.MaxCacheSizeOnInit recorded 1 samples, mean = 327680.0 (flags = 0x41)
0       ... 
297881  -O                                                                        (1 = 100.0%) {0.0%}
339058  ... 

Histogram: SimpleCache.Code.OpenEntryIndexState recorded 49 samples, mean = 1.0 (flags = 0x41)
0  O                                                                         (0 = 0.0%)
1  ------------------------------------------------O                         (48 = 98.0%) {0.0%}
2  -O                                                                        (1 = 2.0%) {98.0%}
3  O                                                                         (0 = 0.0%) {100.0%}

Histogram: SimpleCache.Code.SyncCheckEOFResult recorded 1 samples, mean = 0.0 (flags = 0x40)
0  -O                                                                        (1 = 100.0%)
1  ... 

Histogram: SimpleCache.Code.SyncCloseResult recorded 24 samples, mean = 0.0 (flags = 0x40)
0  ------------------------O                                                 (24 = 100.0%)
1  ... 

Histogram: SimpleCache.Code.SyncOpenPrefetchMode recorded 1 samples, mean = 0.0 (flags = 0x41)
0  -O                                                                        (1 = 100.0%)
1  ... 

Histogram: SimpleCache.Code.SyncOpenResult recorded 1 samples, mean = 0.0 (flags = 0x40)
0  -O                                                                        (1 = 100.0%)
1  ... 

Histogram: SiteEngagementService.EngagementScore recorded 1 samples, mean = 22.0 (flags = 0x41)
0   ... 
22  -O                                                                        (1 = 100.0%) {0.0%}
23  ... 

Histogram: SiteEngagementService.EngagementType recorded 1 samples, mean = 0.0 (flags = 0x41)
0  -O                                                                        (1 = 100.0%)
1  ... 

Histogram: SiteEngagementService.MeanEngagement recorded 1 samples, mean = 22.0 (flags = 0x41)
0   ... 
22  -O                                                                        (1 = 100.0%) {0.0%}
23  ... 

Histogram: SiteEngagementService.MedianEngagement recorded 1 samples, mean = 22.0 (flags = 0x41)
0   ... 
22  -O                                                                        (1 = 100.0%) {0.0%}
23  ... 

Histogram: SiteEngagementService.OriginsEngaged recorded 1 samples, mean = 1.0 (flags = 0x41)
0  O                                                                         (0 = 0.0%)
1  -O                                                                        (1 = 100.0%) {0.0%}
2  ... 

Histogram: SiteIsolatedCodeCache.JS.Behaviour recorded 50 samples, mean = 2.4 (flags = 0x41)
0  -O                                                                        (1 = 2.0%)
1  -------------------------O                                                (25 = 50.0%) {2.0%}
2  -O                                                                        (1 = 2.0%) {52.0%}
3  O                                                                         (0 = 0.0%) {54.0%}
4  -----------------------O                                                  (23 = 46.0%) {54.0%}
5  ... 

Histogram: SiteIsolatedCodeCache.JS.FetchCodeCache recorded 1 samples, mean = 5.0 (flags = 0x41)
0  ... 
5  -O                                                                        (1 = 100.0%) {0.0%}
6  ... 

Histogram: SiteIsolatedCodeCache.JS.Hit recorded 26 samples, mean = 0.0 (flags = 0x41)
0  -------------------------O                                                (25 = 96.2%)
1  -O                                                                        (1 = 3.8%) {96.2%}
2  O                                                                         (0 = 0.0%) {100.0%}

Histogram: SiteIsolatedCodeCache.JS.PotentialMemoryBackedCodeCacheHit recorded 26 samples, mean = 0.0 (flags = 0x41)
0  --------------------------O                                               (26 = 100.0%)
1  ... 

Histogram: SiteIsolatedCodeCache.JS.PotentialMemoryBackedCodeCacheSize2 recorded 7 samples, mean = 27128.0 (flags = 0x41)
0      ... 
26179  -------O                                                                  (7 = 100.0%) {0.0%}
37599  ... 

Histogram: SiteIsolatedCodeCache.WASM.Behaviour recorded 5 samples, mean = 1.0 (flags = 0x41)
0  O                                                                         (0 = 0.0%)
1  -----O                                                                    (5 = 100.0%) {0.0%}
2  ... 

Histogram: SiteIsolation.BrowsingInstance.MaxCountPerProcess recorded 3 samples, mean = 0.7 (flags = 0x41)
0  -O                                                                        (1 = 33.3%)
1  --O                                                                       (2 = 66.7%) {33.3%}
2  ... 

Histogram: SiteIsolation.NewProcessUsedForNavigationWhenSameSiteProcessExists recorded 1 samples, mean = 0.0 (flags = 0x41)
0  -O                                                                        (1 = 100.0%)
1  ... 

Histogram: SiteIsolation.ProcessPerSiteWithMainFrameThreshold.IsDevToolsUser recorded 1 samples, mean = 0.0 (flags = 0x41)
0  -O                                                                        (1 = 100.0%)
1  ... 

Histogram: Skia.SubmitRenderPasses recorded 18 samples, mean = 0.5 (flags = 0x41)
0  -------------O                                                            (13 = 72.2%)
1  ---O                                                                      (3 = 16.7%) {72.2%}
2  -O                                                                        (1 = 5.6%) {88.9%}
3  O                                                                         (0 = 0.0%) {94.4%}
4  -O                                                                        (1 = 5.6%) {94.4%}
5  ... 

Histogram: Sql.Statement.Affiliation.VMSteps recorded 15 samples, mean = 15.5 (flags = 0x41)
0   ... 
3   ----O                                                                     (4 = 26.7%) {0.0%}
4   O                                                                         (0 = 0.0%) {26.7%}
5   -O                                                                        (1 = 6.7%) {26.7%}
6   -O                                                                        (1 = 6.7%) {33.3%}
7   ... 
12  -----O                                                                    (5 = 33.3%) {40.0%}
14  ... 
20  -O                                                                        (1 = 6.7%) {73.3%}
24  O                                                                         (0 = 0.0%) {80.0%}
29  -O                                                                        (1 = 6.7%) {80.0%}
34  O                                                                         (0 = 0.0%) {86.7%}
40  -O                                                                        (1 = 6.7%) {86.7%}
48  -O                                                                        (1 = 6.7%) {93.3%}
57  ... 

Histogram: Sql.Statement.BrowsingTopics.VMSteps recorded 16 samples, mean = 7.4 (flags = 0x41)
0   ... 
3   ------O                                                                   (6 = 37.5%) {0.0%}
4   O                                                                         (0 = 0.0%) {37.5%}
5   -O                                                                        (1 = 6.2%) {37.5%}
6   ... 
8   ----O                                                                     (4 = 25.0%) {43.8%}
10  O                                                                         (0 = 0.0%) {68.8%}
12  -----O                                                                    (5 = 31.2%) {68.8%}
14  ... 

Histogram: Sql.Statement.Cookie.VMSteps recorded 30 samples, mean = 19.3 (flags = 0x41)
0   ... 
3   ------O                                                                   (6 = 20.0%) {0.0%}
4   O                                                                         (0 = 0.0%) {20.0%}
5   --O                                                                       (2 = 6.7%) {20.0%}
6   O                                                                         (0 = 0.0%) {26.7%}
7   -O                                                                        (1 = 3.3%) {26.7%}
8   ... 
12  ----------O                                                               (10 = 33.3%) {30.0%}
14  ... 
20  ---O                                                                      (3 = 10.0%) {63.3%}
24  ---O                                                                      (3 = 10.0%) {73.3%}
29  O                                                                         (0 = 0.0%) {83.3%}
34  -O                                                                        (1 = 3.3%) {83.3%}
40  ... 
57  ----O                                                                     (4 = 13.3%) {86.7%}
68  ... 

Histogram: Sql.Statement.DIPS.VMSteps recorded 28 samples, mean = 13.1 (flags = 0x41)
0   ... 
3   --O                                                                       (2 = 7.1%) {0.0%}
4   O                                                                         (0 = 0.0%) {7.1%}
5   -O                                                                        (1 = 3.6%) {7.1%}
6   ... 
8   ----O                                                                     (4 = 14.3%) {10.7%}
10  ---O                                                                      (3 = 10.7%) {25.0%}
12  ----------O                                                               (10 = 35.7%) {35.7%}
14  --O                                                                       (2 = 7.1%) {71.4%}
17  --O                                                                       (2 = 7.1%) {78.6%}
20  -O                                                                        (1 = 3.6%) {85.7%}
24  ---O                                                                      (3 = 10.7%) {89.3%}
29  ... 

Histogram: Sql.Statement.FirstPartySets.VMSteps recorded 34 samples, mean = 64.9 (flags = 0x41)
0     ... 
3     ----------O                                                               (10 = 29.4%) {0.0%}
4     O                                                                         (0 = 0.0%) {29.4%}
5     -O                                                                        (1 = 2.9%) {29.4%}
6     ... 
8     ---O                                                                      (3 = 8.8%) {32.4%}
10    -----O                                                                    (5 = 14.7%) {41.2%}
12    -----------O                                                              (11 = 32.4%) {55.9%}
14    ... 
20    -O                                                                        (1 = 2.9%) {88.2%}
24    --O                                                                       (2 = 5.9%) {91.2%}
29    ... 
1782  -O                                                                        (1 = 2.9%) {97.1%}
2117  ... 

Histogram: Sql.Statement.History.VMSteps recorded 173 samples, mean = 120.8 (flags = 0x41)
0     ... 
3     ------O                                                                   (6 = 3.5%) {0.0%}
4     O                                                                         (0 = 0.0%) {3.5%}
5     -O                                                                        (1 = 0.6%) {3.5%}
6     --O                                                                       (2 = 1.2%) {4.0%}
7     O                                                                         (0 = 0.0%) {5.2%}
8     ------------------------O                                                 (24 = 13.9%) {5.2%}
10    ------------O                                                             (12 = 6.9%) {19.1%}
12    -------------------------O                                                (25 = 14.5%) {26.0%}
14    -------O                                                                  (7 = 4.0%) {40.5%}
17    -----------------------------O                                            (29 = 16.8%) {44.5%}
20    -------------------O                                                      (19 = 11.0%) {61.3%}
24    -------------O                                                            (13 = 7.5%) {72.3%}
29    ---O                                                                      (3 = 1.7%) {79.8%}
34    --O                                                                       (2 = 1.2%) {81.5%}
40    O                                                                         (0 = 0.0%) {82.7%}
48    --O                                                                       (2 = 1.2%) {82.7%}
57    -O                                                                        (1 = 0.6%) {83.8%}
68    -----O                                                                    (5 = 2.9%) {84.4%}
81    -O                                                                        (1 = 0.6%) {87.3%}
96    --O                                                                       (2 = 1.2%) {87.9%}
114   O                                                                         (0 = 0.0%) {89.0%}
135   ---------O                                                                (9 = 5.2%) {89.0%}
160   ... 
1062  --O                                                                       (2 = 1.2%) {94.2%}
1262  O                                                                         (0 = 0.0%) {95.4%}
1500  -------O                                                                  (7 = 4.0%) {95.4%}
1782  O                                                                         (0 = 0.0%) {99.4%}
2117  -O                                                                        (1 = 0.6%) {99.4%}
2516  ... 

Histogram: Sql.Statement.OptOutBlacklist.VMSteps recorded 4 samples, mean = 10.8 (flags = 0x41)
0   ... 
5   -O                                                                        (1 = 25.0%) {0.0%}
6   O                                                                         (0 = 0.0%) {25.0%}
7   -O                                                                        (1 = 25.0%) {25.0%}
8   O                                                                         (0 = 0.0%) {50.0%}
10  -O                                                                        (1 = 25.0%) {50.0%}
12  ... 
20  -O                                                                        (1 = 25.0%) {75.0%}
24  ... 

Histogram: Sql.Statement.Passwords.VMSteps recorded 53 samples, mean = 23.9 (flags = 0x41)
0   ... 
3   ----O                                                                     (4 = 7.5%) {0.0%}
4   O                                                                         (0 = 0.0%) {7.5%}
5   --O                                                                       (2 = 3.8%) {7.5%}
6   --------O                                                                 (8 = 15.1%) {11.3%}
7   ----O                                                                     (4 = 7.5%) {26.4%}
8   ---O                                                                      (3 = 5.7%) {34.0%}
10  O                                                                         (0 = 0.0%) {39.6%}
12  ------------O                                                             (12 = 22.6%) {39.6%}
14  --O                                                                       (2 = 3.8%) {62.3%}
17  O                                                                         (0 = 0.0%) {66.0%}
20  --O                                                                       (2 = 3.8%) {66.0%}
24  ... 
34  --O                                                                       (2 = 3.8%) {69.8%}
40  ----O                                                                     (4 = 7.5%) {73.6%}
48  O                                                                         (0 = 0.0%) {81.1%}
57  ----O                                                                     (4 = 7.5%) {81.1%}
68  ------O                                                                   (6 = 11.3%) {88.7%}
81  ... 

Histogram: Sql.Statement.Predictor.VMSteps recorded 15 samples, mean = 15.4 (flags = 0x41)
0   ... 
3   --O                                                                       (2 = 13.3%) {0.0%}
4   O                                                                         (0 = 0.0%) {13.3%}
5   -O                                                                        (1 = 6.7%) {13.3%}
6   ---O                                                                      (3 = 20.0%) {20.0%}
7   O                                                                         (0 = 0.0%) {40.0%}
8   -O                                                                        (1 = 6.7%) {40.0%}
10  --O                                                                       (2 = 13.3%) {46.7%}
12  -O                                                                        (1 = 6.7%) {60.0%}
14  -O                                                                        (1 = 6.7%) {66.7%}
17  ... 
24  -O                                                                        (1 = 6.7%) {73.3%}
29  -O                                                                        (1 = 6.7%) {80.0%}
34  O                                                                         (0 = 0.0%) {86.7%}
40  -O                                                                        (1 = 6.7%) {86.7%}
48  -O                                                                        (1 = 6.7%) {93.3%}
57  ... 

Histogram: Sql.Statement.Quota.VMSteps recorded 15 samples, mean = 8.8 (flags = 0x41)
0   ... 
3   ----O                                                                     (4 = 26.7%) {0.0%}
4   O                                                                         (0 = 0.0%) {26.7%}
5   -O                                                                        (1 = 6.7%) {26.7%}
6   ... 
8   --O                                                                       (2 = 13.3%) {33.3%}
10  O                                                                         (0 = 0.0%) {46.7%}
12  --------O                                                                 (8 = 53.3%) {46.7%}
14  ... 

Histogram: Sql.Statement.ReportingAndNEL.VMSteps recorded 12 samples, mean = 13.8 (flags = 0x41)
0   ... 
3   --O                                                                       (2 = 16.7%) {0.0%}
4   O                                                                         (0 = 0.0%) {16.7%}
5   -O                                                                        (1 = 8.3%) {16.7%}
6   -O                                                                        (1 = 8.3%) {25.0%}
7   ... 
12  -----O                                                                    (5 = 41.7%) {33.3%}
14  ... 
20  -O                                                                        (1 = 8.3%) {75.0%}
24  O                                                                         (0 = 0.0%) {83.3%}
29  -O                                                                        (1 = 8.3%) {83.3%}
34  -O                                                                        (1 = 8.3%) {91.7%}
40  ... 

Histogram: Sql.Statement.SharedDictionary.VMSteps recorded 20 samples, mean = 9.1 (flags = 0x41)
0   ... 
3   --------O                                                                 (8 = 40.0%) {0.0%}
4   O                                                                         (0 = 0.0%) {40.0%}
5   -O                                                                        (1 = 5.0%) {40.0%}
6   ... 
8   -O                                                                        (1 = 5.0%) {45.0%}
10  O                                                                         (0 = 0.0%) {50.0%}
12  -------O                                                                  (7 = 35.0%) {50.0%}
14  O                                                                         (0 = 0.0%) {85.0%}
17  --O                                                                       (2 = 10.0%) {85.0%}
20  -O                                                                        (1 = 5.0%) {95.0%}
24  ... 

Histogram: Sql.Statement.SharedStorage.VMSteps recorded 3 samples, mean = 7.7 (flags = 0x41)
0   ... 
5   -O                                                                        (1 = 33.3%) {0.0%}
6   ... 
8   -O                                                                        (1 = 33.3%) {33.3%}
10  -O                                                                        (1 = 33.3%) {66.7%}
12  ... 

Histogram: Sql.Statement.Thumbnail.VMSteps recorded 30 samples, mean = 14.7 (flags = 0x41)
0   ... 
3   ------O                                                                   (6 = 20.0%) {0.0%}
4   O                                                                         (0 = 0.0%) {20.0%}
5   -O                                                                        (1 = 3.3%) {20.0%}
6   ... 
8   -O                                                                        (1 = 3.3%) {23.3%}
10  O                                                                         (0 = 0.0%) {26.7%}
12  ------------O                                                             (12 = 40.0%) {26.7%}
14  -O                                                                        (1 = 3.3%) {66.7%}
17  O                                                                         (0 = 0.0%) {70.0%}
20  ----O                                                                     (4 = 13.3%) {70.0%}
24  O                                                                         (0 = 0.0%) {83.3%}
29  -----O                                                                    (5 = 16.7%) {83.3%}
34  ... 

Histogram: Sql.Statement.TopSites.VMSteps recorded 13 samples, mean = 12.7 (flags = 0x41)
0   ... 
3   --O                                                                       (2 = 15.4%) {0.0%}
4   O                                                                         (0 = 0.0%) {15.4%}
5   -O                                                                        (1 = 7.7%) {15.4%}
6   ... 
12  ---------O                                                                (9 = 69.2%) {23.1%}
14  ... 
40  -O                                                                        (1 = 7.7%) {92.3%}
48  ... 

Histogram: Sql.Statement.TrustTokens.VMSteps recorded 16 samples, mean = 14.1 (flags = 0x41)
0   ... 
3   --O                                                                       (2 = 12.5%) {0.0%}
4   O                                                                         (0 = 0.0%) {12.5%}
5   -O                                                                        (1 = 6.2%) {12.5%}
6   ---O                                                                      (3 = 18.8%) {18.8%}
7   ... 
10  -O                                                                        (1 = 6.2%) {37.5%}
12  -----O                                                                    (5 = 31.2%) {43.8%}
14  ... 
20  -O                                                                        (1 = 6.2%) {75.0%}
24  O                                                                         (0 = 0.0%) {81.2%}
29  -O                                                                        (1 = 6.2%) {81.2%}
34  --O                                                                       (2 = 12.5%) {87.5%}
40  ... 

Histogram: Sql.Statement.UKMMetrics.VMSteps recorded 32 samples, mean = 12.5 (flags = 0x41)
0   ... 
3   -------O                                                                  (7 = 21.9%) {0.0%}
4   O                                                                         (0 = 0.0%) {21.9%}
5   -O                                                                        (1 = 3.1%) {21.9%}
6   ... 
8   --------O                                                                 (8 = 25.0%) {25.0%}
10  O                                                                         (0 = 0.0%) {50.0%}
12  ------O                                                                   (6 = 18.8%) {50.0%}
14  ... 
20  --------O                                                                 (8 = 25.0%) {68.8%}
24  O                                                                         (0 = 0.0%) {93.8%}
29  -O                                                                        (1 = 3.1%) {93.8%}
34  O                                                                         (0 = 0.0%) {96.9%}
40  -O                                                                        (1 = 3.1%) {96.9%}
48  ... 

Histogram: Sql.Statement.Web.VMSteps recorded 125 samples, mean = 52.3 (flags = 0x41)
0    ... 
3    ----------O                                                               (10 = 8.0%) {0.0%}
4    -O                                                                        (1 = 0.8%) {8.0%}
5    -O                                                                        (1 = 0.8%) {8.8%}
6    ------------O                                                             (12 = 9.6%) {9.6%}
7    ----------O                                                               (10 = 8.0%) {19.2%}
8    ------O                                                                   (6 = 4.8%) {27.2%}
10   ----------O                                                               (10 = 8.0%) {32.0%}
12   ------------------O                                                       (18 = 14.4%) {40.0%}
14   -O                                                                        (1 = 0.8%) {54.4%}
17   ---O                                                                      (3 = 2.4%) {55.2%}
20   -O                                                                        (1 = 0.8%) {57.6%}
24   -O                                                                        (1 = 0.8%) {58.4%}
29   --O                                                                       (2 = 1.6%) {59.2%}
34   --O                                                                       (2 = 1.6%) {60.8%}
40   ---O                                                                      (3 = 2.4%) {62.4%}
48   ---O                                                                      (3 = 2.4%) {64.8%}
57   ----O                                                                     (4 = 3.2%) {67.2%}
68   ----O                                                                     (4 = 3.2%) {70.4%}
81   --O                                                                       (2 = 1.6%) {73.6%}
96   -------O                                                                  (7 = 5.6%) {75.2%}
114  -----O                                                                    (5 = 4.0%) {80.8%}
135  -------O                                                                  (7 = 5.6%) {84.8%}
160  -----O                                                                    (5 = 4.0%) {90.4%}
190  ------O                                                                   (6 = 4.8%) {94.4%}
226  O                                                                         (0 = 0.0%) {99.2%}
268  -O                                                                        (1 = 0.8%) {99.2%}
318  ... 

Histogram: Sql.vfs.SyncTime recorded 52 samples, mean = 0.0 (flags = 0x41)
0  ----------------------------------------------------O                     (52 = 100.0%)
1  ... 

Histogram: Stability.Counts2 recorded 8 samples, mean = 24.2 (flags = 0x43)
0   ... 
2   -O                                                                        (1 = 12.5%) {0.0%}
3   ... 
15  -O                                                                        (1 = 12.5%) {12.5%}
16  ... 
26  ---O                                                                      (3 = 37.5%) {25.0%}
27  ... 
33  ---O                                                                      (3 = 37.5%) {62.5%}
34  O                                                                         (0 = 0.0%) {100.0%}

Histogram: Stability.Experimental.PageLoads recorded 1 samples, mean = 17.0 (flags = 0x41)
0   ... 
17  -O                                                                        (1 = 100.0%) {0.0%}
18  O                                                                         (0 = 0.0%) {100.0%}

Histogram: Startup.AfterStartupTaskCount recorded 1 samples, mean = 2.0 (flags = 0x41)
0  ... 
2  -O                                                                        (1 = 100.0%) {0.0%}
3  ... 

Histogram: Startup.AfterStartupTaskDelayedUntilTime recorded 1 samples, mean = 25315.0 (flags = 0x41)
0      ... 
20614  -O                                                                        (1 = 100.0%) {0.0%}
27929  ... 

Histogram: Startup.BrowserMainRunnerImplInitializeLongTime recorded 1 samples, mean = 289.0 (flags = 0x41)
0    ... 
279  -O                                                                        (1 = 100.0%) {0.0%}
322  ... 

Histogram: Startup.BrowserMessageLoopFirstIdle recorded 1 samples, mean = 2211297.0 (flags = 0x41)
0        ... 
2028194  -O                                                                        (1 = 100.0%) {0.0%}
2341034  ... 

Histogram: Startup.BrowserMessageLoopStartTime recorded 1 samples, mean = 425.0 (flags = 0x41)
0    ... 
372  -O                                                                        (1 = 100.0%) {0.0%}
429  ... 

Histogram: Startup.CreateFirstProfile recorded 1 samples, mean = 142.0 (flags = 0x41)
0    ... 
118  -O                                                                        (1 = 100.0%) {0.0%}
160  ... 

Histogram: Startup.FirstWebContents.FinishReason recorded 1 samples, mean = 6.0 (flags = 0x41)
0  ... 
6  -O                                                                        (1 = 100.0%) {0.0%}
7  ... 

Histogram: Startup.LoadTime.ApplicationStartToChromeMain recorded 1 samples, mean = 0.0 (flags = 0x41)
0  -O                                                                        (1 = 100.0%)
1  ... 

Histogram: Startup.LoadTime.ProcessCreateToApplicationStart recorded 1 samples, mean = 17783.0 (flags = 0x41)
0      ... 
15215  -O                                                                        (1 = 100.0%) {0.0%}
20614  ... 

Histogram: Startup.LoadTime.RecordedProcessCreation recorded 1 samples, mean = 1.0 (flags = 0x1)
0  O                                                                         (0 = 0.0%)
1  -O                                                                        (1 = 100.0%) {0.0%}
2  O                                                                         (0 = 0.0%) {100.0%}

Histogram: Startup.PreMainMessageLoopRunImplLongTime recorded 1 samples, mean = 188.0 (flags = 0x41)
0    ... 
182  -O                                                                        (1 = 100.0%) {0.0%}
210  ... 

Histogram: Startup.Renderer.LoadTime.ApplicationStartToRendererStartRunLoop recorded 1 samples, mean = 13.0 (flags = 0x41)
0   ... 
13  -O                                                                        (1 = 100.0%) {0.0%}
16  ... 

Histogram: Startup.Renderer.LoadTime.ChromeMainToRendererStartRunLoop recorded 1 samples, mean = 13.0 (flags = 0x41)
0   ... 
13  -O                                                                        (1 = 100.0%) {0.0%}
16  ... 

Histogram: Startup.Renderer.LoadTime.ProcessCreationToRendererStartRunLoop recorded 1 samples, mean = 38.0 (flags = 0x41)
0   ... 
32  -O                                                                        (1 = 100.0%) {0.0%}
41  ... 

Histogram: Startup.Temperature recorded 1 samples, mean = 3.0 (flags = 0x41)
0  ... 
3  -O                                                                        (1 = 100.0%) {0.0%}
4  O                                                                         (0 = 0.0%) {100.0%}

Histogram: Storage.Blob.CreateDirectoryResult recorded 1 samples, mean = 0.0 (flags = 0x41)
0  -O                                                                        (1 = 100.0%)
1  ... 

Histogram: Storage.SessionStorage.RendererAreaCacheHit recorded 2 samples, mean = 1.0 (flags = 0x41)
0  -O                                                                        (1 = 50.0%)
1  O                                                                         (0 = 0.0%) {50.0%}
2  -O                                                                        (1 = 50.0%) {50.0%}
3  O                                                                         (0 = 0.0%) {100.0%}

Histogram: Storage.SharedStorage.Database.Timing.OpenImpl recorded 1 samples, mean = 1.0 (flags = 0x41)
0  O                                                                         (0 = 0.0%)
1  -O                                                                        (1 = 100.0%) {0.0%}
2  ... 

Histogram: Storage.SharedStorage.OnShutdown.NumSqlErrors recorded 1 samples, mean = 0.0 (flags = 0x41)
0  -O                                                                        (1 = 100.0%)
1  ... 

Histogram: Storage.SharedStorage.OnShutdown.RecoveryFromInitFailureAttempted recorded 1 samples, mean = 0.0 (flags = 0x41)
0  -O                                                                        (1 = 100.0%)
1  ... 

Histogram: Storage.SharedStorage.OnShutdown.RecoveryOnDiskAttempted recorded 1 samples, mean = 0.0 (flags = 0x41)
0  -O                                                                        (1 = 100.0%)
1  ... 

Histogram: Storage.SharedStorage.Worklet.NumPerPage recorded 1 samples, mean = 0.0 (flags = 0x41)
0  -O                                                                        (1 = 100.0%)
1  ... 

Histogram: Storage.SharedStorage.Worklet.SelectURL.CallsPerPage recorded 1 samples, mean = 0.0 (flags = 0x41)
0  -O                                                                        (1 = 100.0%)
1  ... 

Histogram: Style.InvalidationTime recorded 2 samples, mean = 62.0 (flags = 0x41)
0   ... 
55  --O                                                                       (2 = 100.0%) {0.0%}
76  ... 

Histogram: Style.RebuildLayoutTreeTime recorded 9 samples, mean = 406.3 (flags = 0x41)
0     ... 
29    -O                                                                        (1 = 11.1%) {0.0%}
40    --O                                                                       (2 = 22.2%) {11.1%}
55    --O                                                                       (2 = 22.2%) {33.3%}
76    -O                                                                        (1 = 11.1%) {55.6%}
105   -O                                                                        (1 = 11.1%) {66.7%}
146   ... 
391   -O                                                                        (1 = 11.1%) {77.8%}
542   ... 
2008  -O                                                                        (1 = 11.1%) {88.9%}
2786  ... 

Histogram: Style.RecalcTime recorded 12 samples, mean = 2157.1 (flags = 0x41)
0     ... 
2     -O                                                                        (1 = 8.3%) {0.0%}
3     ... 
55    -O                                                                        (1 = 8.3%) {8.3%}
76    --O                                                                       (2 = 16.7%) {16.7%}
105   -O                                                                        (1 = 8.3%) {33.3%}
146   ... 
282   -O                                                                        (1 = 8.3%) {41.7%}
391   -O                                                                        (1 = 8.3%) {50.0%}
542   ... 
2008  -O                                                                        (1 = 8.3%) {58.3%}
2786  O                                                                         (0 = 0.0%) {66.7%}
3865  --O                                                                       (2 = 16.7%) {66.7%}
5362  -O                                                                        (1 = 8.3%) {83.3%}
7439  -O                                                                        (1 = 8.3%) {91.7%}
10321 ... 

Histogram: SubresourceFilter.DocumentLoad.RulesetIsAvailable recorded 3 samples, mean = 1.0 (flags = 0x41)
0  O                                                                         (0 = 0.0%)
1  ---O                                                                      (3 = 100.0%) {0.0%}
2  O                                                                         (0 = 0.0%) {100.0%}

Histogram: SubresourceFilter.IndexRuleset.Verify.Status recorded 1 samples, mean = 0.0 (flags = 0x41)
0  -O                                                                        (1 = 100.0%)
1  ... 

Histogram: SubresourceFilter.IndexRuleset.Verify2.WallDuration recorded 1 samples, mean = 1.0 (flags = 0x41)
0  O                                                                         (0 = 0.0%)
1  -O                                                                        (1 = 100.0%) {0.0%}
2  ... 

Histogram: SubresourceFilter.MainFrameLoad.RulesetIsAvailableAnyActivationLevel recorded 1 samples, mean = 1.0 (flags = 0x41)
0  O                                                                         (0 = 0.0%)
1  -O                                                                        (1 = 100.0%) {0.0%}
2  O                                                                         (0 = 0.0%) {100.0%}

Histogram: SubresourceFilter.PageLoad.ActivationDecision recorded 1 samples, mean = 1.0 (flags = 0x41)
0  O                                                                         (0 = 0.0%)
1  -O                                                                        (1 = 100.0%) {0.0%}
2  ... 

Histogram: SubresourceFilter.PageLoad.ActivationList recorded 1 samples, mean = 0.0 (flags = 0x41)
0  -O                                                                        (1 = 100.0%)
1  ... 

Histogram: SubresourceFilter.PageLoad.ActivationState recorded 2 samples, mean = 0.5 (flags = 0x41)
0  -O                                                                        (1 = 50.0%)
1  -O                                                                        (1 = 50.0%) {50.0%}
2  ... 

Histogram: SubresourceFilter.PageLoad.NumSubresourceLoads.Disallowed recorded 1 samples, mean = 0.0 (flags = 0x41)
0  -O                                                                        (1 = 100.0%)
1  ... 

Histogram: SubresourceFilter.PageLoad.NumSubresourceLoads.Evaluated recorded 1 samples, mean = 128.0 (flags = 0x41)
0    ... 
120  -O                                                                        (1 = 100.0%) {0.0%}
135  ... 

Histogram: SubresourceFilter.PageLoad.NumSubresourceLoads.MatchedRules recorded 1 samples, mean = 0.0 (flags = 0x41)
0  -O                                                                        (1 = 100.0%)
1  ... 

Histogram: SubresourceFilter.PageLoad.NumSubresourceLoads.Total recorded 1 samples, mean = 128.0 (flags = 0x41)
0    ... 
120  -O                                                                        (1 = 100.0%) {0.0%}
135  ... 

Histogram: SubresourceFilter.PageLoad.SafeBrowsingDelay recorded 1 samples, mean = 0.0 (flags = 0x41)
0  -O                                                                        (1 = 100.0%)
1  ... 

Histogram: SubresourceFilter.SafeBrowsing.TotalCheckTime recorded 3 samples, mean = 0.0 (flags = 0x41)
0  ---O                                                                      (3 = 100.0%)
1  ... 

Histogram: Sync.FeatureStatusForSyncToSigninMigration recorded 1 samples, mean = 1.0 (flags = 0x41)
0  O                                                                         (0 = 0.0%)
1  -O                                                                        (1 = 100.0%) {0.0%}
2  ... 

Histogram: Sync.InitialState2 recorded 1 samples, mean = 1.0 (flags = 0x41)
0  O                                                                         (0 = 0.0%)
1  -O                                                                        (1 = 100.0%) {0.0%}
2  ... 

Histogram: Sync.Local.Enabled2 recorded 1 samples, mean = 0.0 (flags = 0x41)
0  -O                                                                        (1 = 100.0%)
1  ... 

Histogram: Sync.ModelTypeErrorSite.APP recorded 1 samples, mean = 0.0 (flags = 0x41)
0  -O                                                                        (1 = 100.0%)
1  ... 

Histogram: Sync.ModelTypeErrorSite.APP_SETTING recorded 1 samples, mean = 0.0 (flags = 0x41)
0  -O                                                                        (1 = 100.0%)
1  ... 

Histogram: Sync.ModelTypeErrorSite.DEVICE_INFO recorded 1 samples, mean = 0.0 (flags = 0x41)
0  -O                                                                        (1 = 100.0%)
1  ... 

Histogram: Sync.ModelTypeErrorSite.DICTIONARY recorded 1 samples, mean = 0.0 (flags = 0x41)
0  -O                                                                        (1 = 100.0%)
1  ... 

Histogram: Sync.ModelTypeErrorSite.EXTENSION recorded 1 samples, mean = 0.0 (flags = 0x41)
0  -O                                                                        (1 = 100.0%)
1  ... 

Histogram: Sync.ModelTypeErrorSite.EXTENSION_SETTING recorded 1 samples, mean = 0.0 (flags = 0x41)
0  -O                                                                        (1 = 100.0%)
1  ... 

Histogram: Sync.ModelTypeErrorSite.HISTORY_DELETE_DIRECTIVE recorded 1 samples, mean = 0.0 (flags = 0x41)
0  -O                                                                        (1 = 100.0%)
1  ... 

Histogram: Sync.ModelTypeErrorSite.INCOMING_PASSWORD_SHARING_INVITATION recorded 1 samples, mean = 0.0 (flags = 0x41)
0  -O                                                                        (1 = 100.0%)
1  ... 

Histogram: Sync.ModelTypeErrorSite.MANAGED_USER_SETTING recorded 1 samples, mean = 0.0 (flags = 0x41)
0  -O                                                                        (1 = 100.0%)
1  ... 

Histogram: Sync.ModelTypeErrorSite.PREFERENCE recorded 1 samples, mean = 0.0 (flags = 0x41)
0  -O                                                                        (1 = 100.0%)
1  ... 

Histogram: Sync.ModelTypeErrorSite.PRIORITY_PREFERENCE recorded 1 samples, mean = 0.0 (flags = 0x41)
0  -O                                                                        (1 = 100.0%)
1  ... 

Histogram: Sync.ModelTypeErrorSite.READING_LIST recorded 2 samples, mean = 0.0 (flags = 0x41)
0  --O                                                                       (2 = 100.0%)
1  ... 

Histogram: Sync.ModelTypeErrorSite.SAVED_TAB_GROUP recorded 1 samples, mean = 0.0 (flags = 0x41)
0  -O                                                                        (1 = 100.0%)
1  ... 

Histogram: Sync.ModelTypeErrorSite.SEARCH_ENGINE recorded 1 samples, mean = 0.0 (flags = 0x41)
0  -O                                                                        (1 = 100.0%)
1  ... 

Histogram: Sync.ModelTypeErrorSite.SECURITY_EVENT recorded 1 samples, mean = 0.0 (flags = 0x41)
0  -O                                                                        (1 = 100.0%)
1  ... 

Histogram: Sync.ModelTypeErrorSite.SEND_TAB_TO_SELF recorded 1 samples, mean = 0.0 (flags = 0x41)
0  -O                                                                        (1 = 100.0%)
1  ... 

Histogram: Sync.ModelTypeErrorSite.THEME recorded 1 samples, mean = 0.0 (flags = 0x41)
0  -O                                                                        (1 = 100.0%)
1  ... 

Histogram: Sync.ModelTypeErrorSite.USER_CONSENT recorded 1 samples, mean = 0.0 (flags = 0x41)
0  -O                                                                        (1 = 100.0%)
1  ... 

Histogram: Sync.ModelTypeErrorSite.USER_EVENT recorded 1 samples, mean = 0.0 (flags = 0x41)
0  -O                                                                        (1 = 100.0%)
1  ... 

Histogram: Sync.ModelTypeErrorSite.WEBAUTHN_CREDENTIAL recorded 1 samples, mean = 0.0 (flags = 0x41)
0  -O                                                                        (1 = 100.0%)
1  ... 

Histogram: Sync.ModelTypeErrorSite.WEB_APP recorded 1 samples, mean = 0.0 (flags = 0x41)
0  -O                                                                        (1 = 100.0%)
1  ... 

Histogram: Sync.ModelTypeStoreBackendError.Init recorded 1 samples, mean = 5.0 (flags = 0x41)
0  ... 
5  -O                                                                        (1 = 100.0%) {0.0%}
6  O                                                                         (0 = 0.0%) {100.0%}

Histogram: Sync.ModelTypeStoreBackendInitializationSuccess recorded 1 samples, mean = 0.0 (flags = 0x41)
0  -O                                                                        (1 = 100.0%)
1  ... 

Histogram: Sync.PassphraseType2 recorded 1 samples, mean = 0.0 (flags = 0x41)
0  -O                                                                        (1 = 100.0%)
1  ... 

Histogram: Sync.Startup.AccountInfoFullyLoaded2 recorded 1 samples, mean = 0.0 (flags = 0x41)
0  -O                                                                        (1 = 100.0%)
1  ... 

Histogram: Sync.Startup.SignedInWithoutAccountInfo2 recorded 1 samples, mean = 0.0 (flags = 0x41)
0  -O                                                                        (1 = 100.0%)
1  ... 

Histogram: Sync.SyncToSigninMigrationDecision recorded 1 samples, mean = 1.0 (flags = 0x41)
0  O                                                                         (0 = 0.0%)
1  -O                                                                        (1 = 100.0%) {0.0%}
2  ... 

Histogram: Sync.TrustedVaultFileReadStatus recorded 1 samples, mean = 0.0 (flags = 0x41)
0  -O                                                                        (1 = 100.0%)
1  ... 

Histogram: Sync.TrustedVaultFileWriteSuccess recorded 1 samples, mean = 1.0 (flags = 0x41)
0  O                                                                         (0 = 0.0%)
1  -O                                                                        (1 = 100.0%) {0.0%}
2  O                                                                         (0 = 0.0%) {100.0%}

Histogram: TabGroups.CollapsedGroupCountPerLoad recorded 1 samples, mean = 0.0 (flags = 0x41)
0  -O                                                                        (1 = 100.0%)
1  ... 

Histogram: TabGroups.SavedTabGroupSyncBridge.MigrationResult recorded 1 samples, mean = 0.0 (flags = 0x41)
0  -O                                                                        (1 = 100.0%)
1  ... 

Histogram: TabGroups.UserCustomizedGroupCountPerLoad recorded 1 samples, mean = 0.0 (flags = 0x41)
0  -O                                                                        (1 = 100.0%)
1  ... 

Histogram: TabGroups.UserGroupCountPerLoad recorded 1 samples, mean = 0.0 (flags = 0x41)
0  -O                                                                        (1 = 100.0%)
1  ... 

Histogram: TabGroups.UserPinnedTabCountPerLoad recorded 1 samples, mean = 0.0 (flags = 0x41)
0  -O                                                                        (1 = 100.0%)
1  ... 

Histogram: Tabs.NewNavigationWithSameOriginTab recorded 1 samples, mean = 0.0 (flags = 0x41)
0  -O                                                                        (1 = 100.0%)
1  ... 

Histogram: Tabs.TabCount recorded 7 samples, mean = 0.0 (flags = 0x41)
0  -------O                                                                  (7 = 100.0%)
1  ... 

Histogram: Tabs.TabCount.PluggedIn recorded 7 samples, mean = 0.0 (flags = 0x41)
0  -------O                                                                  (7 = 100.0%)
1  ... 

Histogram: Tabs.TabCountPerLoad recorded 1 samples, mean = 0.0 (flags = 0x41)
0  -O                                                                        (1 = 100.0%)
1  ... 

Histogram: Tabs.WindowCount recorded 7 samples, mean = 0.0 (flags = 0x41)
0  -------O                                                                  (7 = 100.0%)
1  ... 

Histogram: Tabs.WindowCount.PluggedIn recorded 7 samples, mean = 0.0 (flags = 0x41)
0  -------O                                                                  (7 = 100.0%)
1  ... 

Histogram: ThirdPartyModules.InputMethodEditorsCount recorded 1 samples, mean = 0.0 (flags = 0x41)
0  -O                                                                        (1 = 100.0%)
1  ... 

Histogram: ThreadPool.UnnecessaryWakeup.Browser.Background recorded 3 samples, mean = 1.0 (flags = 0x41)
0  O                                                                         (0 = 0.0%)
1  ---O                                                                      (3 = 100.0%) {0.0%}
2  O                                                                         (0 = 0.0%) {100.0%}

Histogram: ThreadPool.UnnecessaryWakeup.Browser.Foreground recorded 30 samples, mean = 1.0 (flags = 0x41)
0  O                                                                         (0 = 0.0%)
1  ------------------------------O                                           (30 = 100.0%) {0.0%}
2  O                                                                         (0 = 0.0%) {100.0%}

Histogram: ThreadPool.UnnecessaryWakeup.ContentChild.Foreground recorded 6 samples, mean = 1.0 (flags = 0x41)
0  O                                                                         (0 = 0.0%)
1  ------O                                                                   (6 = 100.0%) {0.0%}
2  O                                                                         (0 = 0.0%) {100.0%}

Histogram: ThreadPool.UnnecessaryWakeup.GPU.Foreground recorded 2 samples, mean = 1.0 (flags = 0x41)
0  O                                                                         (0 = 0.0%)
1  --O                                                                       (2 = 100.0%) {0.0%}
2  O                                                                         (0 = 0.0%) {100.0%}

Histogram: ThreadPool.UnnecessaryWakeup.Renderer.Foreground recorded 85 samples, mean = 1.0 (flags = 0x41)
0  O                                                                         (0 = 0.0%)
1  ------------------------------------------------------------------------O (85 = 100.0%) {0.0%}
2  O                                                                         (0 = 0.0%) {100.0%}

Histogram: Translate.ApplicationStart.AlwaysTranslateLanguage.Count recorded 1 samples, mean = 0.0 (flags = 0x41)
0  -O                                                                        (1 = 100.0%)
1  ... 

Histogram: Translate.ApplicationStart.NeverTranslateLanguage recorded 1 samples (flags = 0x41)
-74147910-O                                                                        (1 = 100.0%)

Histogram: Translate.ApplicationStart.NeverTranslateLanguage.Count recorded 1 samples, mean = 1.0 (flags = 0x41)
0  O                                                                         (0 = 0.0%)
1  -O                                                                        (1 = 100.0%) {0.0%}
2  ... 

Histogram: Translate.ApplicationStart.NeverTranslateSite.Count recorded 1 samples, mean = 0.0 (flags = 0x41)
0  -O                                                                        (1 = 100.0%)
1  ... 

Histogram: Translate.LanguageDetection.LanguageVerification recorded 1 samples, mean = 2.0 (flags = 0x41)
0  ... 
2  -O                                                                        (1 = 100.0%) {0.0%}
3  ... 

Histogram: Translate.LanguageDeterminedDuration recorded 1 samples, mean = 424.0 (flags = 0x41)
0    ... 
398  -O                                                                        (1 = 100.0%) {0.0%}
539  ... 

Histogram: Translate.PageLoad.FinalSourceLanguage recorded 1 samples (flags = 0x41)
-74147910-O                                                                        (1 = 100.0%)

Histogram: Translate.PageLoad.FinalState recorded 1 samples, mean = 1.0 (flags = 0x41)
0  O                                                                         (0 = 0.0%)
1  -O                                                                        (1 = 100.0%) {0.0%}
2  ... 

Histogram: Translate.PageLoad.FinalTargetLanguage recorded 1 samples (flags = 0x41)
-74147910-O                                                                        (1 = 100.0%)

Histogram: Translate.PageLoad.InitialSourceLanguage recorded 1 samples (flags = 0x41)
-74147910-O                                                                        (1 = 100.0%)

Histogram: Translate.PageLoad.InitialState recorded 1 samples, mean = 1.0 (flags = 0x41)
0  O                                                                         (0 = 0.0%)
1  -O                                                                        (1 = 100.0%) {0.0%}
2  ... 

Histogram: Translate.PageLoad.InitialTargetLanguage recorded 1 samples (flags = 0x41)
-74147910-O                                                                        (1 = 100.0%)

Histogram: Translate.PageLoad.InitialTargetLanguage.Origin recorded 1 samples, mean = 1.0 (flags = 0x41)
0  O                                                                         (0 = 0.0%)
1  -O                                                                        (1 = 100.0%) {0.0%}
2  ... 

Histogram: Translate.PageLoad.IsInitialSourceLanguageInUsersContentLanguages recorded 1 samples, mean = 1.0 (flags = 0x41)
0  O                                                                         (0 = 0.0%)
1  -O                                                                        (1 = 100.0%) {0.0%}
2  O                                                                         (0 = 0.0%) {100.0%}

Histogram: Translate.PageLoad.NumReversions recorded 1 samples, mean = 0.0 (flags = 0x41)
0  -O                                                                        (1 = 100.0%)
1  ... 

Histogram: Translate.PageLoad.NumTargetLanguageChanges recorded 1 samples, mean = 0.0 (flags = 0x41)
0  -O                                                                        (1 = 100.0%)
1  ... 

Histogram: Translate.PageLoad.NumTranslations recorded 1 samples, mean = 0.0 (flags = 0x41)
0  -O                                                                        (1 = 100.0%)
1  ... 

Histogram: Translate.PageLoad.Ranker.Decision recorded 1 samples, mean = 1.0 (flags = 0x41)
0  O                                                                         (0 = 0.0%)
1  -O                                                                        (1 = 100.0%) {0.0%}
2  ... 

Histogram: Translate.PageLoad.Ranker.Version recorded 1 samples (flags = 0x41)
0  -O                                                                        (1 = 100.0%)

Histogram: Translate.PageLoad.TriggerDecision recorded 1 samples, mean = 4.0 (flags = 0x41)
0  ... 
4  -O                                                                        (1 = 100.0%) {0.0%}
5  ... 

Histogram: Translate.Ranker.Model.Status2 recorded 2 samples, mean = 6.5 (flags = 0x41)
0  ... 
6  -O                                                                        (1 = 50.0%) {0.0%}
7  -O                                                                        (1 = 50.0%) {50.0%}
8  O                                                                         (0 = 0.0%) {100.0%}

Histogram: UI.DeviceScale recorded 1 samples (flags = 0x41)
100  -O                                                                        (1 = 100.0%)

Histogram: UKM.ConsentObserver.Purge recorded 1 samples, mean = 0.0 (flags = 0x41)
0  -O                                                                        (1 = 100.0%)
1  ... 

Histogram: UKM.Entries.Dropped recorded 234 samples, mean = 1.0 (flags = 0x41)
0  O                                                                         (0 = 0.0%)
1  ------------------------------------------------------------------------O (234 = 100.0%) {0.0%}
2  ... 

Histogram: UKM.Entries.Dropped.ByEntryHash recorded 234 samples (flags = 0x41)
58315124    -O                                                                        (1 = 0.4%)
181657211   --O                                                                       (2 = 0.9%)
189164898   -O                                                                        (1 = 0.4%)
251237400   -O                                                                        (1 = 0.4%)
270025173   -O                                                                        (1 = 0.4%)
277070773   -O                                                                        (1 = 0.4%)
385121421   -O                                                                        (1 = 0.4%)
480593958   -----O                                                                    (5 = 2.1%)
532600439   ---O                                                                      (3 = 1.3%)
575234402   -O                                                                        (1 = 0.4%)
624513781   -O                                                                        (1 = 0.4%)
654949485   ------------------------------------------------------------------------O (76 = 32.5%)
661477988   -O                                                                        (1 = 0.4%)
705322609   ---O                                                                      (3 = 1.3%)
805578149   -O                                                                        (1 = 0.4%)
810755299   -O                                                                        (1 = 0.4%)
828084724   -----------------O                                                        (18 = 7.7%)
854760832   -O                                                                        (1 = 0.4%)
888761441   -O                                                                        (1 = 0.4%)
902138984   ------------------------------------O                                     (38 = 16.2%)
938382174   -O                                                                        (1 = 0.4%)
986870865   ----O                                                                     (4 = 1.7%)
1004547038  -O                                                                        (1 = 0.4%)
1035062417  -O                                                                        (1 = 0.4%)
1078164680  --O                                                                       (2 = 0.9%)
1149114043  -O                                                                        (1 = 0.4%)
1262170432  -------O                                                                  (7 = 3.0%)
1321082436  --O                                                                       (2 = 0.9%)
1350795912  -O                                                                        (1 = 0.4%)
1354891390  -O                                                                        (1 = 0.4%)
1404242571  -----------------O                                                        (18 = 7.7%)
1548358279  -O                                                                        (1 = 0.4%)
1576109827  -O                                                                        (1 = 0.4%)
1604233346  --------O                                                                 (8 = 3.4%)
1607081943  -O                                                                        (1 = 0.4%)
1663717192  -O                                                                        (1 = 0.4%)
1767609109  ----------O                                                               (11 = 4.7%)
1790338714  -O                                                                        (1 = 0.4%)
1832900131  ----O                                                                     (4 = 1.7%)
1866365893  -O                                                                        (1 = 0.4%)
1871083634  -O                                                                        (1 = 0.4%)
1982793904  -O                                                                        (1 = 0.4%)
2037740339  -----O                                                                    (5 = 2.1%)
2066033668  -O                                                                        (1 = 0.4%)

Histogram: UKM.PersistentLogRecall.Status recorded 1 samples, mean = 1.0 (flags = 0x41)
0  O                                                                         (0 = 0.0%)
1  -O                                                                        (1 = 100.0%) {0.0%}
2  ... 

Histogram: UKM.Sources.Dropped recorded 7 samples, mean = 1.0 (flags = 0x41)
0  O                                                                         (0 = 0.0%)
1  -------O                                                                  (7 = 100.0%) {0.0%}
2  ... 

Histogram: UKM.WebDXFeatureSets.Dropped recorded 2 samples, mean = 1.0 (flags = 0x41)
0  O                                                                         (0 = 0.0%)
1  --O                                                                       (2 = 100.0%) {0.0%}
2  ... 

Histogram: UMA.ChildProcess.Ping.Periodic recorded 9 samples, mean = 1.0 (flags = 0x41)
0  ---O                                                                      (3 = 33.3%)
1  ---O                                                                      (3 = 33.3%) {33.3%}
2  ---O                                                                      (3 = 33.3%) {66.7%}
3  O                                                                         (0 = 0.0%) {100.0%}

Histogram: UMA.ChildProcess.Ping.SharedMemorySetUp recorded 22 samples, mean = 1.0 (flags = 0x41)
0  --------O                                                                 (8 = 36.4%)
1  -------O                                                                  (7 = 31.8%) {36.4%}
2  -------O                                                                  (7 = 31.8%) {68.2%}
3  O                                                                         (0 = 0.0%) {100.0%}

Histogram: UMA.CleanExitBeaconConsistency3 recorded 1 samples, mean = 1.0 (flags = 0x41)
0  O                                                                         (0 = 0.0%)
1  -O                                                                        (1 = 100.0%) {0.0%}
2  ... 

Histogram: UMA.EntropySourceType recorded 1 samples, mean = 1.0 (flags = 0x41)
0  O                                                                         (0 = 0.0%)
1  -O                                                                        (1 = 100.0%) {0.0%}
2  ... 

Histogram: UMA.LocalHistogram recorded 9 samples, mean = 1.0 (flags = 0x40)
0  O                                                                         (0 = 0.0%)
1  ---------O                                                                (9 = 100.0%) {0.0%}
2  O                                                                         (0 = 0.0%) {100.0%}

Histogram: UMA.MachineIdState recorded 1 samples, mean = 3.0 (flags = 0x41)
0  ... 
3  -O                                                                        (1 = 100.0%) {0.0%}
4  O                                                                         (0 = 0.0%) {100.0%}

Histogram: UMA.MetricsService.Initialize.Time recorded 1 samples, mean = 167.0 (flags = 0x41)
0    ... 
149  -O                                                                        (1 = 100.0%) {0.0%}
196  ... 

Histogram: UMA.MetricsService.PendingOngoingLogOnDisable recorded 1 samples, mean = 0.0 (flags = 0x41)
0  -O                                                                        (1 = 100.0%)
1  ... 

Histogram: UMA.PersistentAllocator.BrowserMetrics.Errors recorded 0 samples (flags = 0x41)
0 ... 

Histogram: UMA.PersistentAllocator.BrowserMetrics.UsedPct recorded 0 samples (flags = 0x41)
0 ... 

Histogram: UMA.PersistentAllocator.EarlyHistograms.BrowserMetrics recorded 1 samples, mean = 1.0 (flags = 0x41)
0  O                                                                         (0 = 0.0%)
1  -O                                                                        (1 = 100.0%) {0.0%}
2  ... 

Histogram: UMA.PersistentAllocator.EarlyHistograms.GpuMetrics recorded 1 samples, mean = 25.0 (flags = 0x41)
0   ... 
25  -O                                                                        (1 = 100.0%) {0.0%}
26  ... 

Histogram: UMA.PersistentAllocator.EarlyHistograms.RendererMetrics recorded 3 samples, mean = 29.0 (flags = 0x41)
0   ... 
25  -O                                                                        (1 = 33.3%) {0.0%}
26  ... 
30  -O                                                                        (1 = 33.3%) {33.3%}
32  -O                                                                        (1 = 33.3%) {66.7%}
34  ... 

Histogram: UMA.PersistentAllocator.EarlyHistograms.UtilityMetrics recorded 3 samples, mean = 7.0 (flags = 0x41)
0  ... 
7  ---O                                                                      (3 = 100.0%) {0.0%}
8  ... 

Histogram: UMA.PersistentAllocator.FieldTrialAllocator.Errors recorded 0 samples (flags = 0x41)
0 ... 

Histogram: UMA.PersistentAllocator.FieldTrialAllocator.UsedPct recorded 8 samples, mean = 0.0 (flags = 0x41)
0  --------O                                                                 (8 = 100.0%)
1  ... 

Histogram: UMA.PersistentHistograms.InitResult recorded 1 samples, mean = 2.0 (flags = 0x41)
0  ... 
2  -O                                                                        (1 = 100.0%) {0.0%}
3  ... 

Histogram: UMA.Pseudo.PageLoad.LayoutInstability.CumulativeShiftScore recorded 1 samples, mean = 0.0 (flags = 0x41)
0  -O                                                                        (1 = 100.0%)
1  ... 

Histogram: UMA.Pseudo.PageLoad.LayoutInstability.MaxCumulativeShiftScore.SessionWindow.Gap1000ms.Max5000ms2 recorded 1 samples, mean = 0.0 (flags = 0x41)
0  -O                                                                        (1 = 100.0%)
1  ... 

Histogram: UnifiedConsent.MakeSearchesAndBrowsingBetter.OnProfileLoad recorded 1 samples, mean = 0.0 (flags = 0x41)
0  -O                                                                        (1 = 100.0%)
1  ... 

Histogram: UpdateClient.Component.UpdateCheckResult recorded 19 samples, mean = 3.0 (flags = 0x41)
0  ... 
3  -------------------O                                                      (19 = 100.0%) {0.0%}
4  O                                                                         (0 = 0.0%) {100.0%}

Histogram: V8.CollectSourcePositions recorded 4 samples, mean = 93.5 (flags = 0x41)
0    ... 
65   ---O                                                                      (3 = 75.0%) {0.0%}
86   ... 
149  -O                                                                        (1 = 25.0%) {75.0%}
196  ... 

Histogram: V8.CompileLazyMicroSeconds recorded 7 samples, mean = 3463.6 (flags = 0x41)
0      ... 
40     -O                                                                        (1 = 14.3%) {0.0%}
55     -O                                                                        (1 = 14.3%) {14.3%}
76     -O                                                                        (1 = 14.3%) {28.6%}
105    ... 
1043   -O                                                                        (1 = 14.3%) {42.9%}
1447   -O                                                                        (1 = 14.3%) {57.1%}
2008   ... 
3865   -O                                                                        (1 = 14.3%) {71.4%}
5362   ... 
14319  -O                                                                        (1 = 14.3%) {85.7%}
19866  ... 

Histogram: V8.CompileMicroSeconds recorded 22 samples, mean = 106.7 (flags = 0x41)
0     ... 
3     -----O                                                                    (5 = 22.7%) {0.0%}
4     ----O                                                                     (4 = 18.2%) {22.7%}
5     -O                                                                        (1 = 4.5%) {40.9%}
7     O                                                                         (0 = 0.0%) {45.5%}
9     -O                                                                        (1 = 4.5%) {45.5%}
12    --O                                                                       (2 = 9.1%) {50.0%}
16    --O                                                                       (2 = 9.1%) {59.1%}
21    --O                                                                       (2 = 9.1%) {68.2%}
28    ---O                                                                      (3 = 13.6%) {77.3%}
37    ... 
149   -O                                                                        (1 = 4.5%) {90.9%}
196   ... 
1774  -O                                                                        (1 = 4.5%) {95.5%}
2336  ... 

Histogram: V8.CompileScript.CacheBehaviour recorded 48 samples, mean = 9.2 (flags = 0x41)
0   ... 
4   ----------------O                                                         (16 = 33.3%) {0.0%}
5   ... 
8   --O                                                                       (2 = 4.2%) {33.3%}
9   ... 
12  --------------------------O                                               (26 = 54.2%) {37.5%}
13  ----O                                                                     (4 = 8.3%) {91.7%}
14  ... 

Histogram: V8.CompileScriptMicroSeconds recorded 48 samples, mean = 127.6 (flags = 0x41)
0     ... 
3     -O                                                                        (1 = 2.1%) {0.0%}
4     ---O                                                                      (3 = 6.2%) {2.1%}
5     -----O                                                                    (5 = 10.4%) {8.3%}
7     -----O                                                                    (5 = 10.4%) {18.8%}
9     ----O                                                                     (4 = 8.3%) {29.2%}
12    ----------O                                                               (10 = 20.8%) {37.5%}
16    -O                                                                        (1 = 2.1%) {58.3%}
21    -----O                                                                    (5 = 10.4%) {60.4%}
28    --O                                                                       (2 = 4.2%) {70.8%}
37    ----O                                                                     (4 = 8.3%) {75.0%}
49    ---O                                                                      (3 = 6.2%) {83.3%}
65    --O                                                                       (2 = 4.2%) {89.6%}
86    ... 
196   -O                                                                        (1 = 2.1%) {93.8%}
258   O                                                                         (0 = 0.0%) {95.8%}
340   -O                                                                        (1 = 2.1%) {95.8%}
448   ... 
4053  -O                                                                        (1 = 2.1%) {97.9%}
5338  ... 

Histogram: V8.CompileScriptMicroSeconds.BackgroundThread recorded 26 samples, mean = 5322.7 (flags = 0x41)
0      ... 
86     -O                                                                        (1 = 3.8%) {0.0%}
113    -O                                                                        (1 = 3.8%) {3.8%}
149    O                                                                         (0 = 0.0%) {7.7%}
196    --O                                                                       (2 = 7.7%) {7.7%}
258    --O                                                                       (2 = 7.7%) {15.4%}
340    O                                                                         (0 = 0.0%) {23.1%}
448    --O                                                                       (2 = 7.7%) {23.1%}
590    --O                                                                       (2 = 7.7%) {30.8%}
777    ---O                                                                      (3 = 11.5%) {38.5%}
1023   O                                                                         (0 = 0.0%) {50.0%}
1347   ---O                                                                      (3 = 11.5%) {50.0%}
1774   -O                                                                        (1 = 3.8%) {61.5%}
2336   O                                                                         (0 = 0.0%) {65.4%}
3077   --O                                                                       (2 = 7.7%) {65.4%}
4053   ... 
7031   -O                                                                        (1 = 3.8%) {73.1%}
9260   --O                                                                       (2 = 7.7%) {76.9%}
12196  -O                                                                        (1 = 3.8%) {84.6%}
16063  -O                                                                        (1 = 3.8%) {88.5%}
21156  -O                                                                        (1 = 3.8%) {92.3%}
27864  -O                                                                        (1 = 3.8%) {96.2%}
36699  ... 

Histogram: V8.CompileScriptMicroSeconds.NoCache.InlineScript recorded 16 samples, mean = 45.7 (flags = 0x41)
0    ... 
5    -O                                                                        (1 = 6.2%) {0.0%}
7    O                                                                         (0 = 0.0%) {6.2%}
9    -O                                                                        (1 = 6.2%) {6.2%}
12   ---O                                                                      (3 = 18.8%) {12.5%}
16   -O                                                                        (1 = 6.2%) {31.2%}
21   ---O                                                                      (3 = 18.8%) {37.5%}
28   O                                                                         (0 = 0.0%) {56.2%}
37   --O                                                                       (2 = 12.5%) {56.2%}
49   --O                                                                       (2 = 12.5%) {68.8%}
65   -O                                                                        (1 = 6.2%) {81.2%}
86   -O                                                                        (1 = 6.2%) {87.5%}
113  ... 
196  -O                                                                        (1 = 6.2%) {93.8%}
258  ... 

Histogram: V8.CompileScriptMicroSeconds.NoCache.Other recorded 6 samples, mean = 859.2 (flags = 0x41)
0     ... 
28    -O                                                                        (1 = 16.7%) {0.0%}
37    -O                                                                        (1 = 16.7%) {16.7%}
49    --O                                                                       (2 = 33.3%) {33.3%}
65    ... 
340   -O                                                                        (1 = 16.7%) {66.7%}
448   ... 
4053  -O                                                                        (1 = 16.7%) {83.3%}
5338  ... 

Histogram: V8.CompileScriptMicroSeconds.StreamingFinalization recorded 26 samples, mean = 11.6 (flags = 0x41)
0   ... 
4   --O                                                                       (2 = 7.7%) {0.0%}
5   ------O                                                                   (6 = 23.1%) {7.7%}
7   ---O                                                                      (3 = 11.5%) {30.8%}
9   ----O                                                                     (4 = 15.4%) {42.3%}
12  --------O                                                                 (8 = 30.8%) {57.7%}
16  O                                                                         (0 = 0.0%) {88.5%}
21  -O                                                                        (1 = 3.8%) {88.5%}
28  -O                                                                        (1 = 3.8%) {92.3%}
37  -O                                                                        (1 = 3.8%) {96.2%}
49  ... 

Histogram: V8.ErrorsThrownPerContext recorded 1 samples, mean = 0.0 (flags = 0x41)
0  -O                                                                        (1 = 100.0%)
1  ... 

Histogram: V8.GC.Cycle.CollectionRate.Full recorded 1 samples, mean = 85.0 (flags = 0x41)
0   ... 
80  -O                                                                        (1 = 100.0%) {0.0%}
100 O                                                                         (0 = 0.0%) {100.0%}

Histogram: V8.GC.Cycle.CollectionRate.Full.Cpp recorded 1 samples, mean = 55.0 (flags = 0x41)
0   ... 
51  -O                                                                        (1 = 100.0%) {0.0%}
64  ... 

Histogram: V8.GC.Cycle.CollectionRate.Young recorded 11 samples, mean = 34.0 (flags = 0x41)
0   ... 
14  -O                                                                        (1 = 9.1%) {0.0%}
17  --O                                                                       (2 = 18.2%) {9.1%}
21  ... 
33  ------O                                                                   (6 = 54.5%) {27.3%}
41  -O                                                                        (1 = 9.1%) {81.8%}
51  -O                                                                        (1 = 9.1%) {90.9%}
64  ... 

Histogram: V8.GC.Cycle.CollectionWeight.Full recorded 1 samples, mean = 0.0 (flags = 0x41)
0  -O                                                                        (1 = 100.0%)
1  ... 

Histogram: V8.GC.Cycle.CollectionWeight.Full.Cpp recorded 1 samples, mean = 0.0 (flags = 0x41)
0  -O                                                                        (1 = 100.0%)
1  ... 

Histogram: V8.GC.Cycle.CollectionWeight.MainThread.Full recorded 1 samples, mean = 0.0 (flags = 0x41)
0  -O                                                                        (1 = 100.0%)
1  ... 

Histogram: V8.GC.Cycle.CollectionWeight.MainThread.Full.Cpp recorded 1 samples, mean = 0.0 (flags = 0x41)
0  -O                                                                        (1 = 100.0%)
1  ... 

Histogram: V8.GC.Cycle.Efficiency.Full recorded 1 samples, mean = 48.0 (flags = 0x41)
0   ... 
48  -O                                                                        (1 = 100.0%) {0.0%}
65  ... 

Histogram: V8.GC.Cycle.Efficiency.Full.Cpp recorded 1 samples, mean = 324.0 (flags = 0x41)
0    ... 
302  -O                                                                        (1 = 100.0%) {0.0%}
411  ... 

Histogram: V8.GC.Cycle.Efficiency.MainThread.Full recorded 1 samples, mean = 208.0 (flags = 0x41)
0    ... 
163  -O                                                                        (1 = 100.0%) {0.0%}
222  ... 

Histogram: V8.GC.Cycle.Efficiency.MainThread.Full.Cpp recorded 1 samples, mean = 642.0 (flags = 0x41)
0    ... 
559  -O                                                                        (1 = 100.0%) {0.0%}
760  ... 

Histogram: V8.GC.Cycle.Efficiency.MainThread.Young recorded 11 samples, mean = 1773.5 (flags = 0x41)
0     ... 
302   -O                                                                        (1 = 9.1%) {0.0%}
411   O                                                                         (0 = 0.0%) {9.1%}
559   --O                                                                       (2 = 18.2%) {9.1%}
760   -O                                                                        (1 = 9.1%) {27.3%}
1034  O                                                                         (0 = 0.0%) {36.4%}
1407  --O                                                                       (2 = 18.2%) {36.4%}
1914  ---O                                                                      (3 = 27.3%) {54.5%}
2604  --O                                                                       (2 = 18.2%) {81.8%}
3542  ... 

Histogram: V8.GC.Cycle.Efficiency.Young recorded 11 samples, mean = 796.1 (flags = 0x41)
0     ... 
222   -O                                                                        (1 = 9.1%) {0.0%}
302   -O                                                                        (1 = 9.1%) {9.1%}
411   --O                                                                       (2 = 18.2%) {18.2%}
559   --O                                                                       (2 = 18.2%) {36.4%}
760   -O                                                                        (1 = 9.1%) {54.5%}
1034  ---O                                                                      (3 = 27.3%) {63.6%}
1407  -O                                                                        (1 = 9.1%) {90.9%}
1914  ... 

Histogram: V8.GC.Cycle.Full recorded 1 samples, mean = 42.0 (flags = 0x41)
0   ... 
40  -O                                                                        (1 = 100.0%) {0.0%}
48  ... 

Histogram: V8.GC.Cycle.Full.Compact recorded 1 samples, mean = 7.0 (flags = 0x41)
0  ... 
7  -O                                                                        (1 = 100.0%) {0.0%}
8  ... 

Histogram: V8.GC.Cycle.Full.Compact.Cpp recorded 1 samples, mean = 2.0 (flags = 0x41)
0  ... 
2  -O                                                                        (1 = 100.0%) {0.0%}
3  ... 

Histogram: V8.GC.Cycle.Full.Cpp recorded 1 samples, mean = 13.0 (flags = 0x41)
0   ... 
12  -O                                                                        (1 = 100.0%) {0.0%}
14  ... 

Histogram: V8.GC.Cycle.Full.Mark recorded 1 samples, mean = 27.0 (flags = 0x41)
0   ... 
24  -O                                                                        (1 = 100.0%) {0.0%}
29  ... 

Histogram: V8.GC.Cycle.Full.Mark.Cpp recorded 1 samples, mean = 8.0 (flags = 0x41)
0  ... 
8  -O                                                                        (1 = 100.0%) {0.0%}
10 ... 

Histogram: V8.GC.Cycle.Full.Sweep recorded 1 samples, mean = 3.0 (flags = 0x41)
0  ... 
3  -O                                                                        (1 = 100.0%) {0.0%}
4  ... 

Histogram: V8.GC.Cycle.Full.Sweep.Cpp recorded 1 samples, mean = 2.0 (flags = 0x41)
0  ... 
2  -O                                                                        (1 = 100.0%) {0.0%}
3  ... 

Histogram: V8.GC.Cycle.Full.Weak recorded 1 samples, mean = 0.0 (flags = 0x41)
0  -O                                                                        (1 = 100.0%)
1  ... 

Histogram: V8.GC.Cycle.Full.Weak.Cpp recorded 1 samples, mean = 0.0 (flags = 0x41)
0  -O                                                                        (1 = 100.0%)
1  ... 

Histogram: V8.GC.Cycle.MainThread.Full recorded 1 samples, mean = 9.0 (flags = 0x41)
0  ... 
8  -O                                                                        (1 = 100.0%) {0.0%}
10 ... 

Histogram: V8.GC.Cycle.MainThread.Full.Atomic recorded 1 samples, mean = 7.0 (flags = 0x41)
0  ... 
7  -O                                                                        (1 = 100.0%) {0.0%}
8  ... 

Histogram: V8.GC.Cycle.MainThread.Full.Atomic.Compact recorded 1 samples, mean = 2.0 (flags = 0x41)
0  ... 
2  -O                                                                        (1 = 100.0%) {0.0%}
3  ... 

Histogram: V8.GC.Cycle.MainThread.Full.Atomic.Compact.Cpp recorded 1 samples, mean = 2.0 (flags = 0x41)
0  ... 
2  -O                                                                        (1 = 100.0%) {0.0%}
3  ... 

Histogram: V8.GC.Cycle.MainThread.Full.Atomic.Cpp recorded 1 samples, mean = 2.0 (flags = 0x41)
0  ... 
2  -O                                                                        (1 = 100.0%) {0.0%}
3  ... 

Histogram: V8.GC.Cycle.MainThread.Full.Atomic.Mark recorded 1 samples, mean = 0.0 (flags = 0x41)
0  -O                                                                        (1 = 100.0%)
1  ... 

Histogram: V8.GC.Cycle.MainThread.Full.Atomic.Mark.Cpp recorded 1 samples, mean = 0.0 (flags = 0x41)
0  -O                                                                        (1 = 100.0%)
1  ... 

Histogram: V8.GC.Cycle.MainThread.Full.Atomic.Sweep recorded 1 samples, mean = 0.0 (flags = 0x41)
0  -O                                                                        (1 = 100.0%)
1  ... 

Histogram: V8.GC.Cycle.MainThread.Full.Atomic.Sweep.Cpp recorded 1 samples, mean = 0.0 (flags = 0x41)
0  -O                                                                        (1 = 100.0%)
1  ... 

Histogram: V8.GC.Cycle.MainThread.Full.Atomic.Weak recorded 1 samples, mean = 0.0 (flags = 0x41)
0  -O                                                                        (1 = 100.0%)
1  ... 

Histogram: V8.GC.Cycle.MainThread.Full.Atomic.Weak.Cpp recorded 1 samples, mean = 0.0 (flags = 0x41)
0  -O                                                                        (1 = 100.0%)
1  ... 

Histogram: V8.GC.Cycle.MainThread.Full.Compact recorded 1 samples, mean = 2.0 (flags = 0x41)
0  ... 
2  -O                                                                        (1 = 100.0%) {0.0%}
3  ... 

Histogram: V8.GC.Cycle.MainThread.Full.Compact.Cpp recorded 1 samples, mean = 2.0 (flags = 0x41)
0  ... 
2  -O                                                                        (1 = 100.0%) {0.0%}
3  ... 

Histogram: V8.GC.Cycle.MainThread.Full.Cpp recorded 1 samples, mean = 6.0 (flags = 0x41)
0  ... 
6  -O                                                                        (1 = 100.0%) {0.0%}
7  ... 

Histogram: V8.GC.Cycle.MainThread.Full.Incremental.Mark recorded 1 samples, mean = 2.0 (flags = 0x41)
0  ... 
2  -O                                                                        (1 = 100.0%) {0.0%}
3  ... 

Histogram: V8.GC.Cycle.MainThread.Full.Incremental.Mark.Cpp recorded 1 samples, mean = 2.0 (flags = 0x41)
0  ... 
2  -O                                                                        (1 = 100.0%) {0.0%}
3  ... 

Histogram: V8.GC.Cycle.MainThread.Full.Incremental.Mark.StartStop recorded 1 samples, mean = 4.0 (flags = 0x41)
0  ... 
4  -O                                                                        (1 = 100.0%) {0.0%}
5  ... 

Histogram: V8.GC.Cycle.MainThread.Full.Incremental.Sweep recorded 1 samples, mean = 0.0 (flags = 0x41)
0  -O                                                                        (1 = 100.0%)
1  ... 

Histogram: V8.GC.Cycle.MainThread.Full.Incremental.Sweep.Cpp recorded 1 samples, mean = 1.0 (flags = 0x41)
0  O                                                                         (0 = 0.0%)
1  -O                                                                        (1 = 100.0%) {0.0%}
2  ... 

Histogram: V8.GC.Cycle.MainThread.Full.Mark recorded 1 samples, mean = 2.0 (flags = 0x41)
0  ... 
2  -O                                                                        (1 = 100.0%) {0.0%}
3  ... 

Histogram: V8.GC.Cycle.MainThread.Full.Mark.Cpp recorded 1 samples, mean = 2.0 (flags = 0x41)
0  ... 
2  -O                                                                        (1 = 100.0%) {0.0%}
3  ... 

Histogram: V8.GC.Cycle.MainThread.Full.Sweep recorded 1 samples, mean = 0.0 (flags = 0x41)
0  -O                                                                        (1 = 100.0%)
1  ... 

Histogram: V8.GC.Cycle.MainThread.Full.Sweep.Cpp recorded 1 samples, mean = 2.0 (flags = 0x41)
0  ... 
2  -O                                                                        (1 = 100.0%) {0.0%}
3  ... 

Histogram: V8.GC.Cycle.MainThread.Full.Weak recorded 1 samples, mean = 0.0 (flags = 0x41)
0  -O                                                                        (1 = 100.0%)
1  ... 

Histogram: V8.GC.Cycle.MainThread.Full.Weak.Cpp recorded 1 samples, mean = 0.0 (flags = 0x41)
0  -O                                                                        (1 = 100.0%)
1  ... 

Histogram: V8.GC.Cycle.MainThread.Young recorded 11 samples, mean = 0.3 (flags = 0x41)
0  --------O                                                                 (8 = 72.7%)
1  ---O                                                                      (3 = 27.3%) {72.7%}
2  ... 

Histogram: V8.GC.Cycle.Memory.Freed.Full recorded 1 samples, mean = 8448.0 (flags = 0x41)
0     ... 
6554  -O                                                                        (1 = 100.0%) {0.0%}
8915  ... 

Histogram: V8.GC.Cycle.Memory.Freed.Full.Cpp recorded 1 samples, mean = 3584.0 (flags = 0x41)
0     ... 
3542  -O                                                                        (1 = 100.0%) {0.0%}
4818  ... 

Histogram: V8.GC.Cycle.Objects.After.Full recorded 1 samples, mean = 12595.0 (flags = 0x41)
0      ... 
12127  -O                                                                        (1 = 100.0%) {0.0%}
16496  ... 

Histogram: V8.GC.Cycle.Objects.After.Full.Cpp recorded 1 samples, mean = 5238.0 (flags = 0x41)
0     ... 
4818  -O                                                                        (1 = 100.0%) {0.0%}
6554  ... 

Histogram: V8.GC.Cycle.Objects.Before.Full recorded 1 samples, mean = 14646.0 (flags = 0x41)
0      ... 
12127  -O                                                                        (1 = 100.0%) {0.0%}
16496  ... 

Histogram: V8.GC.Cycle.Objects.Before.Full.Cpp recorded 1 samples, mean = 9494.0 (flags = 0x41)
0     ... 
8915  -O                                                                        (1 = 100.0%) {0.0%}
12127 ... 

Histogram: V8.GC.Cycle.Objects.Freed.Full recorded 1 samples, mean = 2050.0 (flags = 0x41)
0     ... 
1914  -O                                                                        (1 = 100.0%) {0.0%}
2604  ... 

Histogram: V8.GC.Cycle.Objects.Freed.Full.Cpp recorded 1 samples, mean = 4255.0 (flags = 0x41)
0     ... 
3542  -O                                                                        (1 = 100.0%) {0.0%}
4818  ... 

Histogram: V8.GC.Cycle.Reason.Full recorded 1 samples, mean = 9.0 (flags = 0x41)
0  ... 
9  -O                                                                        (1 = 100.0%) {0.0%}
10 ... 

Histogram: V8.GC.Cycle.Reason.Young recorded 11 samples, mean = 2.0 (flags = 0x41)
0   O                                                                         (0 = 0.0%)
1   ----------O                                                               (10 = 90.9%) {0.0%}
2   ... 
12  -O                                                                        (1 = 9.1%) {90.9%}
13  ... 

Histogram: V8.GC.Cycle.Young recorded 11 samples, mean = 1.5 (flags = 0x41)
0  O                                                                         (0 = 0.0%)
1  -------O                                                                  (7 = 63.6%) {0.0%}
2  --O                                                                       (2 = 18.2%) {63.6%}
3  --O                                                                       (2 = 18.2%) {81.8%}
4  ... 

Histogram: V8.GC.Event.MainThread.Full.Finalize.Incremental.ReduceMemory recorded 2 samples, mean = 5.5 (flags = 0x41)
0  ... 
4  -O                                                                        (1 = 50.0%) {0.0%}
5  ... 
7  -O                                                                        (1 = 50.0%) {50.0%}
8  ... 

Histogram: V8.GC.Event.MainThread.Full.Finalize.Incremental.ReduceMemory.Foreground recorded 2 samples, mean = 5.5 (flags = 0x41)
0  ... 
4  -O                                                                        (1 = 50.0%) {0.0%}
5  ... 
7  -O                                                                        (1 = 50.0%) {50.0%}
8  ... 

Histogram: V8.GC.Event.MainThread.Full.Incremental.Mark recorded 37 samples, mean = 0.0 (flags = 0x41)
0  -------------------------------------O                                    (37 = 100.0%)
1  ... 

Histogram: V8.GC.Event.MainThread.Full.Incremental.Mark.Cpp recorded 55 samples, mean = 0.0 (flags = 0x41)
0  ------------------------------------------------------O                   (54 = 98.2%)
1  -O                                                                        (1 = 1.8%) {98.2%}
2  ... 

Histogram: V8.GC.Event.MainThread.Full.Incremental.Sweep.Cpp recorded 113 samples, mean = 0.0 (flags = 0x41)
0  ------------------------------------------------------------------------O (112 = 99.1%)
1  -O                                                                        (1 = 0.9%) {99.1%}
2  ... 

Histogram: V8.GC.TimeToSafepoint recorded 15 samples, mean = 3.7 (flags = 0x41)
0   -------O                                                                  (7 = 46.7%)
1   -----O                                                                    (5 = 33.3%) {46.7%}
2   ... 
4   -O                                                                        (1 = 6.7%) {80.0%}
6   ... 
11  -O                                                                        (1 = 6.7%) {86.7%}
15  ... 
29  -O                                                                        (1 = 6.7%) {93.3%}
40  ... 

Histogram: V8.GCIncrementalMarking recorded 52 samples, mean = 0.0 (flags = 0x41)
0  --------------------------------------------------O                       (50 = 96.2%)
1  --O                                                                       (2 = 3.8%) {96.2%}
2  ... 

Histogram: V8.GCIncrementalMarkingReason recorded 2 samples, mean = 17.0 (flags = 0x41)
0   ... 
17  --O                                                                       (2 = 100.0%) {0.0%}
18  ... 

Histogram: V8.GCIncrementalMarkingStart recorded 2 samples, mean = 0.5 (flags = 0x41)
0  -O                                                                        (1 = 50.0%)
1  -O                                                                        (1 = 50.0%) {50.0%}
2  ... 

Histogram: V8.GCMarkCompactReason recorded 1 samples, mean = 9.0 (flags = 0x41)
0  ... 
9  -O                                                                        (1 = 100.0%) {0.0%}
10 ... 

Histogram: V8.GCScavenger.ScavengeMain recorded 11 samples, mean = 0.0 (flags = 0x41)
0  -----------O                                                              (11 = 100.0%)
1  ... 

Histogram: V8.GCScavenger.ScavengeRoots recorded 11 samples, mean = 0.0 (flags = 0x41)
0  -----------O                                                              (11 = 100.0%)
1  ... 

Histogram: V8.JSDispatchTableEntriesCount recorded 2 samples, mean = 0.0 (flags = 0x41)
0  --O                                                                       (2 = 100.0%)
1  ... 

Histogram: V8.LocalWindowProxy.CreateContextTime recorded 4 samples, mean = 4.0 (flags = 0x41)
0   --O                                                                       (2 = 50.0%)
1   -O                                                                        (1 = 25.0%) {50.0%}
2   ... 
14  -O                                                                        (1 = 25.0%) {75.0%}
17  ... 

Histogram: V8.LocalWindowProxy.InitializeTime recorded 4 samples, mean = 6.0 (flags = 0x41)
0   O                                                                         (0 = 0.0%)
1   --O                                                                       (2 = 50.0%) {0.0%}
2   O                                                                         (0 = 0.0%) {50.0%}
3   -O                                                                        (1 = 25.0%) {50.0%}
4   ... 
17  -O                                                                        (1 = 25.0%) {75.0%}
20  ... 

Histogram: V8.MaglevOptimizeExecute recorded 154 samples, mean = 294.4 (flags = 0x41)
0     ... 
16    -O                                                                        (1 = 0.6%) {0.0%}
20    O                                                                         (0 = 0.0%) {0.6%}
25    --O                                                                       (2 = 1.3%) {0.6%}
31    O                                                                         (0 = 0.0%) {1.9%}
39    -----O                                                                    (5 = 3.2%) {1.9%}
49    ---------O                                                                (9 = 5.8%) {5.2%}
61    --------O                                                                 (8 = 5.2%) {11.0%}
76    --------O                                                                 (8 = 5.2%) {16.2%}
95    --------------------O                                                     (20 = 13.0%) {21.4%}
119   ----------------------O                                                   (22 = 14.3%) {34.4%}
149   --------------------O                                                     (20 = 13.0%) {48.7%}
186   -----------O                                                              (11 = 7.1%) {61.7%}
233   -----------------O                                                        (17 = 11.0%) {68.8%}
292   ------------O                                                             (12 = 7.8%) {79.9%}
365   -----O                                                                    (5 = 3.2%) {87.7%}
457   --O                                                                       (2 = 1.3%) {90.9%}
572   O                                                                         (0 = 0.0%) {92.2%}
716   ----O                                                                     (4 = 2.6%) {92.2%}
896   --O                                                                       (2 = 1.3%) {94.8%}
1122  -O                                                                        (1 = 0.6%) {96.1%}
1404  --O                                                                       (2 = 1.3%) {96.8%}
1757  ... 
2753  -O                                                                        (1 = 0.6%) {98.1%}
3446  -O                                                                        (1 = 0.6%) {98.7%}
4313  -O                                                                        (1 = 0.6%) {99.4%}
5399  ... 

Histogram: V8.MaglevOptimizeFinalize recorded 154 samples, mean = 5.9 (flags = 0x41)
0   -----O                                                                    (5 = 3.2%)
1   ------------O                                                             (12 = 7.8%) {3.2%}
2   -------------O                                                            (13 = 8.4%) {11.0%}
3   ------------------O                                                       (18 = 11.7%) {19.5%}
4   -----------------------O                                                  (23 = 14.9%) {31.2%}
5   ------------------O                                                       (18 = 11.7%) {46.1%}
6   ----------------------------O                                             (28 = 18.2%) {57.8%}
8   -------------------O                                                      (19 = 12.3%) {76.0%}
10  -------O                                                                  (7 = 4.5%) {88.3%}
13  ---O                                                                      (3 = 1.9%) {92.9%}
16  -----O                                                                    (5 = 3.2%) {94.8%}
20  --O                                                                       (2 = 1.3%) {98.1%}
25  ... 
39  -O                                                                        (1 = 0.6%) {99.4%}
49  ... 

Histogram: V8.MaglevOptimizePrepare recorded 154 samples, mean = 0.1 (flags = 0x41)
0  ------------------------------------------------------------------------O (144 = 93.5%)
1  -----O                                                                    (10 = 6.5%) {93.5%}
2  ... 

Histogram: V8.MaglevOptimizeTotalTime recorded 154 samples, mean = 713.3 (flags = 0x41)
0      ... 
37     -O                                                                        (1 = 0.6%) {0.0%}
49     --O                                                                       (2 = 1.3%) {0.6%}
65     -------O                                                                  (7 = 4.5%) {1.9%}
86     -------O                                                                  (7 = 4.5%) {6.5%}
113    ------------------O                                                       (18 = 11.7%) {11.0%}
149    ---------------------------O                                              (27 = 17.5%) {22.7%}
196    ----------------------------O                                             (28 = 18.2%) {40.3%}
258    -------------------------O                                                (25 = 16.2%) {58.4%}
340    -------------O                                                            (13 = 8.4%) {74.7%}
448    --------O                                                                 (8 = 5.2%) {83.1%}
590    ----O                                                                     (4 = 2.6%) {88.3%}
777    ---O                                                                      (3 = 1.9%) {90.9%}
1023   --O                                                                       (2 = 1.3%) {92.9%}
1347   ---O                                                                      (3 = 1.9%) {94.2%}
1774   -O                                                                        (1 = 0.6%) {96.1%}
2336   -O                                                                        (1 = 0.6%) {96.8%}
3077   O                                                                         (0 = 0.0%) {97.4%}
4053   -O                                                                        (1 = 0.6%) {97.4%}
5338   O                                                                         (0 = 0.0%) {98.1%}
7031   --O                                                                       (2 = 1.3%) {98.1%}
9260   ... 
36699  -O                                                                        (1 = 0.6%) {99.4%}
48336  ... 

Histogram: V8.MemoryExternalFragmentationCodeSpace recorded 13 samples, mean = 50.8 (flags = 0x41)
0   ... 
12  -O                                                                        (1 = 7.7%) {0.0%}
13  -O                                                                        (1 = 7.7%) {7.7%}
14  ... 
27  -O                                                                        (1 = 7.7%) {15.4%}
28  ... 
34  -O                                                                        (1 = 7.7%) {23.1%}
35  ... 
43  -O                                                                        (1 = 7.7%) {30.8%}
44  ... 
48  -O                                                                        (1 = 7.7%) {38.5%}
49  ... 
51  -O                                                                        (1 = 7.7%) {46.2%}
52  ... 
63  -O                                                                        (1 = 7.7%) {53.8%}
64  -O                                                                        (1 = 7.7%) {61.5%}
65  ... 
70  -O                                                                        (1 = 7.7%) {69.2%}
71  O                                                                         (0 = 0.0%) {76.9%}
72  -O                                                                        (1 = 7.7%) {76.9%}
73  ... 
77  -O                                                                        (1 = 7.7%) {84.6%}
78  ... 
86  -O                                                                        (1 = 7.7%) {92.3%}
87  ... 

Histogram: V8.MemoryExternalFragmentationLoSpace recorded 13 samples, mean = 1.9 (flags = 0x41)
0  O                                                                         (0 = 0.0%)
1  -------O                                                                  (7 = 53.8%) {0.0%}
2  O                                                                         (0 = 0.0%) {53.8%}
3  ------O                                                                   (6 = 46.2%) {53.8%}
4  ... 

Histogram: V8.MemoryExternalFragmentationOldSpace recorded 13 samples, mean = 9.3 (flags = 0x41)
0   ... 
5   -O                                                                        (1 = 7.7%) {0.0%}
6   O                                                                         (0 = 0.0%) {7.7%}
7   ---O                                                                      (3 = 23.1%) {7.7%}
8   -O                                                                        (1 = 7.7%) {30.8%}
9   ---O                                                                      (3 = 23.1%) {38.5%}
10  --O                                                                       (2 = 15.4%) {61.5%}
11  --O                                                                       (2 = 15.4%) {76.9%}
12  ... 
18  -O                                                                        (1 = 7.7%) {92.3%}
19  ... 

Histogram: V8.MemoryExternalFragmentationTotal recorded 13 samples, mean = 39.5 (flags = 0x41)
0   ... 
13  -O                                                                        (1 = 7.7%) {0.0%}
14  ... 
18  -O                                                                        (1 = 7.7%) {7.7%}
19  ... 
38  ---O                                                                      (3 = 23.1%) {15.4%}
39  ... 
41  -O                                                                        (1 = 7.7%) {38.5%}
42  O                                                                         (0 = 0.0%) {46.2%}
43  --O                                                                       (2 = 15.4%) {46.2%}
44  O                                                                         (0 = 0.0%) {61.5%}
45  -O                                                                        (1 = 7.7%) {61.5%}
46  O                                                                         (0 = 0.0%) {69.2%}
47  -O                                                                        (1 = 7.7%) {69.2%}
48  O                                                                         (0 = 0.0%) {76.9%}
49  --O                                                                       (2 = 15.4%) {76.9%}
50  ... 
52  -O                                                                        (1 = 7.7%) {92.3%}
53  ... 

Histogram: V8.MemoryHeapSampleCodeSpaceCommitted recorded 13 samples, mean = 945.2 (flags = 0x41)
0     -------O                                                                  (7 = 53.8%)
1000  --O                                                                       (2 = 15.4%) {53.8%}
1138  ... 
1474  ---O                                                                      (3 = 23.1%) {69.2%}
1678  O                                                                         (0 = 0.0%) {92.3%}
1910  -O                                                                        (1 = 7.7%) {92.3%}
2174  ... 

Histogram: V8.MemoryHeapSampleMaximumCommitted recorded 13 samples, mean = 14635.1 (flags = 0x41)
0      ... 
4153   -O                                                                        (1 = 7.7%) {0.0%}
4727   ... 
6124   -O                                                                        (1 = 7.7%) {7.7%}
6971   -O                                                                        (1 = 7.7%) {15.4%}
7935   O                                                                         (0 = 0.0%) {23.1%}
9032   -O                                                                        (1 = 7.7%) {23.1%}
10281  --O                                                                       (2 = 15.4%) {30.8%}
11702  -O                                                                        (1 = 7.7%) {46.2%}
13320  -O                                                                        (1 = 7.7%) {53.8%}
15161  ... 
19642  --O                                                                       (2 = 15.4%) {61.5%}
22357  ---O                                                                      (3 = 23.1%) {76.9%}
25447  ... 

Histogram: V8.MemoryHeapSampleTotalCommitted recorded 13 samples, mean = 13256.6 (flags = 0x41)
0      ... 
4153   -O                                                                        (1 = 7.7%) {0.0%}
4727   ... 
6124   -O                                                                        (1 = 7.7%) {7.7%}
6971   -O                                                                        (1 = 7.7%) {15.4%}
7935   O                                                                         (0 = 0.0%) {23.1%}
9032   -O                                                                        (1 = 7.7%) {23.1%}
10281  --O                                                                       (2 = 15.4%) {30.8%}
11702  -O                                                                        (1 = 7.7%) {46.2%}
13320  --O                                                                       (2 = 15.4%) {53.8%}
15161  -O                                                                        (1 = 7.7%) {69.2%}
17257  O                                                                         (0 = 0.0%) {76.9%}
19642  --O                                                                       (2 = 15.4%) {76.9%}
22357  -O                                                                        (1 = 7.7%) {92.3%}
25447  ... 

Histogram: V8.MemoryHeapSampleTotalUsed recorded 13 samples, mean = 8036.3 (flags = 0x41)
0      ... 
2475   -O                                                                        (1 = 7.7%) {0.0%}
2817   O                                                                         (0 = 0.0%) {7.7%}
3206   -O                                                                        (1 = 7.7%) {7.7%}
3649   O                                                                         (0 = 0.0%) {15.4%}
4153   --O                                                                       (2 = 15.4%) {15.4%}
4727   O                                                                         (0 = 0.0%) {30.8%}
5380   --O                                                                       (2 = 15.4%) {30.8%}
6124   O                                                                         (0 = 0.0%) {46.2%}
6971   -O                                                                        (1 = 7.7%) {46.2%}
7935   -O                                                                        (1 = 7.7%) {53.8%}
9032   -O                                                                        (1 = 7.7%) {61.5%}
10281  -O                                                                        (1 = 7.7%) {69.2%}
11702  --O                                                                       (2 = 15.4%) {76.9%}
13320  -O                                                                        (1 = 7.7%) {92.3%}
15161  ... 

Histogram: V8.RegExpBacktracks recorded 261 samples, mean = 1.7 (flags = 0x41)
0    ------O                                                                   (18 = 6.9%)
1    ------------------------------------------------------------------------O (229 = 87.7%) {6.9%}
2    --O                                                                       (5 = 1.9%) {94.6%}
3    -O                                                                        (4 = 1.5%) {96.6%}
4    -O                                                                        (3 = 1.1%) {98.1%}
6    O                                                                         (0 = 0.0%) {99.2%}
9    O                                                                         (1 = 0.4%) {99.2%}
13   ... 
127  O                                                                         (1 = 0.4%) {99.6%}
185  ... 

Histogram: V8.SandboxedCodePointersCount recorded 2 samples, mean = 1135.5 (flags = 0x41)
0     ... 
977   -O                                                                        (1 = 50.0%) {0.0%}
1136  -O                                                                        (1 = 50.0%) {50.0%}
1321  ... 

Histogram: V8.SandboxedCppHeapPointersCount recorded 2 samples, mean = 4333.0 (flags = 0x41)
0     ... 
452   -O                                                                        (1 = 50.0%) {0.0%}
537   ... 
7152  -O                                                                        (1 = 50.0%) {50.0%}
8499  ... 

Histogram: V8.SandboxedExternalPointersCount recorded 15 samples, mean = 2006.3 (flags = 0x41)
0      ---O                                                                      (3 = 20.0%)
1      ... 
6      -O                                                                        (1 = 6.7%) {20.0%}
7      ... 
14     -O                                                                        (1 = 6.7%) {26.7%}
17     O                                                                         (0 = 0.0%) {33.3%}
20     -O                                                                        (1 = 6.7%) {33.3%}
24     ... 
40     -O                                                                        (1 = 6.7%) {40.0%}
48     -O                                                                        (1 = 6.7%) {46.7%}
57     ... 
96     -O                                                                        (1 = 6.7%) {53.3%}
114    ... 
380    -O                                                                        (1 = 6.7%) {60.0%}
452    O                                                                         (0 = 0.0%) {66.7%}
537    -O                                                                        (1 = 6.7%) {66.7%}
638    O                                                                         (0 = 0.0%) {73.3%}
758    -O                                                                        (1 = 6.7%) {73.3%}
901    ... 
1798   -O                                                                        (1 = 6.7%) {80.0%}
2137   ... 
12002  --O                                                                       (2 = 13.3%) {86.7%}
14263  ... 

Histogram: V8.SandboxedTrustedPointersCount recorded 2 samples, mean = 3888.0 (flags = 0x41)
0     ... 
3799  --O                                                                       (2 = 100.0%) {0.0%}
4418  ... 

Histogram: V8.SnapshotDeserializeContextMicroSeconds recorded 6 samples, mean = 445.0 (flags = 0x41)
0    ... 
196  -O                                                                        (1 = 16.7%) {0.0%}
258  -O                                                                        (1 = 16.7%) {16.7%}
340  O                                                                         (0 = 0.0%) {33.3%}
448  ---O                                                                      (3 = 50.0%) {33.3%}
590  -O                                                                        (1 = 16.7%) {83.3%}
777  ... 

Histogram: V8.TurboFan1KTicks recorded 9 samples, mean = 35.3 (flags = 0x41)
0    O                                                                         (0 = 0.0%)
1    --O                                                                       (2 = 22.2%) {0.0%}
2    -O                                                                        (1 = 11.1%) {22.2%}
3    ... 
5    -O                                                                        (1 = 11.1%) {33.3%}
6    O                                                                         (0 = 0.0%) {44.4%}
7    -O                                                                        (1 = 11.1%) {44.4%}
8    ... 
15   -O                                                                        (1 = 11.1%) {55.6%}
16   ... 
37   -O                                                                        (1 = 11.1%) {66.7%}
39   ... 
45   -O                                                                        (1 = 11.1%) {77.8%}
47   ... 
198  -O                                                                        (1 = 11.1%) {88.9%}
208  ... 

Histogram: V8.TurboFanOptimizeConcurrentTotalTime recorded 8 samples, mean = 6300.5 (flags = 0x41)
0      ... 
391    --O                                                                       (2 = 25.0%) {0.0%}
542    O                                                                         (0 = 0.0%) {25.0%}
752    -O                                                                        (1 = 12.5%) {25.0%}
1043   ... 
2008   -O                                                                        (1 = 12.5%) {37.5%}
2786   -O                                                                        (1 = 12.5%) {50.0%}
3865   -O                                                                        (1 = 12.5%) {62.5%}
5362   O                                                                         (0 = 0.0%) {75.0%}
7439   -O                                                                        (1 = 12.5%) {75.0%}
10321  ... 
27562  -O                                                                        (1 = 12.5%) {87.5%}
38240  ... 

Histogram: V8.TurboFanOptimizeExecute recorded 8 samples, mean = 4769.4 (flags = 0x41)
0      ... 
340    -O                                                                        (1 = 12.5%) {0.0%}
448    --O                                                                       (2 = 25.0%) {12.5%}
590    O                                                                         (0 = 0.0%) {37.5%}
777    -O                                                                        (1 = 12.5%) {37.5%}
1023   -O                                                                        (1 = 12.5%) {50.0%}
1347   ... 
3077   -O                                                                        (1 = 12.5%) {62.5%}
4053   -O                                                                        (1 = 12.5%) {75.0%}
5338   ... 
21156  -O                                                                        (1 = 12.5%) {87.5%}
27864  ... 

Histogram: V8.TurboFanOptimizeFinalize recorded 8 samples, mean = 19.2 (flags = 0x41)
0   ... 
2   -O                                                                        (1 = 12.5%) {0.0%}
3   ... 
12  --O                                                                       (2 = 25.0%) {12.5%}
16  --O                                                                       (2 = 25.0%) {37.5%}
21  -O                                                                        (1 = 12.5%) {62.5%}
28  --O                                                                       (2 = 25.0%) {75.0%}
37  ... 

Histogram: V8.TurboFanOptimizeForOnStackReplacementExecute recorded 1 samples, mean = 20555.0 (flags = 0x41)
0      ... 
16063  -O                                                                        (1 = 100.0%) {0.0%}
21156  ... 

Histogram: V8.TurboFanOptimizeForOnStackReplacementFinalize recorded 1 samples, mean = 99.0 (flags = 0x41)
0   ... 
86  -O                                                                        (1 = 100.0%) {0.0%}
113 ... 

Histogram: V8.TurboFanOptimizeForOnStackReplacementPrepare recorded 1 samples, mean = 11.0 (flags = 0x41)
0  ... 
9  -O                                                                        (1 = 100.0%) {0.0%}
12 ... 

Histogram: V8.TurboFanOptimizeForOnStackReplacementTotalTime recorded 1 samples, mean = 29876.0 (flags = 0x41)
0      ... 
27562  -O                                                                        (1 = 100.0%) {0.0%}
38240  ... 

Histogram: V8.TurboFanOptimizePrepare recorded 8 samples, mean = 7.6 (flags = 0x41)
0   ... 
4   --O                                                                       (2 = 25.0%) {0.0%}
5   --O                                                                       (2 = 25.0%) {25.0%}
7   -O                                                                        (1 = 12.5%) {50.0%}
9   -O                                                                        (1 = 12.5%) {62.5%}
12  --O                                                                       (2 = 25.0%) {75.0%}
16  ... 

Histogram: V8.TurboFanOptimizeTotalBackground recorded 8 samples, mean = 4769.4 (flags = 0x41)
0      ... 
282    -O                                                                        (1 = 12.5%) {0.0%}
391    --O                                                                       (2 = 25.0%) {12.5%}
542    O                                                                         (0 = 0.0%) {37.5%}
752    -O                                                                        (1 = 12.5%) {37.5%}
1043   -O                                                                        (1 = 12.5%) {50.0%}
1447   ... 
2786   -O                                                                        (1 = 12.5%) {62.5%}
3865   -O                                                                        (1 = 12.5%) {75.0%}
5362   ... 
19866  -O                                                                        (1 = 12.5%) {87.5%}
27562  ... 

Histogram: V8.TurboFanOptimizeTotalForeground recorded 8 samples, mean = 26.9 (flags = 0x41)
0   ... 
8   -O                                                                        (1 = 12.5%) {0.0%}
11  O                                                                         (0 = 0.0%) {12.5%}
15  -O                                                                        (1 = 12.5%) {12.5%}
21  ----O                                                                     (4 = 50.0%) {25.0%}
29  O                                                                         (0 = 0.0%) {75.0%}
40  --O                                                                       (2 = 25.0%) {75.0%}
55  ... 

Histogram: V8.TurboFanOptimizeTotalTime recorded 8 samples, mean = 6300.5 (flags = 0x41)
0      ... 
391    --O                                                                       (2 = 25.0%) {0.0%}
542    O                                                                         (0 = 0.0%) {25.0%}
752    -O                                                                        (1 = 12.5%) {25.0%}
1043   ... 
2008   -O                                                                        (1 = 12.5%) {37.5%}
2786   -O                                                                        (1 = 12.5%) {50.0%}
3865   -O                                                                        (1 = 12.5%) {62.5%}
5362   O                                                                         (0 = 0.0%) {75.0%}
7439   -O                                                                        (1 = 12.5%) {75.0%}
10321  ... 
27562  -O                                                                        (1 = 12.5%) {87.5%}
38240  ... 

Histogram: Variations.ExtendedSafeMode.BeaconFileStateAtStartup recorded 1 samples, mean = 0.0 (flags = 0x41)
0  -O                                                                        (1 = 100.0%)
1  ... 

Histogram: Variations.ExtendedSafeMode.BeaconFileWrite recorded 2 samples, mean = 1.0 (flags = 0x41)
0  O                                                                         (0 = 0.0%)
1  --O                                                                       (2 = 100.0%) {0.0%}
2  O                                                                         (0 = 0.0%) {100.0%}

Histogram: Variations.ForcedFieldTrialsAtStartupForInternalsPage recorded 1 samples, mean = 0.0 (flags = 0x41)
0  -O                                                                        (1 = 100.0%)
1  ... 

Histogram: Variations.Headers.ExperimentCount recorded 92 samples, mean = 1.0 (flags = 0x41)
0  O                                                                         (0 = 0.0%)
1  ------------------------------------------------------------------------O (92 = 100.0%) {0.0%}
2  ... 

Histogram: Variations.Headers.HasLowEntropySourceValue recorded 92 samples, mean = 1.0 (flags = 0x41)
0  O                                                                         (0 = 0.0%)
1  ------------------------------------------------------------------------O (92 = 100.0%) {0.0%}
2  O                                                                         (0 = 0.0%) {100.0%}

Histogram: Variations.Headers.RequestContextCategory recorded 52 samples, mean = 3.9 (flags = 0x41)
0  -O                                                                        (1 = 1.9%)
1  ... 
4  ---------------------------------------------------O                      (51 = 98.1%) {1.9%}
5  ... 

Histogram: Variations.Headers.URLValidationResult.Append recorded 52 samples, mean = 2.0 (flags = 0x41)
0  ... 
2  ----------------------------------------------------O                     (52 = 100.0%) {0.0%}
3  ... 

Histogram: Variations.Headers.URLValidationResult.Remove recorded 3 samples, mean = 2.0 (flags = 0x41)
0  ... 
2  ---O                                                                      (3 = 100.0%) {0.0%}
3  ... 

Histogram: Variations.Limits.VariationKeySize.Default recorded 23 samples, mean = 0.0 (flags = 0x41)
0  -----------------------O                                                  (23 = 100.0%)
1  ... 

Histogram: Variations.LoadPermanentConsistencyCountryResult recorded 1 samples, mean = 0.0 (flags = 0x41)
0  -O                                                                        (1 = 100.0%)
1  ... 

Histogram: Variations.PolicyRestriction recorded 1 samples, mean = 0.0 (flags = 0x41)
0  -O                                                                        (1 = 100.0%)
1  ... 

Histogram: Variations.SafeMode.Streak.Crashes recorded 1 samples (flags = 0x41)
12  -O                                                                        (1 = 100.0%)

Histogram: Variations.SafeMode.Streak.FetchFailures recorded 1 samples (flags = 0x41)
0  -O                                                                        (1 = 100.0%)

Histogram: Variations.SeedUsage recorded 1 samples, mean = 12.0 (flags = 0x41)
0   ... 
12  -O                                                                        (1 = 100.0%) {0.0%}
13  O                                                                         (0 = 0.0%) {100.0%}

Histogram: Variations.UserChannel recorded 1 samples (flags = 0x41)
-1 -O                                                                        (1 = 100.0%)

Histogram: Views.Browser.NumColorProvidersInitializedDuringOnNativeThemeUpdated recorded 5 samples, mean = 0.0 (flags = 0x41)
0  -----O                                                                    (5 = 100.0%)
1  ... 

Histogram: Views.Browser.TimeSpentInitializingColorProvider recorded 3 samples, mean = 0.3 (flags = 0x41)
0  --O                                                                       (2 = 66.7%)
1  -O                                                                        (1 = 33.3%) {66.7%}
2  ... 

Histogram: Views.Browser.TimeSpentProcessingOnNativeThemeUpdatedEvent recorded 5 samples, mean = 0.0 (flags = 0x41)
0  -----O                                                                    (5 = 100.0%)
1  ... 

Histogram: Views.ColorProviderCacheSize recorded 3 samples, mean = 2.0 (flags = 0x41)
0  O                                                                         (0 = 0.0%)
1  -O                                                                        (1 = 33.3%) {0.0%}
2  -O                                                                        (1 = 33.3%) {33.3%}
3  -O                                                                        (1 = 33.3%) {66.7%}
4  ... 

Histogram: Viz.FrameSink.GpuBusyDuration recorded 1 samples, mean = 35120.0 (flags = 0x41)
0      ... 
33729  -O                                                                        (1 = 100.0%) {0.0%}
39071  ... 

Histogram: Viz.FrameSinkVideoCapturer.CaptureDuration recorded 1 samples, mean = 46.0 (flags = 0x41)
0   ... 
42  -O                                                                        (1 = 100.0%) {0.0%}
47  ... 

Histogram: Viz.FrameSinkVideoCapturer.CaptureSucceeded recorded 1 samples, mean = 1.0 (flags = 0x41)
0  O                                                                         (0 = 0.0%)
1  -O                                                                        (1 = 100.0%) {0.0%}
2  O                                                                         (0 = 0.0%) {100.0%}

Histogram: Viz.FrameSinkVideoCapturer.FrameResurrected recorded 1 samples, mean = 0.0 (flags = 0x41)
0  -O                                                                        (1 = 100.0%)
1  ... 

Histogram: Viz.FrameSinkVideoCapturer.RGBA.CaptureDuration recorded 1 samples, mean = 46.0 (flags = 0x41)
0   ... 
42  -O                                                                        (1 = 100.0%) {0.0%}
47  ... 

Histogram: Viz.FrameSinkVideoCapturer.RGBA.CaptureSucceeded recorded 1 samples, mean = 1.0 (flags = 0x41)
0  O                                                                         (0 = 0.0%)
1  -O                                                                        (1 = 100.0%) {0.0%}
2  O                                                                         (0 = 0.0%) {100.0%}

Histogram: Viz.FrameSinkVideoCapturer.ReserveFrameDuration recorded 1 samples, mean = 37.0 (flags = 0x41)
0   ... 
36  -O                                                                        (1 = 100.0%) {0.0%}
39  ... 

Histogram: Viz.FrameSinkVideoCapturer.TotalDuration recorded 1 samples, mean = 46.0 (flags = 0x41)
0   ... 
42  -O                                                                        (1 = 100.0%) {0.0%}
47  ... 

Histogram: WebAuthentication.Windows.KeyCredentialManagerSupported recorded 1 samples, mean = 0.0 (flags = 0x41)
0  -O                                                                        (1 = 100.0%)
1  ... 

Histogram: WebContentsObserver.DOMContentLoaded recorded 3 samples, mean = 0.0 (flags = 0x41)
0  ---O                                                                      (3 = 100.0%)
1  ... 

Histogram: WebContentsObserver.DidChangeVisibleSecurityState recorded 2 samples, mean = 0.0 (flags = 0x41)
0  --O                                                                       (2 = 100.0%)
1  ... 

Histogram: WebContentsObserver.DidFinishLoad recorded 3 samples, mean = 0.0 (flags = 0x41)
0  ---O                                                                      (3 = 100.0%)
1  ... 

Histogram: WebContentsObserver.DidFinishNavigation recorded 5 samples, mean = 0.8 (flags = 0x41)
0  ---O                                                                      (3 = 60.0%)
1  -O                                                                        (1 = 20.0%) {60.0%}
2  O                                                                         (0 = 0.0%) {80.0%}
3  -O                                                                        (1 = 20.0%) {80.0%}
4  ... 

Histogram: WebContentsObserver.DidFirstVisuallyNonEmptyPaint recorded 1 samples, mean = 0.0 (flags = 0x41)
0  -O                                                                        (1 = 100.0%)
1  ... 

Histogram: WebContentsObserver.DidRedirectNavigation recorded 1 samples, mean = 0.0 (flags = 0x41)
0  -O                                                                        (1 = 100.0%)
1  ... 

Histogram: WebContentsObserver.DidStartLoading recorded 1 samples, mean = 0.0 (flags = 0x41)
0  -O                                                                        (1 = 100.0%)
1  ... 

Histogram: WebContentsObserver.DidStartNavigation recorded 5 samples, mean = 0.2 (flags = 0x41)
0  ----O                                                                     (4 = 80.0%)
1  -O                                                                        (1 = 20.0%) {80.0%}
2  ... 

Histogram: WebContentsObserver.DidStartNavigation.MainFrame recorded 3 samples, mean = 0.3 (flags = 0x41)
0  --O                                                                       (2 = 66.7%)
1  -O                                                                        (1 = 33.3%) {66.7%}
2  ... 

Histogram: WebContentsObserver.DidStartNavigation.Subframe recorded 2 samples, mean = 0.0 (flags = 0x41)
0  --O                                                                       (2 = 100.0%)
1  ... 

Histogram: WebContentsObserver.DidStopLoading recorded 1 samples, mean = 0.0 (flags = 0x41)
0  -O                                                                        (1 = 100.0%)
1  ... 

Histogram: WebContentsObserver.DidUpdateNavigationHandleTiming recorded 5 samples, mean = 0.0 (flags = 0x41)
0  -----O                                                                    (5 = 100.0%)
1  ... 

Histogram: WebContentsObserver.LoadProgressChanged recorded 7 samples, mean = 0.0 (flags = 0x41)
0  -------O                                                                  (7 = 100.0%)
1  ... 

Histogram: WebContentsObserver.NavigationEntryChanged recorded 3 samples, mean = 0.0 (flags = 0x41)
0  ---O                                                                      (3 = 100.0%)
1  ... 

Histogram: WebContentsObserver.NavigationEntryCommitted recorded 2 samples, mean = 0.0 (flags = 0x41)
0  --O                                                                       (2 = 100.0%)
1  ... 

Histogram: WebContentsObserver.PrimaryMainDocumentElementAvailable recorded 1 samples, mean = 0.0 (flags = 0x41)
0  -O                                                                        (1 = 100.0%)
1  ... 

Histogram: WebContentsObserver.RenderFrameCreated recorded 4 samples, mean = 0.2 (flags = 0x41)
0  ---O                                                                      (3 = 75.0%)
1  -O                                                                        (1 = 25.0%) {75.0%}
2  ... 

Histogram: WebContentsObserver.RenderFrameDeleted recorded 4 samples, mean = 0.0 (flags = 0x41)
0  ----O                                                                     (4 = 100.0%)
1  ... 

Histogram: WebContentsObserver.RenderViewReady recorded 2 samples, mean = 0.0 (flags = 0x41)
0  --O                                                                       (2 = 100.0%)
1  ... 

Histogram: WebContentsObserver.TitleWasSet recorded 1 samples, mean = 0.0 (flags = 0x41)
0  -O                                                                        (1 = 100.0%)
1  ... 

Histogram: WebCore.Scripts.Async.StartedStreaming recorded 26 samples, mean = 1.0 (flags = 0x41)
0  O                                                                         (0 = 0.0%)
1  --------------------------O                                               (26 = 100.0%) {0.0%}
2  O                                                                         (0 = 0.0%) {100.0%}

Histogram: WebCore.Scripts.Other.NotStreamingReason recorded 17 samples, mean = 11.0 (flags = 0x41)
0   ... 
11  -----------------O                                                        (17 = 100.0%) {0.0%}
12  ... 

Histogram: WebCore.Scripts.Other.StartedStreaming recorded 17 samples, mean = 0.0 (flags = 0x41)
0  -----------------O                                                        (17 = 100.0%)
1  ... 

Histogram: WebCore.Scripts.V8CodeCacheMetadata.Get recorded 49 samples, mean = 0.0 (flags = 0x41)
0  -------------------------------------------------O                        (49 = 100.0%)
1  ... 

Histogram: WebCore.Scripts.V8CodeCacheMetadata.Set recorded 23 samples, mean = 0.0 (flags = 0x41)
0  -----------------------O                                                  (23 = 100.0%)
1  ... 

Histogram: WebCore.Scripts.V8CompileHintsStatus recorded 44 samples, mean = 10.4 (flags = 0x41)
0   ... 
10  --------------------------O                                               (26 = 59.1%) {0.0%}
11  ------------------O                                                       (18 = 40.9%) {59.1%}
12  ... 

Histogram: WebCore.Scripts.V8CrowdsourcedCompileHints.ModelQuality recorded 1 samples, mean = 0.0 (flags = 0x41)
0  -O                                                                        (1 = 100.0%)
1  ... 

Histogram: WebDatabase.InitResult recorded 2 samples, mean = 0.0 (flags = 0x41)
0  --O                                                                       (2 = 100.0%)
1  ... 

Histogram: WebFont.CacheHit recorded 5 samples, mean = 0.6 (flags = 0x41)
0  ----O                                                                     (4 = 80.0%)
1  ... 
3  -O                                                                        (1 = 20.0%) {80.0%}
4  O                                                                         (0 = 0.0%) {100.0%}

Histogram: WebFont.Clients.RenderBlockingFonts.ExpiredFonts recorded 1 samples, mean = 1.0 (flags = 0x41)
0  O                                                                         (0 = 0.0%)
1  -O                                                                        (1 = 100.0%) {0.0%}
2  O                                                                         (0 = 0.0%) {100.0%}

Histogram: WebFont.HadBlankText recorded 1 samples, mean = 0.0 (flags = 0x41)
0  -O                                                                        (1 = 100.0%)
1  ... 

Histogram: WebFont.LocalFontUsed recorded 1 samples, mean = 1.0 (flags = 0x41)
0  O                                                                         (0 = 0.0%)
1  -O                                                                        (1 = 100.0%) {0.0%}
2  O                                                                         (0 = 0.0%) {100.0%}

Histogram: Windows.AcLayersLoaded recorded 1 samples, mean = 0.0 (flags = 0x41)
0  -O                                                                        (1 = 100.0%)
1  ... 

Histogram: Windows.CetAvailable recorded 1 samples, mean = 1.0 (flags = 0x41)
0  O                                                                         (0 = 0.0%)
1  -O                                                                        (1 = 100.0%) {0.0%}
2  O                                                                         (0 = 0.0%) {100.0%}

Histogram: Windows.CetEnabled recorded 1 samples, mean = 0.0 (flags = 0x41)
0  -O                                                                        (1 = 100.0%)
1  ... 

Histogram: Windows.DisplayIdFromDeviceId recorded 10 samples, mean = 3.0 (flags = 0x41)
0  ... 
3  ----------O                                                               (10 = 100.0%) {0.0%}
4  O                                                                         (0 = 0.0%) {100.0%}

Histogram: Windows.DisplayIdFromDeviceKey recorded 10 samples, mean = 3.0 (flags = 0x41)
0  ... 
3  ----------O                                                               (10 = 100.0%) {0.0%}
4  O                                                                         (0 = 0.0%) {100.0%}

Histogram: Windows.Enclave.SGX.Available recorded 1 samples, mean = 0.0 (flags = 0x41)
0  -O                                                                        (1 = 100.0%)
1  ... 

Histogram: Windows.Enclave.SGX2.Available recorded 1 samples, mean = 0.0 (flags = 0x41)
0  -O                                                                        (1 = 100.0%)
1  ... 

Histogram: Windows.Enclave.VBS.Available recorded 1 samples, mean = 1.0 (flags = 0x41)
0  O                                                                         (0 = 0.0%)
1  -O                                                                        (1 = 100.0%) {0.0%}
2  O                                                                         (0 = 0.0%) {100.0%}

Histogram: Windows.Enclave.VBSBasic.Available recorded 1 samples, mean = 0.0 (flags = 0x41)
0  -O                                                                        (1 = 100.0%)
1  ... 

Histogram: Windows.HasHighResolutionTimeTicks recorded 1 samples, mean = 1.0 (flags = 0x41)
0  O                                                                         (0 = 0.0%)
1  -O                                                                        (1 = 100.0%) {0.0%}
2  O                                                                         (0 = 0.0%) {100.0%}

Histogram: Windows.HasThreadTicks recorded 1 samples, mean = 1.0 (flags = 0x41)
0  O                                                                         (0 = 0.0%)
1  -O                                                                        (1 = 100.0%) {0.0%}
2  O                                                                         (0 = 0.0%) {100.0%}

Histogram: Windows.HighResolutionTimerUsage recorded 18 samples, mean = 0.0 (flags = 0x41)
0  ------------------O                                                       (18 = 100.0%)
1  ... 

Histogram: Windows.HypervPresent recorded 1 samples, mean = 1.0 (flags = 0x41)
0  O                                                                         (0 = 0.0%)
1  -O                                                                        (1 = 100.0%) {0.0%}
2  O                                                                         (0 = 0.0%) {100.0%}

Histogram: Windows.LegacyDisplayIdAlgorithm recorded 24 samples, mean = 0.0 (flags = 0x41)
0  ------------------------O                                                 (24 = 100.0%)
1  ... 

Histogram: Windows.ParallelDllLoadingEnabled recorded 1 samples, mean = 1.0 (flags = 0x41)
0  O                                                                         (0 = 0.0%)
1  -O                                                                        (1 = 100.0%) {0.0%}
2  O                                                                         (0 = 0.0%) {100.0%}

Histogram: Windows.PatchLevel recorded 1 samples (flags = 0x41)
1717051855  -O                                                                        (1 = 100.0%)

Histogram: Windows.PatchLevelKernel32 recorded 1 samples (flags = 0x41)
1710498121  -O                                                                        (1 = 100.0%)

Histogram: Windows.ProcessorFamily recorded 1 samples (flags = 0x41)
107  -O                                                                        (1 = 100.0%)

Histogram: Windows.ProcessorVirtualizationFirmwareEnabled recorded 1 samples, mean = 1.0 (flags = 0x41)
0  O                                                                         (0 = 0.0%)
1  -O                                                                        (1 = 100.0%) {0.0%}
2  O                                                                         (0 = 0.0%) {100.0%}


